     shots,    errors,  discards, seconds,decoder,strong_id,json_metadata,custom_counts
     22801,       395,         0,   0.009,pymatching,a1cc54e7f63eb25d3753309037dc8936e23643a35af2aa50b4c60fd09ec92371,"{""d"":3,""model"":""phenomenological"",""p"":0.015}",
     14609,       886,         0,   0.010,pymatching,4904b1b4021b2537b97e0c7c03844626c205e739f5edd8f7990dd47c57e1399f,"{""d"":3,""model"":""phenomenological"",""p"":0.03}",
      2048,       127,         0,   0.001,pymatching,4904b1b4021b2537b97e0c7c03844626c205e739f5edd8f7990dd47c57e1399f,"{""d"":3,""model"":""phenomenological"",""p"":0.03}",
      6417,        37,         0,   0.011,pymatching,12f4ab49c3773392a3a8ab29252d124d25b80aa7415342fb0438871ad76eac8e,"{""d"":5,""model"":""measurement"",""p"":0.03}",
     16657,       853,         0,   0.010,pymatching,11f8418017d82f8aa7ce5a285758e7f158a7c301bf76724016d3f54b945528b5,"{""d"":3,""model"":""measurement"",""p"":0.06}",
      9489,      1118,         0,   0.008,pymatching,373b3881ae696963309929a44388f1a956e978268a802ed8ea3ec15092808f9e,"{""d"":3,""model"":""measurement"",""p"":0.1}",
      2321,         0,         0,   0.013,pymatching,8407028e38ab80c5f461f56566276bae40a0814bc899a34e1aaa9345eb22cef3,"{""d"":9,""model"":""measurement"",""p"":0.013}",
      3345,         0,         0,   0.013,pymatching,d8cc9c2aa429a5713ed477b1939a2eff819cd7386a3ff93fdca7863794e89a3c,"{""d"":9,""model"":""measurement"",""p"":0.005}",
      4096,       199,         0,   0.002,pymatching,11f8418017d82f8aa7ce5a285758e7f158a7c301bf76724016d3f54b945528b5,"{""d"":3,""model"":""measurement"",""p"":0.06}",
     32768,       593,         0,   0.012,pymatching,a1cc54e7f63eb25d3753309037dc8936e23643a35af2aa50b4c60fd09ec92371,"{""d"":3,""model"":""phenomenological"",""p"":0.015}",
      1024,        21,         0,   0.000,pymatching,a1cc54e7f63eb25d3753309037dc8936e23643a35af2aa50b4c60fd09ec92371,"{""d"":3,""model"":""phenomenological"",""p"":0.015}",
     43281,        22,         0,   0.008,pymatching,66dcdf13f1b81144a9110c41a4bb1cb3517cbb4bc95d19299a0b786d19ede494,"{""d"":3,""model"":""measurement"",""p"":0.005}",
      3345,       131,         0,   0.010,pymatching,32573bf25de00cc684f47b4d3b3ee42b0511fd69613989b4fb014aba27ffcc31,"{""d"":5,""model"":""measurement"",""p"":0.06}",
     21777,        90,         0,   0.006,pymatching,cb5fe018d883a9f5fbf15401d593a44affe89fd5712b8f26c28a893eec2a75da,"{""d"":3,""model"":""measurement"",""p"":0.015}",
       273,       123,         0,   0.017,pymatching,eefee862b4b965e42fa12a521f3231a23f45df498132ed091105c095a821d5fd,"{""d"":9,""model"":""measurement"",""p"":0.2}",
      4369,      1288,         0,   0.007,pymatching,0062aa88147a2b9cfca42f1305b6810242e65dbc0d1be16671591ebcd9c9a524,"{""d"":3,""model"":""measurement"",""p"":0.2}",
      5393,      1097,         0,   0.006,pymatching,06b1c0919bf4b10be544031bf45a8c972c63aedcc143b34daa1064deef6088b6,"{""d"":3,""model"":""phenomenological"",""p"":0.06}",
     27921,        83,         0,   0.007,pymatching,176a8805a8356ad966dcb74d91d363166f72704d5fe5af7ce08ec05df9aba210,"{""d"":3,""model"":""measurement"",""p"":0.013}",
     21777,       200,         0,   0.007,pymatching,6d63ad150e568d861e131cdf5e129c2fe54b9991191471e2fb46188c1a0f6c56,"{""d"":3,""model"":""measurement"",""p"":0.024}",
      1297,        38,         0,   0.021,pymatching,0f3f19e284c5c740800ea1592bfb4a84bfc51a7b6bc05a1014545da6e4764558,"{""d"":9,""model"":""measurement"",""p"":0.06}",
      3345,        48,         0,   0.007,pymatching,24bb0e66de9a0f628866badee69c4ba607579bd6fd819085b3070e124049b5a3,"{""d"":5,""model"":""measurement"",""p"":0.04}",
      1297,         7,         0,   0.008,pymatching,13584eaf5e358d7ebef9cdf2577580a259cd1f132eaea8c7c437d3061af1c70f,"{""d"":7,""model"":""measurement"",""p"":0.04}",
      7441,         3,         0,   0.008,pymatching,39cf4456944e3f3dfe370af854528428246812e2937b4221548c557c0530e9ae,"{""d"":5,""model"":""measurement"",""p"":0.015}",
      5393,         0,         0,   0.008,pymatching,586f9f9e4edf15d86c032507ab490a443e4976c49adfd4546d9fd533639467ef,"{""d"":7,""model"":""measurement"",""p"":0.01}",
      8192,        51,         0,   0.013,pymatching,12f4ab49c3773392a3a8ab29252d124d25b80aa7415342fb0438871ad76eac8e,"{""d"":5,""model"":""measurement"",""p"":0.03}",
     19729,       467,         0,   0.008,pymatching,7e42031d2580d235dc05dd6368ebfe8721cb00ccaf9ecb92c50e1336afbe7f71,"{""d"":3,""model"":""measurement"",""p"":0.04}",
     36113,        72,         0,   0.008,pymatching,242aed24d7c28c112d33b16c2fcfbec262fd990075e5458d03092fd8e01e071a,"{""d"":3,""model"":""phenomenological"",""p"":0.005}",
      9489,         4,         0,   0.009,pymatching,a11960e1ee7b1cb50e20b632f672e958d2f1781c86082da0a06c89a3542b6f3a,"{""d"":5,""model"":""measurement"",""p"":0.013}",
      1297,       492,         0,   0.010,pymatching,0d551e4fe60207f44440e84dff887f4c1c3050fd2ca39b7b32b7e77393b17e85,"{""d"":5,""model"":""measurement"",""p"":0.2}",
     10513,      1095,         0,   0.008,pymatching,3a18dd3d4ba50bdb93a4546d66f3d56acaceb21a37b5853e12f1f4fded77d7cc,"{""d"":3,""model"":""phenomenological"",""p"":0.04}",
      3345,         0,         0,   0.011,pymatching,f8b16c1db98fb154e268a37dcebc8c5eacbd03993daab091f051fc9a559c4e8e,"{""d"":9,""model"":""measurement"",""p"":0.01}",
      3072,         0,         0,   0.011,pymatching,8407028e38ab80c5f461f56566276bae40a0814bc899a34e1aaa9345eb22cef3,"{""d"":9,""model"":""measurement"",""p"":0.013}",
      1297,        47,         0,   0.011,pymatching,bfff9222dc92ca093c9d6bbf8e359bdc80940ee47bad71b9d1226c3c9b6351bb,"{""d"":7,""model"":""measurement"",""p"":0.06}",
      7441,        32,         0,   0.011,pymatching,2d5dbfb35e1be9aa4a136a62bd05cad7fefb44fd4b0f1f5c7d19f23221336875,"{""d"":5,""model"":""measurement"",""p"":0.024}",
     30993,       265,         0,   0.009,pymatching,b59e99acfedf06e3c2afef1b642a70a2b883a63c48502093a96e923058b08ce7,"{""d"":3,""model"":""phenomenological"",""p"":0.01}",
     26897,       360,         0,   0.009,pymatching,13ea90f9626246f7a58c7eb9f66519bcea2316d47bd083f9ad96b7d028f4b3fd,"{""d"":3,""model"":""measurement"",""p"":0.03}",
     26897,       385,         0,   0.009,pymatching,53c54eaa90642ef0e6c09ece7da64433658b7bba9159665e23763056cf463c91,"{""d"":3,""model"":""phenomenological"",""p"":0.013}",
      2321,       284,         0,   0.011,pymatching,5a515d5af135142f49b3d7322b37f0cfa6287cdd3c2fd0fad9384ab6f179ee10,"{""d"":5,""model"":""measurement"",""p"":0.1}",
      4369,         0,         0,   0.010,pymatching,188ca1ce397017a5ad1d1e345daf924e6f5d2ee6c3beaadb4f002a574dc22ba8,"{""d"":7,""model"":""measurement"",""p"":0.013}",
      1297,       177,         0,   0.017,pymatching,8eb4e7b356e4cd9ba675cc24315b348340393905f33349dfaa43d0d22ff514b5,"{""d"":7,""model"":""measurement"",""p"":0.1}",
     17681,       759,         0,   0.009,pymatching,cb6de51083b25e218455dd535723fb0136fb96142426644cf9314ba84dc9127a,"{""d"":3,""model"":""phenomenological"",""p"":0.024}",
      5393,         0,         0,   0.011,pymatching,31f145f171069341c9c03bd8c5be13721d2af1d73cb9909ae960018268899e4e,"{""d"":7,""model"":""measurement"",""p"":0.015}",
      4096,         0,         0,   0.014,pymatching,d8cc9c2aa429a5713ed477b1939a2eff819cd7386a3ff93fdca7863794e89a3c,"{""d"":9,""model"":""measurement"",""p"":0.005}",
      2321,         3,         0,   0.009,pymatching,723e5099025a0d91ce91848873c95bcb44aff0f98fa9e682e57f16654a44ea66,"{""d"":7,""model"":""measurement"",""p"":0.024}",
     41233,        77,         0,   0.009,pymatching,a85f2656d604c12fe9dc4441b04fd8f94e98dafd4107c609a34ca8d5e0bea5f9,"{""d"":3,""model"":""measurement"",""p"":0.01}",
      5393,         1,         0,   0.010,pymatching,769b0381ba69a0542c9985f90da82846fd031e8eb69e3de4a1cce452c519a17f,"{""d"":7,""model"":""measurement"",""p"":0.005}",
      1297,         4,         0,   0.016,pymatching,b151567ff0e3dea49e4dff91709c6765ffe99191979b5cc1160d9f286542bab9,"{""d"":9,""model"":""measurement"",""p"":0.04}",
      6144,       267,         0,   0.003,pymatching,cb6de51083b25e218455dd535723fb0136fb96142426644cf9314ba84dc9127a,"{""d"":3,""model"":""phenomenological"",""p"":0.024}",
     23552,       537,         0,   0.009,pymatching,7e42031d2580d235dc05dd6368ebfe8721cb00ccaf9ecb92c50e1336afbe7f71,"{""d"":3,""model"":""measurement"",""p"":0.04}",
     72704,        27,         0,   0.012,pymatching,66dcdf13f1b81144a9110c41a4bb1cb3517cbb4bc95d19299a0b786d19ede494,"{""d"":3,""model"":""measurement"",""p"":0.005}",
     11537,         2,         0,   0.010,pymatching,cbcde2fc3c7fda2308774b9a093e0ea67e727f342979225b679d2fb0572bb908,"{""d"":5,""model"":""measurement"",""p"":0.01}",
     54272,       241,         0,   0.013,pymatching,cb5fe018d883a9f5fbf15401d593a44affe89fd5712b8f26c28a893eec2a75da,"{""d"":3,""model"":""measurement"",""p"":0.015}",
      2321,         5,         0,   0.011,pymatching,8343e9ec91b65ab500718f9986d86080d46172755d1ad7e4b7f7738d882a8836,"{""d"":7,""model"":""measurement"",""p"":0.03}",
      5120,       224,         0,   0.015,pymatching,32573bf25de00cc684f47b4d3b3ee42b0511fd69613989b4fb014aba27ffcc31,"{""d"":5,""model"":""measurement"",""p"":0.06}",
      3345,      1128,         0,   0.006,pymatching,c81026fda5efefc10cab5cb709e0d4ae83920543cca16badb2a3eeb603a65daa,"{""d"":3,""model"":""phenomenological"",""p"":0.1}",
     58368,       134,         0,   0.013,pymatching,176a8805a8356ad966dcb74d91d363166f72704d5fe5af7ce08ec05df9aba210,"{""d"":3,""model"":""measurement"",""p"":0.013}",
     45056,       408,         0,   0.013,pymatching,6d63ad150e568d861e131cdf5e129c2fe54b9991191471e2fb46188c1a0f6c56,"{""d"":3,""model"":""measurement"",""p"":0.024}",
     13585,         0,         0,   0.009,pymatching,4cd6019316022fc0eb77e5937db2dcb0f4078e68e5c997ec33dd6d691e235ad4,"{""d"":5,""model"":""measurement"",""p"":0.005}",
      7168,        91,         0,   0.014,pymatching,24bb0e66de9a0f628866badee69c4ba607579bd6fd819085b3070e124049b5a3,"{""d"":5,""model"":""measurement"",""p"":0.04}",
     14336,         8,         0,   0.014,pymatching,39cf4456944e3f3dfe370af854528428246812e2937b4221548c557c0530e9ae,"{""d"":5,""model"":""measurement"",""p"":0.015}",
      2048,       790,         0,   0.013,pymatching,0d551e4fe60207f44440e84dff887f4c1c3050fd2ca39b7b32b7e77393b17e85,"{""d"":5,""model"":""measurement"",""p"":0.2}",
     60416,       125,         0,   0.013,pymatching,242aed24d7c28c112d33b16c2fcfbec262fd990075e5458d03092fd8e01e071a,"{""d"":3,""model"":""phenomenological"",""p"":0.005}",
      9216,         0,         0,   0.015,pymatching,586f9f9e4edf15d86c032507ab490a443e4976c49adfd4546d9fd533639467ef,"{""d"":7,""model"":""measurement"",""p"":0.01}",
     15360,         9,         0,   0.014,pymatching,a11960e1ee7b1cb50e20b632f672e958d2f1781c86082da0a06c89a3542b6f3a,"{""d"":5,""model"":""measurement"",""p"":0.013}",
      2321,         0,         0,   0.015,pymatching,86b3858361a196bf75ce5c91e577522977558d7accbb131be9c1cd69c3ad677c,"{""d"":9,""model"":""measurement"",""p"":0.015}",
      1024,        22,         0,   0.017,pymatching,0f3f19e284c5c740800ea1592bfb4a84bfc51a7b6bc05a1014545da6e4764558,"{""d"":9,""model"":""measurement"",""p"":0.06}",
      3072,        19,         0,   0.017,pymatching,13584eaf5e358d7ebef9cdf2577580a259cd1f132eaea8c7c437d3061af1c70f,"{""d"":7,""model"":""measurement"",""p"":0.04}",
      5120,         0,         0,   0.014,pymatching,f8b16c1db98fb154e268a37dcebc8c5eacbd03993daab091f051fc9a559c4e8e,"{""d"":9,""model"":""measurement"",""p"":0.01}",
      1297,         0,         0,   0.011,pymatching,8678eab7326d29e104480c44e90c8a2ae11ef0505db82d042f3a122b8db45a94,"{""d"":9,""model"":""measurement"",""p"":0.024}",
     38912,       543,         0,   0.013,pymatching,13ea90f9626246f7a58c7eb9f66519bcea2316d47bd083f9ad96b7d028f4b3fd,"{""d"":3,""model"":""measurement"",""p"":0.03}",
     10240,        35,         0,   0.014,pymatching,2d5dbfb35e1be9aa4a136a62bd05cad7fefb44fd4b0f1f5c7d19f23221336875,"{""d"":5,""model"":""measurement"",""p"":0.024}",
     46080,       405,         0,   0.013,pymatching,b59e99acfedf06e3c2afef1b642a70a2b883a63c48502093a96e923058b08ce7,"{""d"":3,""model"":""phenomenological"",""p"":0.01}",
     39936,       578,         0,   0.013,pymatching,53c54eaa90642ef0e6c09ece7da64433658b7bba9159665e23763056cf463c91,"{""d"":3,""model"":""phenomenological"",""p"":0.013}",
      1297,         0,         0,   0.013,pymatching,71f0e8e60579fb78e4677335b45c87aae0f1d77fe4d0b974f4b8ab207eef994f,"{""d"":9,""model"":""measurement"",""p"":0.03}",
      9216,         1,         0,   0.014,pymatching,188ca1ce397017a5ad1d1e345daf924e6f5d2ee6c3beaadb4f002a574dc22ba8,"{""d"":7,""model"":""measurement"",""p"":0.013}",
      3072,        38,         0,   0.001,pymatching,53c54eaa90642ef0e6c09ece7da64433658b7bba9159665e23763056cf463c91,"{""d"":3,""model"":""phenomenological"",""p"":0.013}",
      3072,       416,         0,   0.014,pymatching,5a515d5af135142f49b3d7322b37f0cfa6287cdd3c2fd0fad9384ab6f179ee10,"{""d"":5,""model"":""measurement"",""p"":0.1}",
      2048,        67,         0,   0.016,pymatching,bfff9222dc92ca093c9d6bbf8e359bdc80940ee47bad71b9d1226c3c9b6351bb,"{""d"":7,""model"":""measurement"",""p"":0.06}",
      6144,       102,         0,   0.002,pymatching,13ea90f9626246f7a58c7eb9f66519bcea2316d47bd083f9ad96b7d028f4b3fd,"{""d"":3,""model"":""measurement"",""p"":0.03}",
     12288,        74,         0,   0.020,pymatching,12f4ab49c3773392a3a8ab29252d124d25b80aa7415342fb0438871ad76eac8e,"{""d"":5,""model"":""measurement"",""p"":0.03}",
     63488,       127,         0,   0.013,pymatching,a85f2656d604c12fe9dc4441b04fd8f94e98dafd4107c609a34ca8d5e0bea5f9,"{""d"":3,""model"":""measurement"",""p"":0.01}",
     12288,         0,         0,   0.014,pymatching,769b0381ba69a0542c9985f90da82846fd031e8eb69e3de4a1cce452c519a17f,"{""d"":7,""model"":""measurement"",""p"":0.005}",
      9216,         0,         0,   0.015,pymatching,31f145f171069341c9c03bd8c5be13721d2af1d73cb9909ae960018268899e4e,"{""d"":7,""model"":""measurement"",""p"":0.015}",
      4096,         6,         0,   0.015,pymatching,723e5099025a0d91ce91848873c95bcb44aff0f98fa9e682e57f16654a44ea66,"{""d"":7,""model"":""measurement"",""p"":0.024}",
      6144,         0,         0,   0.021,pymatching,8407028e38ab80c5f461f56566276bae40a0814bc899a34e1aaa9345eb22cef3,"{""d"":9,""model"":""measurement"",""p"":0.013}",
     17408,         6,         0,   0.014,pymatching,cbcde2fc3c7fda2308774b9a093e0ea67e727f342979225b679d2fb0572bb908,"{""d"":5,""model"":""measurement"",""p"":0.01}",
      8192,         0,         0,   0.020,pymatching,d8cc9c2aa429a5713ed477b1939a2eff819cd7386a3ff93fdca7863794e89a3c,"{""d"":9,""model"":""measurement"",""p"":0.005}",
      1297,       530,         0,   0.033,pymatching,830fc0afe84486d9cc8426f57d8532436d765814c99ff3a151421e63f573ed47,"{""d"":7,""model"":""measurement"",""p"":0.2}",
     41984,       395,         0,   0.012,pymatching,6d63ad150e568d861e131cdf5e129c2fe54b9991191471e2fb46188c1a0f6c56,"{""d"":3,""model"":""measurement"",""p"":0.024}",
     21504,         0,         0,   0.014,pymatching,4cd6019316022fc0eb77e5937db2dcb0f4078e68e5c997ec33dd6d691e235ad4,"{""d"":5,""model"":""measurement"",""p"":0.005}",
      3072,       384,         0,   0.009,pymatching,5a515d5af135142f49b3d7322b37f0cfa6287cdd3c2fd0fad9384ab6f179ee10,"{""d"":5,""model"":""measurement"",""p"":0.1}",
     37888,       335,         0,   0.011,pymatching,b59e99acfedf06e3c2afef1b642a70a2b883a63c48502093a96e923058b08ce7,"{""d"":3,""model"":""phenomenological"",""p"":0.01}",
      2321,      1134,         0,   0.007,pymatching,6d6181d2ab8d0f426a9a1fb04a438c300d7ebd6785eb0ee54fb3e07b2f0a2e8a,"{""d"":3,""model"":""phenomenological"",""p"":0.2}",
      2048,       272,         0,   0.025,pymatching,8eb4e7b356e4cd9ba675cc24315b348340393905f33349dfaa43d0d22ff514b5,"{""d"":7,""model"":""measurement"",""p"":0.1}",
      4096,         9,         0,   0.018,pymatching,8343e9ec91b65ab500718f9986d86080d46172755d1ad7e4b7f7738d882a8836,"{""d"":7,""model"":""measurement"",""p"":0.03}",
    103424,        44,         0,   0.018,pymatching,66dcdf13f1b81144a9110c41a4bb1cb3517cbb4bc95d19299a0b786d19ede494,"{""d"":3,""model"":""measurement"",""p"":0.005}",
      2048,         5,         0,   0.023,pymatching,b151567ff0e3dea49e4dff91709c6765ffe99191979b5cc1160d9f286542bab9,"{""d"":9,""model"":""measurement"",""p"":0.04}",
     76800,       302,         0,   0.018,pymatching,cb5fe018d883a9f5fbf15401d593a44affe89fd5712b8f26c28a893eec2a75da,"{""d"":3,""model"":""measurement"",""p"":0.015}",
      1297,       172,         0,   0.037,pymatching,1aa6f0a1a0b40cb090fe871e9d329e51266dfb25556660251a089a20a606b108,"{""d"":9,""model"":""measurement"",""p"":0.1}",
     81920,       253,         0,   0.018,pymatching,176a8805a8356ad966dcb74d91d363166f72704d5fe5af7ce08ec05df9aba210,"{""d"":3,""model"":""measurement"",""p"":0.013}",
      2048,         4,         0,   0.015,pymatching,8678eab7326d29e104480c44e90c8a2ae11ef0505db82d042f3a122b8db45a94,"{""d"":9,""model"":""measurement"",""p"":0.024}",
      3072,         0,         0,   0.017,pymatching,86b3858361a196bf75ce5c91e577522977558d7accbb131be9c1cd69c3ad677c,"{""d"":9,""model"":""measurement"",""p"":0.015}",
      8192,       330,         0,   0.021,pymatching,32573bf25de00cc684f47b4d3b3ee42b0511fd69613989b4fb014aba27ffcc31,"{""d"":5,""model"":""measurement"",""p"":0.06}",
     19456,        17,         0,   0.019,pymatching,39cf4456944e3f3dfe370af854528428246812e2937b4221548c557c0530e9ae,"{""d"":5,""model"":""measurement"",""p"":0.015}",
     10513,         6,         0,   0.010,pymatching,77b3fd925c651b73b67cfff8f69a7fb2d307db306949b42bf55f40e96c6858ef,"{""d"":5,""model"":""phenomenological"",""p"":0.005}",
     84992,       199,         0,   0.018,pymatching,242aed24d7c28c112d33b16c2fcfbec262fd990075e5458d03092fd8e01e071a,"{""d"":3,""model"":""phenomenological"",""p"":0.005}",
     10240,       136,         0,   0.020,pymatching,24bb0e66de9a0f628866badee69c4ba607579bd6fd819085b3070e124049b5a3,"{""d"":5,""model"":""measurement"",""p"":0.04}",
     21504,        16,         0,   0.020,pymatching,a11960e1ee7b1cb50e20b632f672e958d2f1781c86082da0a06c89a3542b6f3a,"{""d"":5,""model"":""measurement"",""p"":0.013}",
      2048,         4,         0,   0.018,pymatching,71f0e8e60579fb78e4677335b45c87aae0f1d77fe4d0b974f4b8ab207eef994f,"{""d"":9,""model"":""measurement"",""p"":0.03}",
     15360,         0,         0,   0.020,pymatching,586f9f9e4edf15d86c032507ab490a443e4976c49adfd4546d9fd533639467ef,"{""d"":7,""model"":""measurement"",""p"":0.01}",
      5120,         0,         0,   0.020,pymatching,f8b16c1db98fb154e268a37dcebc8c5eacbd03993daab091f051fc9a559c4e8e,"{""d"":9,""model"":""measurement"",""p"":0.01}",
     14336,        43,         0,   0.019,pymatching,2d5dbfb35e1be9aa4a136a62bd05cad7fefb44fd4b0f1f5c7d19f23221336875,"{""d"":5,""model"":""measurement"",""p"":0.024}",
      4096,        33,         0,   0.022,pymatching,13584eaf5e358d7ebef9cdf2577580a259cd1f132eaea8c7c437d3061af1c70f,"{""d"":7,""model"":""measurement"",""p"":0.04}",
     13312,         1,         0,   0.020,pymatching,188ca1ce397017a5ad1d1e345daf924e6f5d2ee6c3beaadb4f002a574dc22ba8,"{""d"":7,""model"":""measurement"",""p"":0.013}",
     88064,       162,         0,   0.018,pymatching,a85f2656d604c12fe9dc4441b04fd8f94e98dafd4107c609a34ca8d5e0bea5f9,"{""d"":3,""model"":""measurement"",""p"":0.01}",
     19456,         0,         0,   0.020,pymatching,769b0381ba69a0542c9985f90da82846fd031e8eb69e3de4a1cce452c519a17f,"{""d"":7,""model"":""measurement"",""p"":0.005}",
     12288,         2,         0,   0.022,pymatching,31f145f171069341c9c03bd8c5be13721d2af1d73cb9909ae960018268899e4e,"{""d"":7,""model"":""measurement"",""p"":0.015}",
      3072,        88,         0,   0.025,pymatching,bfff9222dc92ca093c9d6bbf8e359bdc80940ee47bad71b9d1226c3c9b6351bb,"{""d"":7,""model"":""measurement"",""p"":0.06}",
      6144,        10,         0,   0.022,pymatching,723e5099025a0d91ce91848873c95bcb44aff0f98fa9e682e57f16654a44ea66,"{""d"":7,""model"":""measurement"",""p"":0.024}",
     24576,         9,         0,   0.020,pymatching,cbcde2fc3c7fda2308774b9a093e0ea67e727f342979225b679d2fb0572bb908,"{""d"":5,""model"":""measurement"",""p"":0.01}",
     10513,        31,         0,   0.010,pymatching,dfdd9d4714f7324ef1c199bdb729b6140f70d8bc6b32afa6c61ad9d3cbb6d225,"{""d"":5,""model"":""phenomenological"",""p"":0.01}",
      1024,       420,         0,   0.021,pymatching,830fc0afe84486d9cc8426f57d8532436d765814c99ff3a151421e63f573ed47,"{""d"":7,""model"":""measurement"",""p"":0.2}",
     30720,         0,         0,   0.019,pymatching,4cd6019316022fc0eb77e5937db2dcb0f4078e68e5c997ec33dd6d691e235ad4,"{""d"":5,""model"":""measurement"",""p"":0.005}",
      8192,       346,         0,   0.015,pymatching,32573bf25de00cc684f47b4d3b3ee42b0511fd69613989b4fb014aba27ffcc31,"{""d"":5,""model"":""measurement"",""p"":0.06}",
     15360,         5,         0,   0.014,pymatching,77b3fd925c651b73b67cfff8f69a7fb2d307db306949b42bf55f40e96c6858ef,"{""d"":5,""model"":""phenomenological"",""p"":0.005}",
      2048,        47,         0,   0.033,pymatching,0f3f19e284c5c740800ea1592bfb4a84bfc51a7b6bc05a1014545da6e4764558,"{""d"":9,""model"":""measurement"",""p"":0.06}",
     17408,       130,         0,   0.028,pymatching,12f4ab49c3773392a3a8ab29252d124d25b80aa7415342fb0438871ad76eac8e,"{""d"":5,""model"":""measurement"",""p"":0.03}",
      5393,        32,         0,   0.010,pymatching,b41ec325e90da16df4feac0f1c9aab57adb52a10c00c5b7feaa47293193f2925,"{""d"":5,""model"":""phenomenological"",""p"":0.013}",
      5120,        12,         0,   0.022,pymatching,8343e9ec91b65ab500718f9986d86080d46172755d1ad7e4b7f7738d882a8836,"{""d"":7,""model"":""measurement"",""p"":0.03}",
      8192,         0,         0,   0.029,pymatching,8407028e38ab80c5f461f56566276bae40a0814bc899a34e1aaa9345eb22cef3,"{""d"":9,""model"":""measurement"",""p"":0.013}",
      5393,        40,         0,   0.011,pymatching,2e0e921850fce3c04fcd0615bcdd471760b6759b3f83863f2e7d63e2aa00cd86,"{""d"":5,""model"":""phenomenological"",""p"":0.015}",
      2048,         6,         0,   0.023,pymatching,b151567ff0e3dea49e4dff91709c6765ffe99191979b5cc1160d9f286542bab9,"{""d"":9,""model"":""measurement"",""p"":0.04}",
     13312,         0,         0,   0.029,pymatching,d8cc9c2aa429a5713ed477b1939a2eff819cd7386a3ff93fdca7863794e89a3c,"{""d"":9,""model"":""measurement"",""p"":0.005}",
      3072,         1,         0,   0.023,pymatching,8678eab7326d29e104480c44e90c8a2ae11ef0505db82d042f3a122b8db45a94,"{""d"":9,""model"":""measurement"",""p"":0.024}",
      4096,         0,         0,   0.023,pymatching,86b3858361a196bf75ce5c91e577522977558d7accbb131be9c1cd69c3ad677c,"{""d"":9,""model"":""measurement"",""p"":0.015}",
      3072,       388,         0,   0.027,pymatching,8eb4e7b356e4cd9ba675cc24315b348340393905f33349dfaa43d0d22ff514b5,"{""d"":7,""model"":""measurement"",""p"":0.1}",
    143360,        55,         0,   0.025,pymatching,66dcdf13f1b81144a9110c41a4bb1cb3517cbb4bc95d19299a0b786d19ede494,"{""d"":3,""model"":""measurement"",""p"":0.005}",
      1024,       459,         0,   0.061,pymatching,eefee862b4b965e42fa12a521f3231a23f45df498132ed091105c095a821d5fd,"{""d"":9,""model"":""measurement"",""p"":0.2}",
    106496,       362,         0,   0.025,pymatching,cb5fe018d883a9f5fbf15401d593a44affe89fd5712b8f26c28a893eec2a75da,"{""d"":3,""model"":""measurement"",""p"":0.015}",
      2048,         6,         0,   0.000,pymatching,cb5fe018d883a9f5fbf15401d593a44affe89fd5712b8f26c28a893eec2a75da,"{""d"":3,""model"":""measurement"",""p"":0.015}",
    113664,       344,         0,   0.025,pymatching,176a8805a8356ad966dcb74d91d363166f72704d5fe5af7ce08ec05df9aba210,"{""d"":3,""model"":""measurement"",""p"":0.013}",
      1024,       142,         0,   0.028,pymatching,1aa6f0a1a0b40cb090fe871e9d329e51266dfb25556660251a089a20a606b108,"{""d"":9,""model"":""measurement"",""p"":0.1}",
     15360,        35,         0,   0.014,pymatching,dfdd9d4714f7324ef1c199bdb729b6140f70d8bc6b32afa6c61ad9d3cbb6d225,"{""d"":5,""model"":""phenomenological"",""p"":0.01}",
    118784,       261,         0,   0.025,pymatching,242aed24d7c28c112d33b16c2fcfbec262fd990075e5458d03092fd8e01e071a,"{""d"":3,""model"":""phenomenological"",""p"":0.005}",
     27648,        24,         0,   0.027,pymatching,39cf4456944e3f3dfe370af854528428246812e2937b4221548c557c0530e9ae,"{""d"":5,""model"":""measurement"",""p"":0.015}",
     29696,        15,         0,   0.027,pymatching,a11960e1ee7b1cb50e20b632f672e958d2f1781c86082da0a06c89a3542b6f3a,"{""d"":5,""model"":""measurement"",""p"":0.013}",
     20480,         0,         0,   0.027,pymatching,586f9f9e4edf15d86c032507ab490a443e4976c49adfd4546d9fd533639467ef,"{""d"":7,""model"":""measurement"",""p"":0.01}",
      3072,         3,         0,   0.028,pymatching,71f0e8e60579fb78e4677335b45c87aae0f1d77fe4d0b974f4b8ab207eef994f,"{""d"":9,""model"":""measurement"",""p"":0.03}",
     14336,       182,         0,   0.029,pymatching,24bb0e66de9a0f628866badee69c4ba607579bd6fd819085b3070e124049b5a3,"{""d"":5,""model"":""measurement"",""p"":0.04}",
     20480,        63,         0,   0.027,pymatching,2d5dbfb35e1be9aa4a136a62bd05cad7fefb44fd4b0f1f5c7d19f23221336875,"{""d"":5,""model"":""measurement"",""p"":0.024}",
      6144,         0,         0,   0.028,pymatching,f8b16c1db98fb154e268a37dcebc8c5eacbd03993daab091f051fc9a559c4e8e,"{""d"":9,""model"":""measurement"",""p"":0.01}",
      8192,        43,         0,   0.014,pymatching,b41ec325e90da16df4feac0f1c9aab57adb52a10c00c5b7feaa47293193f2925,"{""d"":5,""model"":""phenomenological"",""p"":0.013}",
      5120,        37,         0,   0.028,pymatching,13584eaf5e358d7ebef9cdf2577580a259cd1f132eaea8c7c437d3061af1c70f,"{""d"":7,""model"":""measurement"",""p"":0.04}",
      7168,        59,         0,   0.014,pymatching,2e0e921850fce3c04fcd0615bcdd471760b6759b3f83863f2e7d63e2aa00cd86,"{""d"":5,""model"":""phenomenological"",""p"":0.015}",
     18432,         3,         0,   0.028,pymatching,188ca1ce397017a5ad1d1e345daf924e6f5d2ee6c3beaadb4f002a574dc22ba8,"{""d"":7,""model"":""measurement"",""p"":0.013}",
    123904,       198,         0,   0.025,pymatching,a85f2656d604c12fe9dc4441b04fd8f94e98dafd4107c609a34ca8d5e0bea5f9,"{""d"":3,""model"":""measurement"",""p"":0.01}",
     21504,         5,         0,   0.019,pymatching,77b3fd925c651b73b67cfff8f69a7fb2d307db306949b42bf55f40e96c6858ef,"{""d"":5,""model"":""phenomenological"",""p"":0.005}",
     26624,         1,         0,   0.028,pymatching,769b0381ba69a0542c9985f90da82846fd031e8eb69e3de4a1cce452c519a17f,"{""d"":7,""model"":""measurement"",""p"":0.005}",
     10240,         0,         0,   0.028,pymatching,31f145f171069341c9c03bd8c5be13721d2af1d73cb9909ae960018268899e4e,"{""d"":7,""model"":""measurement"",""p"":0.015}",
     33792,        10,         0,   0.027,pymatching,cbcde2fc3c7fda2308774b9a093e0ea67e727f342979225b679d2fb0572bb908,"{""d"":5,""model"":""measurement"",""p"":0.01}",
      8192,        10,         0,   0.030,pymatching,723e5099025a0d91ce91848873c95bcb44aff0f98fa9e682e57f16654a44ea66,"{""d"":7,""model"":""measurement"",""p"":0.024}",
      2048,       260,         0,   0.018,pymatching,8eb4e7b356e4cd9ba675cc24315b348340393905f33349dfaa43d0d22ff514b5,"{""d"":7,""model"":""measurement"",""p"":0.1}",
     41984,         3,         0,   0.027,pymatching,4cd6019316022fc0eb77e5937db2dcb0f4078e68e5c997ec33dd6d691e235ad4,"{""d"":5,""model"":""measurement"",""p"":0.005}",
      5120,       150,         0,   0.032,pymatching,bfff9222dc92ca093c9d6bbf8e359bdc80940ee47bad71b9d1226c3c9b6351bb,"{""d"":7,""model"":""measurement"",""p"":0.06}",
      1024,       414,         0,   0.029,pymatching,830fc0afe84486d9cc8426f57d8532436d765814c99ff3a151421e63f573ed47,"{""d"":7,""model"":""measurement"",""p"":0.2}",
     65536,       186,         0,   0.015,pymatching,176a8805a8356ad966dcb74d91d363166f72704d5fe5af7ce08ec05df9aba210,"{""d"":3,""model"":""measurement"",""p"":0.013}",
     21504,        58,         0,   0.019,pymatching,dfdd9d4714f7324ef1c199bdb729b6140f70d8bc6b32afa6c61ad9d3cbb6d225,"{""d"":5,""model"":""phenomenological"",""p"":0.01}",
      2048,        50,         0,   0.032,pymatching,0f3f19e284c5c740800ea1592bfb4a84bfc51a7b6bc05a1014545da6e4764558,"{""d"":9,""model"":""measurement"",""p"":0.06}",
      7168,        18,         0,   0.030,pymatching,8343e9ec91b65ab500718f9986d86080d46172755d1ad7e4b7f7738d882a8836,"{""d"":7,""model"":""measurement"",""p"":0.03}",
      5120,         1,         0,   0.028,pymatching,86b3858361a196bf75ce5c91e577522977558d7accbb131be9c1cd69c3ad677c,"{""d"":9,""model"":""measurement"",""p"":0.015}",
     12288,        61,         0,   0.021,pymatching,b41ec325e90da16df4feac0f1c9aab57adb52a10c00c5b7feaa47293193f2925,"{""d"":5,""model"":""phenomenological"",""p"":0.013}",
      4096,         1,         0,   0.031,pymatching,8678eab7326d29e104480c44e90c8a2ae11ef0505db82d042f3a122b8db45a94,"{""d"":9,""model"":""measurement"",""p"":0.024}",
     10240,        63,         0,   0.020,pymatching,2e0e921850fce3c04fcd0615bcdd471760b6759b3f83863f2e7d63e2aa00cd86,"{""d"":5,""model"":""phenomenological"",""p"":0.015}",
      3072,        15,         0,   0.034,pymatching,b151567ff0e3dea49e4dff91709c6765ffe99191979b5cc1160d9f286542bab9,"{""d"":9,""model"":""measurement"",""p"":0.04}",
     24576,       163,         0,   0.039,pymatching,12f4ab49c3773392a3a8ab29252d124d25b80aa7415342fb0438871ad76eac8e,"{""d"":5,""model"":""measurement"",""p"":0.03}",
      1024,       122,         0,   0.029,pymatching,1aa6f0a1a0b40cb090fe871e9d329e51266dfb25556660251a089a20a606b108,"{""d"":9,""model"":""measurement"",""p"":0.1}",
     12288,         0,         0,   0.040,pymatching,8407028e38ab80c5f461f56566276bae40a0814bc899a34e1aaa9345eb22cef3,"{""d"":9,""model"":""measurement"",""p"":0.013}",
     18432,         0,         0,   0.040,pymatching,d8cc9c2aa429a5713ed477b1939a2eff819cd7386a3ff93fdca7863794e89a3c,"{""d"":9,""model"":""measurement"",""p"":0.005}",
      3345,        63,         0,   0.010,pymatching,b0d554383db5c693c3308c757ede4b847354da3b936b658812b0746f7d152a4d,"{""d"":5,""model"":""phenomenological"",""p"":0.024}",
    203776,        81,         0,   0.034,pymatching,66dcdf13f1b81144a9110c41a4bb1cb3517cbb4bc95d19299a0b786d19ede494,"{""d"":3,""model"":""measurement"",""p"":0.005}",
     30720,         8,         0,   0.027,pymatching,77b3fd925c651b73b67cfff8f69a7fb2d307db306949b42bf55f40e96c6858ef,"{""d"":5,""model"":""phenomenological"",""p"":0.005}",
    163840,       343,         0,   0.034,pymatching,242aed24d7c28c112d33b16c2fcfbec262fd990075e5458d03092fd8e01e071a,"{""d"":3,""model"":""phenomenological"",""p"":0.005}",
      4096,         4,         0,   0.036,pymatching,71f0e8e60579fb78e4677335b45c87aae0f1d77fe4d0b974f4b8ab207eef994f,"{""d"":9,""model"":""measurement"",""p"":0.03}",
     38912,        34,         0,   0.038,pymatching,39cf4456944e3f3dfe370af854528428246812e2937b4221548c557c0530e9ae,"{""d"":5,""model"":""measurement"",""p"":0.015}",
     41984,        25,         0,   0.038,pymatching,a11960e1ee7b1cb50e20b632f672e958d2f1781c86082da0a06c89a3542b6f3a,"{""d"":5,""model"":""measurement"",""p"":0.013}",
     28672,         1,         0,   0.038,pymatching,586f9f9e4edf15d86c032507ab490a443e4976c49adfd4546d9fd533639467ef,"{""d"":7,""model"":""measurement"",""p"":0.01}",
     20480,       279,         0,   0.038,pymatching,24bb0e66de9a0f628866badee69c4ba607579bd6fd819085b3070e124049b5a3,"{""d"":5,""model"":""measurement"",""p"":0.04}",
     28672,       106,         0,   0.038,pymatching,2d5dbfb35e1be9aa4a136a62bd05cad7fefb44fd4b0f1f5c7d19f23221336875,"{""d"":5,""model"":""measurement"",""p"":0.024}",
     10240,        97,         0,   0.039,pymatching,13584eaf5e358d7ebef9cdf2577580a259cd1f132eaea8c7c437d3061af1c70f,"{""d"":7,""model"":""measurement"",""p"":0.04}",
    174080,       315,         0,   0.035,pymatching,a85f2656d604c12fe9dc4441b04fd8f94e98dafd4107c609a34ca8d5e0bea5f9,"{""d"":3,""model"":""measurement"",""p"":0.01}",
     19456,         2,         0,   0.039,pymatching,188ca1ce397017a5ad1d1e345daf924e6f5d2ee6c3beaadb4f002a574dc22ba8,"{""d"":7,""model"":""measurement"",""p"":0.013}",
      9216,         1,         0,   0.041,pymatching,f8b16c1db98fb154e268a37dcebc8c5eacbd03993daab091f051fc9a559c4e8e,"{""d"":9,""model"":""measurement"",""p"":0.01}",
     30720,        75,         0,   0.028,pymatching,dfdd9d4714f7324ef1c199bdb729b6140f70d8bc6b32afa6c61ad9d3cbb6d225,"{""d"":5,""model"":""phenomenological"",""p"":0.01}",
     33792,         0,         0,   0.039,pymatching,769b0381ba69a0542c9985f90da82846fd031e8eb69e3de4a1cce452c519a17f,"{""d"":7,""model"":""measurement"",""p"":0.005}",
     14336,         4,         0,   0.039,pymatching,31f145f171069341c9c03bd8c5be13721d2af1d73cb9909ae960018268899e4e,"{""d"":7,""model"":""measurement"",""p"":0.015}",
      5120,       149,         0,   0.016,pymatching,b0d554383db5c693c3308c757ede4b847354da3b936b658812b0746f7d152a4d,"{""d"":5,""model"":""phenomenological"",""p"":0.024}",
     47104,        12,         0,   0.038,pymatching,cbcde2fc3c7fda2308774b9a093e0ea67e727f342979225b679d2fb0572bb908,"{""d"":5,""model"":""measurement"",""p"":0.01}",
     59392,         5,         0,   0.037,pymatching,4cd6019316022fc0eb77e5937db2dcb0f4078e68e5c997ec33dd6d691e235ad4,"{""d"":5,""model"":""measurement"",""p"":0.005}",
     11264,        13,         0,   0.041,pymatching,723e5099025a0d91ce91848873c95bcb44aff0f98fa9e682e57f16654a44ea66,"{""d"":7,""model"":""measurement"",""p"":0.024}",
      3345,       166,         0,   0.013,pymatching,7a5e109a099cc21decdf8cf821be6d928907f6cc36f20e00ef5a61383f8b1b1c,"{""d"":5,""model"":""phenomenological"",""p"":0.03}",
      2321,       255,         0,   0.012,pymatching,077232bae1ea84837b4e51c0b4a00d84762d72b29cc7f63c360fcbb9e79a9c0c,"{""d"":5,""model"":""phenomenological"",""p"":0.04}",
     16384,        88,         0,   0.029,pymatching,b41ec325e90da16df4feac0f1c9aab57adb52a10c00c5b7feaa47293193f2925,"{""d"":5,""model"":""phenomenological"",""p"":0.013}",
      1024,       138,         0,   0.028,pymatching,1aa6f0a1a0b40cb090fe871e9d329e51266dfb25556660251a089a20a606b108,"{""d"":9,""model"":""measurement"",""p"":0.1}",
     14336,       113,         0,   0.029,pymatching,2e0e921850fce3c04fcd0615bcdd471760b6759b3f83863f2e7d63e2aa00cd86,"{""d"":5,""model"":""phenomenological"",""p"":0.015}",
      8192,       220,         0,   0.042,pymatching,bfff9222dc92ca093c9d6bbf8e359bdc80940ee47bad71b9d1226c3c9b6351bb,"{""d"":7,""model"":""measurement"",""p"":0.06}",
      1024,       466,         0,   0.059,pymatching,eefee862b4b965e42fa12a521f3231a23f45df498132ed091105c095a821d5fd,"{""d"":9,""model"":""measurement"",""p"":0.2}",
      9216,        21,         0,   0.039,pymatching,8343e9ec91b65ab500718f9986d86080d46172755d1ad7e4b7f7738d882a8836,"{""d"":7,""model"":""measurement"",""p"":0.03}",
     71680,       121,         0,   0.014,pymatching,a85f2656d604c12fe9dc4441b04fd8f94e98dafd4107c609a34ca8d5e0bea5f9,"{""d"":3,""model"":""measurement"",""p"":0.01}",
      7168,         0,         0,   0.040,pymatching,86b3858361a196bf75ce5c91e577522977558d7accbb131be9c1cd69c3ad677c,"{""d"":9,""model"":""measurement"",""p"":0.015}",
      5120,         2,         0,   0.038,pymatching,8678eab7326d29e104480c44e90c8a2ae11ef0505db82d042f3a122b8db45a94,"{""d"":9,""model"":""measurement"",""p"":0.024}",
      1297,       319,         0,   0.011,pymatching,f46ad1e3d184a62a340cba9535d107f9ab804eeb28134d4b2f3aaaba9f373aaf,"{""d"":5,""model"":""phenomenological"",""p"":0.06}",
      3072,        62,         0,   0.049,pymatching,0f3f19e284c5c740800ea1592bfb4a84bfc51a7b6bc05a1014545da6e4764558,"{""d"":9,""model"":""measurement"",""p"":0.06}",
     22528,       279,         0,   0.028,pymatching,24bb0e66de9a0f628866badee69c4ba607579bd6fd819085b3070e124049b5a3,"{""d"":5,""model"":""measurement"",""p"":0.04}",
      3072,       351,         0,   0.016,pymatching,077232bae1ea84837b4e51c0b4a00d84762d72b29cc7f63c360fcbb9e79a9c0c,"{""d"":5,""model"":""phenomenological"",""p"":0.04}",
      4096,       220,         0,   0.016,pymatching,7a5e109a099cc21decdf8cf821be6d928907f6cc36f20e00ef5a61383f8b1b1c,"{""d"":5,""model"":""phenomenological"",""p"":0.03}",
      7168,       223,         0,   0.022,pymatching,b0d554383db5c693c3308c757ede4b847354da3b936b658812b0746f7d152a4d,"{""d"":5,""model"":""phenomenological"",""p"":0.024}",
      4096,        18,         0,   0.045,pymatching,b151567ff0e3dea49e4dff91709c6765ffe99191979b5cc1160d9f286542bab9,"{""d"":9,""model"":""measurement"",""p"":0.04}",
      1297,       560,         0,   0.018,pymatching,0acf6af2e26e25e27dabf01df484074a1d8507d5031c1a4a5247305d8460e443,"{""d"":5,""model"":""phenomenological"",""p"":0.1}",
     43008,        14,         0,   0.038,pymatching,77b3fd925c651b73b67cfff8f69a7fb2d307db306949b42bf55f40e96c6858ef,"{""d"":5,""model"":""phenomenological"",""p"":0.005}",
     44032,       285,         0,   0.054,pymatching,12f4ab49c3773392a3a8ab29252d124d25b80aa7415342fb0438871ad76eac8e,"{""d"":5,""model"":""measurement"",""p"":0.03}",
      2048,       521,         0,   0.017,pymatching,f46ad1e3d184a62a340cba9535d107f9ab804eeb28134d4b2f3aaaba9f373aaf,"{""d"":5,""model"":""phenomenological"",""p"":0.06}",
      5120,         6,         0,   0.045,pymatching,71f0e8e60579fb78e4677335b45c87aae0f1d77fe4d0b974f4b8ab207eef994f,"{""d"":9,""model"":""measurement"",""p"":0.03}",
      4369,         0,         0,   0.012,pymatching,75d3d4cd8b93c1e72262291e14d5974ff0fb81a218c070e38339f320ad2b4d1d,"{""d"":7,""model"":""phenomenological"",""p"":0.005}",
      1024,       440,         0,   0.013,pymatching,0acf6af2e26e25e27dabf01df484074a1d8507d5031c1a4a5247305d8460e443,"{""d"":5,""model"":""phenomenological"",""p"":0.1}",
     29696,        68,         0,   0.039,pymatching,dfdd9d4714f7324ef1c199bdb729b6140f70d8bc6b32afa6c61ad9d3cbb6d225,"{""d"":5,""model"":""phenomenological"",""p"":0.01}",
     16384,         0,         0,   0.054,pymatching,d8cc9c2aa429a5713ed477b1939a2eff819cd7386a3ff93fdca7863794e89a3c,"{""d"":9,""model"":""measurement"",""p"":0.005}",
    284672,       125,         0,   0.048,pymatching,66dcdf13f1b81144a9110c41a4bb1cb3517cbb4bc95d19299a0b786d19ede494,"{""d"":3,""model"":""measurement"",""p"":0.005}",
     16384,         1,         0,   0.057,pymatching,8407028e38ab80c5f461f56566276bae40a0814bc899a34e1aaa9345eb22cef3,"{""d"":9,""model"":""measurement"",""p"":0.013}",
      1024,       241,         0,   0.008,pymatching,f46ad1e3d184a62a340cba9535d107f9ab804eeb28134d4b2f3aaaba9f373aaf,"{""d"":5,""model"":""phenomenological"",""p"":0.06}",
      5120,       277,         0,   0.020,pymatching,7a5e109a099cc21decdf8cf821be6d928907f6cc36f20e00ef5a61383f8b1b1c,"{""d"":5,""model"":""phenomenological"",""p"":0.03}",
      4369,         1,         0,   0.012,pymatching,d66f15834c272d5f7a1fe10a9ebb2f2d69666a762b311eb71a46a4148ed18ca1,"{""d"":7,""model"":""phenomenological"",""p"":0.01}",
      4096,       446,         0,   0.021,pymatching,077232bae1ea84837b4e51c0b4a00d84762d72b29cc7f63c360fcbb9e79a9c0c,"{""d"":5,""model"":""phenomenological"",""p"":0.04}",
     54272,        50,         0,   0.053,pymatching,39cf4456944e3f3dfe370af854528428246812e2937b4221548c557c0530e9ae,"{""d"":5,""model"":""measurement"",""p"":0.015}",
     22528,       117,         0,   0.039,pymatching,b41ec325e90da16df4feac0f1c9aab57adb52a10c00c5b7feaa47293193f2925,"{""d"":5,""model"":""phenomenological"",""p"":0.013}",
      2321,         4,         0,   0.012,pymatching,92bf88950ed347bf8f625c3787a7184ac0dd7e7c28d345ed8de5a8db591cea89,"{""d"":7,""model"":""phenomenological"",""p"":0.013}",
     19456,       129,         0,   0.039,pymatching,2e0e921850fce3c04fcd0615bcdd471760b6759b3f83863f2e7d63e2aa00cd86,"{""d"":5,""model"":""phenomenological"",""p"":0.015}",
     59392,        38,         0,   0.053,pymatching,a11960e1ee7b1cb50e20b632f672e958d2f1781c86082da0a06c89a3542b6f3a,"{""d"":5,""model"":""measurement"",""p"":0.013}",
      1297,       646,         0,   0.025,pymatching,58893fe0818063a4d6959e4e99bf5ca4a283046115fa24c072cad354c5de47bd,"{""d"":5,""model"":""phenomenological"",""p"":0.2}",
     29696,         1,         0,   0.054,pymatching,586f9f9e4edf15d86c032507ab490a443e4976c49adfd4546d9fd533639467ef,"{""d"":7,""model"":""measurement"",""p"":0.01}",
      2321,        34,         0,   0.014,pymatching,46460b2662a37908a2daef2cde5fb18e630b45f85fe5f40cde02579cf7b6d3fe,"{""d"":7,""model"":""phenomenological"",""p"":0.024}",
     39936,       120,         0,   0.053,pymatching,2d5dbfb35e1be9aa4a136a62bd05cad7fefb44fd4b0f1f5c7d19f23221336875,"{""d"":5,""model"":""measurement"",""p"":0.024}",
      2321,         8,         0,   0.014,pymatching,460019e24b31da54e5258186cf54b9aa3630a3aa41af4d3bc26e209eefdf907a,"{""d"":7,""model"":""phenomenological"",""p"":0.015}",
     21504,         1,         0,   0.053,pymatching,188ca1ce397017a5ad1d1e345daf924e6f5d2ee6c3beaadb4f002a574dc22ba8,"{""d"":7,""model"":""measurement"",""p"":0.013}",
      9216,       262,         0,   0.028,pymatching,b0d554383db5c693c3308c757ede4b847354da3b936b658812b0746f7d152a4d,"{""d"":5,""model"":""phenomenological"",""p"":0.024}",
     16384,       143,         0,   0.056,pymatching,13584eaf5e358d7ebef9cdf2577580a259cd1f132eaea8c7c437d3061af1c70f,"{""d"":7,""model"":""measurement"",""p"":0.04}",
      6144,         0,         0,   0.015,pymatching,75d3d4cd8b93c1e72262291e14d5974ff0fb81a218c070e38339f320ad2b4d1d,"{""d"":7,""model"":""phenomenological"",""p"":0.005}",
     30720,         0,         0,   0.053,pymatching,769b0381ba69a0542c9985f90da82846fd031e8eb69e3de4a1cce452c519a17f,"{""d"":7,""model"":""measurement"",""p"":0.005}",
     12288,         0,         0,   0.056,pymatching,f8b16c1db98fb154e268a37dcebc8c5eacbd03993daab091f051fc9a559c4e8e,"{""d"":9,""model"":""measurement"",""p"":0.01}",
     20480,         5,         0,   0.056,pymatching,31f145f171069341c9c03bd8c5be13721d2af1d73cb9909ae960018268899e4e,"{""d"":7,""model"":""measurement"",""p"":0.015}",
     65536,        13,         0,   0.053,pymatching,cbcde2fc3c7fda2308774b9a093e0ea67e727f342979225b679d2fb0572bb908,"{""d"":5,""model"":""measurement"",""p"":0.01}",
     82944,         2,         0,   0.052,pymatching,4cd6019316022fc0eb77e5937db2dcb0f4078e68e5c997ec33dd6d691e235ad4,"{""d"":5,""model"":""measurement"",""p"":0.005}",
      6144,         4,         0,   0.017,pymatching,d66f15834c272d5f7a1fe10a9ebb2f2d69666a762b311eb71a46a4148ed18ca1,"{""d"":7,""model"":""phenomenological"",""p"":0.01}",
     15360,        18,         0,   0.055,pymatching,723e5099025a0d91ce91848873c95bcb44aff0f98fa9e682e57f16654a44ea66,"{""d"":7,""model"":""measurement"",""p"":0.024}",
      3072,         5,         0,   0.015,pymatching,92bf88950ed347bf8f625c3787a7184ac0dd7e7c28d345ed8de5a8db591cea89,"{""d"":7,""model"":""phenomenological"",""p"":0.013}",
      2048,       265,         0,   0.055,pymatching,1aa6f0a1a0b40cb090fe871e9d329e51266dfb25556660251a089a20a606b108,"{""d"":9,""model"":""measurement"",""p"":0.1}",
     10240,       303,         0,   0.055,pymatching,bfff9222dc92ca093c9d6bbf8e359bdc80940ee47bad71b9d1226c3c9b6351bb,"{""d"":7,""model"":""measurement"",""p"":0.06}",
      2048,        44,         0,   0.017,pymatching,46460b2662a37908a2daef2cde5fb18e630b45f85fe5f40cde02579cf7b6d3fe,"{""d"":7,""model"":""phenomenological"",""p"":0.024}",
      6144,       337,         0,   0.024,pymatching,7a5e109a099cc21decdf8cf821be6d928907f6cc36f20e00ef5a61383f8b1b1c,"{""d"":5,""model"":""phenomenological"",""p"":0.03}",
      3072,        10,         0,   0.018,pymatching,460019e24b31da54e5258186cf54b9aa3630a3aa41af4d3bc26e209eefdf907a,"{""d"":7,""model"":""phenomenological"",""p"":0.015}",
     20480,        52,         0,   0.055,pymatching,8343e9ec91b65ab500718f9986d86080d46172755d1ad7e4b7f7738d882a8836,"{""d"":7,""model"":""measurement"",""p"":0.03}",
      1024,       501,         0,   0.022,pymatching,58893fe0818063a4d6959e4e99bf5ca4a283046115fa24c072cad354c5de47bd,"{""d"":5,""model"":""phenomenological"",""p"":0.2}",
      1297,        53,         0,   0.016,pymatching,e8b6d48e51ae6c4d1d627bd37ef831ba7daa483dc42ee51c3a10fa2be174d065,"{""d"":7,""model"":""phenomenological"",""p"":0.03}",
     37888,       265,         0,   0.037,pymatching,12f4ab49c3773392a3a8ab29252d124d25b80aa7415342fb0438871ad76eac8e,"{""d"":5,""model"":""measurement"",""p"":0.03}",
      7168,         5,         0,   0.055,pymatching,8678eab7326d29e104480c44e90c8a2ae11ef0505db82d042f3a122b8db45a94,"{""d"":9,""model"":""measurement"",""p"":0.024}",
         1,         1,         0,   0.001,pymatching,380f575be7a5ffb95896b37802919559bd8291843212e185cf7c0eacb134f47e,"{""d"":7,""model"":""phenomenological"",""p"":0.1}",
      8192,         0,         0,   0.020,pymatching,75d3d4cd8b93c1e72262291e14d5974ff0fb81a218c070e38339f320ad2b4d1d,"{""d"":7,""model"":""phenomenological"",""p"":0.005}",
     10240,         1,         0,   0.057,pymatching,86b3858361a196bf75ce5c91e577522977558d7accbb131be9c1cd69c3ad677c,"{""d"":9,""model"":""measurement"",""p"":0.015}",
      1297,       168,         0,   0.022,pymatching,e65350e33fca79f759fab542a7a0718f53a3b5534f0b89e580982b3bda9245e3,"{""d"":7,""model"":""phenomenological"",""p"":0.04}",
      5120,         4,         0,   0.020,pymatching,d66f15834c272d5f7a1fe10a9ebb2f2d69666a762b311eb71a46a4148ed18ca1,"{""d"":7,""model"":""phenomenological"",""p"":0.01}",
     58368,        27,         0,   0.053,pymatching,77b3fd925c651b73b67cfff8f69a7fb2d307db306949b42bf55f40e96c6858ef,"{""d"":5,""model"":""phenomenological"",""p"":0.005}",
      5120,        24,         0,   0.057,pymatching,b151567ff0e3dea49e4dff91709c6765ffe99191979b5cc1160d9f286542bab9,"{""d"":9,""model"":""measurement"",""p"":0.04}",
      6144,         9,         0,   0.023,pymatching,92bf88950ed347bf8f625c3787a7184ac0dd7e7c28d345ed8de5a8db591cea89,"{""d"":7,""model"":""phenomenological"",""p"":0.013}",
      4096,       110,         0,   0.065,pymatching,0f3f19e284c5c740800ea1592bfb4a84bfc51a7b6bc05a1014545da6e4764558,"{""d"":9,""model"":""measurement"",""p"":0.06}",
     11264,       333,         0,   0.034,pymatching,b0d554383db5c693c3308c757ede4b847354da3b936b658812b0746f7d152a4d,"{""d"":5,""model"":""phenomenological"",""p"":0.024}",
      6144,         7,         0,   0.055,pymatching,71f0e8e60579fb78e4677335b45c87aae0f1d77fe4d0b974f4b8ab207eef994f,"{""d"":9,""model"":""measurement"",""p"":0.03}",
      4096,        12,         0,   0.024,pymatching,460019e24b31da54e5258186cf54b9aa3630a3aa41af4d3bc26e209eefdf907a,"{""d"":7,""model"":""phenomenological"",""p"":0.015}",
      2321,         0,         0,   0.014,pymatching,1938eb02fa174e4398af57ea22b7b299d6e80e0682a4886085d64e26cc5d8b28,"{""d"":9,""model"":""phenomenological"",""p"":0.005}",
       273,       144,         0,   0.021,pymatching,c1826dc3c103f83115f7357df057a6a55f05ceb0b8144311ffe5e4bde359e500,"{""d"":7,""model"":""phenomenological"",""p"":0.2}",
     58368,       136,         0,   0.053,pymatching,dfdd9d4714f7324ef1c199bdb729b6140f70d8bc6b32afa6c61ad9d3cbb6d225,"{""d"":5,""model"":""phenomenological"",""p"":0.01}",
      3072,        56,         0,   0.028,pymatching,46460b2662a37908a2daef2cde5fb18e630b45f85fe5f40cde02579cf7b6d3fe,"{""d"":7,""model"":""phenomenological"",""p"":0.024}",
      2048,        94,         0,   0.024,pymatching,e8b6d48e51ae6c4d1d627bd37ef831ba7daa483dc42ee51c3a10fa2be174d065,"{""d"":7,""model"":""phenomenological"",""p"":0.03}",
      1024,       115,         0,   0.017,pymatching,e65350e33fca79f759fab542a7a0718f53a3b5534f0b89e580982b3bda9245e3,"{""d"":7,""model"":""phenomenological"",""p"":0.04}",
      1297,       395,         0,   0.037,pymatching,3e663a273d4c89762b41a18594effdf6fcf824cf7d336362b1f07fd6f3440258,"{""d"":7,""model"":""phenomenological"",""p"":0.06}",
     30720,       169,         0,   0.053,pymatching,b41ec325e90da16df4feac0f1c9aab57adb52a10c00c5b7feaa47293193f2925,"{""d"":5,""model"":""phenomenological"",""p"":0.013}",
     26624,       210,         0,   0.053,pymatching,2e0e921850fce3c04fcd0615bcdd471760b6759b3f83863f2e7d63e2aa00cd86,"{""d"":5,""model"":""phenomenological"",""p"":0.015}",
     11264,         0,         0,   0.028,pymatching,75d3d4cd8b93c1e72262291e14d5974ff0fb81a218c070e38339f320ad2b4d1d,"{""d"":7,""model"":""phenomenological"",""p"":0.005}",
      5120,       170,         0,   0.040,pymatching,bfff9222dc92ca093c9d6bbf8e359bdc80940ee47bad71b9d1226c3c9b6351bb,"{""d"":7,""model"":""measurement"",""p"":0.06}",
      7168,         7,         0,   0.028,pymatching,d66f15834c272d5f7a1fe10a9ebb2f2d69666a762b311eb71a46a4148ed18ca1,"{""d"":7,""model"":""phenomenological"",""p"":0.01}",
      3072,         0,         0,   0.016,pymatching,1938eb02fa174e4398af57ea22b7b299d6e80e0682a4886085d64e26cc5d8b28,"{""d"":9,""model"":""phenomenological"",""p"":0.005}",
      9216,        13,         0,   0.030,pymatching,92bf88950ed347bf8f625c3787a7184ac0dd7e7c28d345ed8de5a8db591cea89,"{""d"":7,""model"":""phenomenological"",""p"":0.013}",
     33792,         0,         0,   0.075,pymatching,d8cc9c2aa429a5713ed477b1939a2eff819cd7386a3ff93fdca7863794e89a3c,"{""d"":9,""model"":""measurement"",""p"":0.005}",
    401408,       171,         0,   0.068,pymatching,66dcdf13f1b81144a9110c41a4bb1cb3517cbb4bc95d19299a0b786d19ede494,"{""d"":3,""model"":""measurement"",""p"":0.005}",
     14336,         1,         0,   0.075,pymatching,8407028e38ab80c5f461f56566276bae40a0814bc899a34e1aaa9345eb22cef3,"{""d"":9,""model"":""measurement"",""p"":0.013}",
      2321,         0,         0,   0.013,pymatching,b472c728ad4d530b896c209c587c8d35286cd7af1000ab881e02edca7db1d327,"{""d"":9,""model"":""phenomenological"",""p"":0.01}",
      2048,       290,         0,   0.056,pymatching,1aa6f0a1a0b40cb090fe871e9d329e51266dfb25556660251a089a20a606b108,"{""d"":9,""model"":""measurement"",""p"":0.1}",
      2048,        63,         0,   0.024,pymatching,e8b6d48e51ae6c4d1d627bd37ef831ba7daa483dc42ee51c3a10fa2be174d065,"{""d"":7,""model"":""phenomenological"",""p"":0.03}",
      3072,        57,         0,   0.028,pymatching,46460b2662a37908a2daef2cde5fb18e630b45f85fe5f40cde02579cf7b6d3fe,"{""d"":7,""model"":""phenomenological"",""p"":0.024}",
      5120,        22,         0,   0.030,pymatching,460019e24b31da54e5258186cf54b9aa3630a3aa41af4d3bc26e209eefdf907a,"{""d"":7,""model"":""phenomenological"",""p"":0.015}",
     74752,        72,         0,   0.074,pymatching,39cf4456944e3f3dfe370af854528428246812e2937b4221548c557c0530e9ae,"{""d"":5,""model"":""measurement"",""p"":0.015}",
      2048,       210,         0,   0.027,pymatching,e65350e33fca79f759fab542a7a0718f53a3b5534f0b89e580982b3bda9245e3,"{""d"":7,""model"":""phenomenological"",""p"":0.04}",
     81920,        48,         0,   0.074,pymatching,a11960e1ee7b1cb50e20b632f672e958d2f1781c86082da0a06c89a3542b6f3a,"{""d"":5,""model"":""measurement"",""p"":0.013}",
     53248,         1,         0,   0.075,pymatching,586f9f9e4edf15d86c032507ab490a443e4976c49adfd4546d9fd533639467ef,"{""d"":7,""model"":""measurement"",""p"":0.01}",
     58368,       173,         0,   0.075,pymatching,2d5dbfb35e1be9aa4a136a62bd05cad7fefb44fd4b0f1f5c7d19f23221336875,"{""d"":5,""model"":""measurement"",""p"":0.024}",
      1024,       310,         0,   0.028,pymatching,3e663a273d4c89762b41a18594effdf6fcf824cf7d336362b1f07fd6f3440258,"{""d"":7,""model"":""phenomenological"",""p"":0.06}",
     39936,         2,         0,   0.075,pymatching,188ca1ce397017a5ad1d1e345daf924e6f5d2ee6c3beaadb4f002a574dc22ba8,"{""d"":7,""model"":""measurement"",""p"":0.013}",
     16384,         0,         0,   0.075,pymatching,f8b16c1db98fb154e268a37dcebc8c5eacbd03993daab091f051fc9a559c4e8e,"{""d"":9,""model"":""measurement"",""p"":0.01}",
     66560,         0,         0,   0.075,pymatching,769b0381ba69a0542c9985f90da82846fd031e8eb69e3de4a1cce452c519a17f,"{""d"":7,""model"":""measurement"",""p"":0.005}",
      4096,         0,         0,   0.021,pymatching,1938eb02fa174e4398af57ea22b7b299d6e80e0682a4886085d64e26cc5d8b28,"{""d"":9,""model"":""phenomenological"",""p"":0.005}",
     16384,       141,         0,   0.079,pymatching,13584eaf5e358d7ebef9cdf2577580a259cd1f132eaea8c7c437d3061af1c70f,"{""d"":7,""model"":""measurement"",""p"":0.04}",
     90112,        19,         0,   0.073,pymatching,cbcde2fc3c7fda2308774b9a093e0ea67e727f342979225b679d2fb0572bb908,"{""d"":5,""model"":""measurement"",""p"":0.01}",
      1296,       632,         0,   0.061,pymatching,380f575be7a5ffb95896b37802919559bd8291843212e185cf7c0eacb134f47e,"{""d"":7,""model"":""phenomenological"",""p"":0.1}",
     27648,         6,         0,   0.075,pymatching,31f145f171069341c9c03bd8c5be13721d2af1d73cb9909ae960018268899e4e,"{""d"":7,""model"":""measurement"",""p"":0.015}",
    114688,         1,         0,   0.073,pymatching,4cd6019316022fc0eb77e5937db2dcb0f4078e68e5c997ec33dd6d691e235ad4,"{""d"":5,""model"":""measurement"",""p"":0.005}",
      3072,         0,         0,   0.017,pymatching,b472c728ad4d530b896c209c587c8d35286cd7af1000ab881e02edca7db1d327,"{""d"":9,""model"":""phenomenological"",""p"":0.01}",
      1297,         1,         0,   0.017,pymatching,a55f0e7a0830d2f17c9d765550d48879eed9cb5a59262a721a9a7320f273d0a8,"{""d"":9,""model"":""phenomenological"",""p"":0.015}",
      1297,         3,         0,   0.016,pymatching,acd7e92885c6a4166f58f4411d2d7f1b77bde277a9bd5c98055a76611813b924,"{""d"":9,""model"":""phenomenological"",""p"":0.013}",
     21504,        23,         0,   0.078,pymatching,723e5099025a0d91ce91848873c95bcb44aff0f98fa9e682e57f16654a44ea66,"{""d"":7,""model"":""measurement"",""p"":0.024}",
     15360,         1,         0,   0.038,pymatching,75d3d4cd8b93c1e72262291e14d5974ff0fb81a218c070e38339f320ad2b4d1d,"{""d"":7,""model"":""phenomenological"",""p"":0.005}",
       273,        19,         0,   0.012,pymatching,19f2b075b6c697557280486d336db0ea3b896d01ffa67c5c17a3a7622371f056,"{""d"":9,""model"":""phenomenological"",""p"":0.04}",
     24576,        71,         0,   0.078,pymatching,8343e9ec91b65ab500718f9986d86080d46172755d1ad7e4b7f7738d882a8836,"{""d"":7,""model"":""measurement"",""p"":0.03}",
     10240,         7,         0,   0.041,pymatching,d66f15834c272d5f7a1fe10a9ebb2f2d69666a762b311eb71a46a4148ed18ca1,"{""d"":7,""model"":""phenomenological"",""p"":0.01}",
     13312,         1,         0,   0.076,pymatching,86b3858361a196bf75ce5c91e577522977558d7accbb131be9c1cd69c3ad677c,"{""d"":9,""model"":""measurement"",""p"":0.015}",
     10240,         4,         0,   0.078,pymatching,8678eab7326d29e104480c44e90c8a2ae11ef0505db82d042f3a122b8db45a94,"{""d"":9,""model"":""measurement"",""p"":0.024}",
      1024,       316,         0,   0.028,pymatching,3e663a273d4c89762b41a18594effdf6fcf824cf7d336362b1f07fd6f3440258,"{""d"":7,""model"":""phenomenological"",""p"":0.06}",
      1297,        12,         0,   0.028,pymatching,1456e7e36771270c46c96ec1e97cdcd10a2973295df224d841c8163b6a9ee50d,"{""d"":9,""model"":""phenomenological"",""p"":0.024}",
      3072,       115,         0,   0.036,pymatching,e8b6d48e51ae6c4d1d627bd37ef831ba7daa483dc42ee51c3a10fa2be174d065,"{""d"":7,""model"":""phenomenological"",""p"":0.03}",
      9216,        15,         0,   0.040,pymatching,92bf88950ed347bf8f625c3787a7184ac0dd7e7c28d345ed8de5a8db591cea89,"{""d"":7,""model"":""phenomenological"",""p"":0.013}",
     81920,        30,         0,   0.074,pymatching,77b3fd925c651b73b67cfff8f69a7fb2d307db306949b42bf55f40e96c6858ef,"{""d"":5,""model"":""phenomenological"",""p"":0.005}",
      3072,       333,         0,   0.036,pymatching,e65350e33fca79f759fab542a7a0718f53a3b5534f0b89e580982b3bda9245e3,"{""d"":7,""model"":""phenomenological"",""p"":0.04}",
      5120,         0,         0,   0.027,pymatching,1938eb02fa174e4398af57ea22b7b299d6e80e0682a4886085d64e26cc5d8b28,"{""d"":9,""model"":""phenomenological"",""p"":0.005}",
      2048,         0,         0,   0.022,pymatching,acd7e92885c6a4166f58f4411d2d7f1b77bde277a9bd5c98055a76611813b924,"{""d"":9,""model"":""phenomenological"",""p"":0.013}",
      4096,         1,         0,   0.026,pymatching,b472c728ad4d530b896c209c587c8d35286cd7af1000ab881e02edca7db1d327,"{""d"":9,""model"":""phenomenological"",""p"":0.01}",
      2048,         3,         0,   0.025,pymatching,a55f0e7a0830d2f17c9d765550d48879eed9cb5a59262a721a9a7320f273d0a8,"{""d"":9,""model"":""phenomenological"",""p"":0.015}",
      7168,        34,         0,   0.080,pymatching,b151567ff0e3dea49e4dff91709c6765ffe99191979b5cc1160d9f286542bab9,"{""d"":9,""model"":""measurement"",""p"":0.04}",
      7168,        14,         0,   0.041,pymatching,460019e24b31da54e5258186cf54b9aa3630a3aa41af4d3bc26e209eefdf907a,"{""d"":7,""model"":""phenomenological"",""p"":0.015}",
      1297,        45,         0,   0.037,pymatching,6cecc889e4a3356aaa33a9fab462566969771f7153696173d382f9a537aaf15c,"{""d"":9,""model"":""phenomenological"",""p"":0.03}",
      5120,        83,         0,   0.047,pymatching,46460b2662a37908a2daef2cde5fb18e630b45f85fe5f40cde02579cf7b6d3fe,"{""d"":7,""model"":""phenomenological"",""p"":0.024}",
     62464,       113,         0,   0.074,pymatching,dfdd9d4714f7324ef1c199bdb729b6140f70d8bc6b32afa6c61ad9d3cbb6d225,"{""d"":5,""model"":""phenomenological"",""p"":0.01}",
      1024,       523,         0,   0.076,pymatching,c1826dc3c103f83115f7357df057a6a55f05ceb0b8144311ffe5e4bde359e500,"{""d"":7,""model"":""phenomenological"",""p"":0.2}",
      5120,       127,         0,   0.082,pymatching,0f3f19e284c5c740800ea1592bfb4a84bfc51a7b6bc05a1014545da6e4764558,"{""d"":9,""model"":""measurement"",""p"":0.06}",
      9216,         7,         0,   0.083,pymatching,71f0e8e60579fb78e4677335b45c87aae0f1d77fe4d0b974f4b8ab207eef994f,"{""d"":9,""model"":""measurement"",""p"":0.03}",
       273,        94,         0,   0.020,pymatching,8054f4c878a9885c53a656b9011cc937f265a360b9024223b41314a24ac7f01f,"{""d"":9,""model"":""phenomenological"",""p"":0.06}",
      1024,        13,         0,   0.021,pymatching,1456e7e36771270c46c96ec1e97cdcd10a2973295df224d841c8163b6a9ee50d,"{""d"":9,""model"":""phenomenological"",""p"":0.024}",
     43008,       242,         0,   0.075,pymatching,b41ec325e90da16df4feac0f1c9aab57adb52a10c00c5b7feaa47293193f2925,"{""d"":5,""model"":""phenomenological"",""p"":0.013}",
     37888,       317,         0,   0.076,pymatching,2e0e921850fce3c04fcd0615bcdd471760b6759b3f83863f2e7d63e2aa00cd86,"{""d"":5,""model"":""phenomenological"",""p"":0.015}",
     21777,       403,         0,   0.010,pymatching,c6ffd7778d9980386493f7bc3b0a1e9a5e0bd123dc589b7085223e161ca71b2e,"{""d"":3,""model"":""circuit"",""p"":0.005}",
      2048,       204,         0,   0.024,pymatching,e65350e33fca79f759fab542a7a0718f53a3b5534f0b89e580982b3bda9245e3,"{""d"":7,""model"":""phenomenological"",""p"":0.04}",
       273,       132,         0,   0.034,pymatching,9799bacd62e668a9e7a34590b79a7536a2110f459a96dcdaba46a84cfc2c390d,"{""d"":9,""model"":""phenomenological"",""p"":0.1}",
      2048,         4,         0,   0.022,pymatching,acd7e92885c6a4166f58f4411d2d7f1b77bde277a9bd5c98055a76611813b924,"{""d"":9,""model"":""phenomenological"",""p"":0.013}",
      1024,       492,         0,   0.048,pymatching,380f575be7a5ffb95896b37802919559bd8291843212e185cf7c0eacb134f47e,"{""d"":7,""model"":""phenomenological"",""p"":0.1}",
      1024,       115,         0,   0.042,pymatching,19f2b075b6c697557280486d336db0ea3b896d01ffa67c5c17a3a7622371f056,"{""d"":9,""model"":""phenomenological"",""p"":0.04}",
      2048,         0,         0,   0.025,pymatching,a55f0e7a0830d2f17c9d765550d48879eed9cb5a59262a721a9a7320f273d0a8,"{""d"":9,""model"":""phenomenological"",""p"":0.015}",
      7168,        70,         0,   0.014,pymatching,2e0e921850fce3c04fcd0615bcdd471760b6759b3f83863f2e7d63e2aa00cd86,"{""d"":5,""model"":""phenomenological"",""p"":0.015}",
     20480,       379,         0,   0.014,pymatching,c6ffd7778d9980386493f7bc3b0a1e9a5e0bd123dc589b7085223e161ca71b2e,"{""d"":3,""model"":""circuit"",""p"":0.005}",
      1024,        29,         0,   0.028,pymatching,6cecc889e4a3356aaa33a9fab462566969771f7153696173d382f9a537aaf15c,"{""d"":9,""model"":""phenomenological"",""p"":0.03}",
     24576,         1,         0,   0.054,pymatching,75d3d4cd8b93c1e72262291e14d5974ff0fb81a218c070e38339f320ad2b4d1d,"{""d"":7,""model"":""phenomenological"",""p"":0.005}",
      4096,         2,         0,   0.035,pymatching,b472c728ad4d530b896c209c587c8d35286cd7af1000ab881e02edca7db1d327,"{""d"":9,""model"":""phenomenological"",""p"":0.01}",
      7168,         0,         0,   0.038,pymatching,1938eb02fa174e4398af57ea22b7b299d6e80e0682a4886085d64e26cc5d8b28,"{""d"":9,""model"":""phenomenological"",""p"":0.005}",
      1024,        11,         0,   0.021,pymatching,1456e7e36771270c46c96ec1e97cdcd10a2973295df224d841c8163b6a9ee50d,"{""d"":9,""model"":""phenomenological"",""p"":0.024}",
     10240,       236,         0,   0.005,pymatching,c6ffd7778d9980386493f7bc3b0a1e9a5e0bd123dc589b7085223e161ca71b2e,"{""d"":3,""model"":""circuit"",""p"":0.005}",
      4096,       177,         0,   0.048,pymatching,e8b6d48e51ae6c4d1d627bd37ef831ba7daa483dc42ee51c3a10fa2be174d065,"{""d"":7,""model"":""phenomenological"",""p"":0.03}",
     20480,         9,         0,   0.054,pymatching,d66f15834c272d5f7a1fe10a9ebb2f2d69666a762b311eb71a46a4148ed18ca1,"{""d"":7,""model"":""phenomenological"",""p"":0.01}",
       273,       143,         0,   0.051,pymatching,96d0485789385e60669fa82b3c1f72a5c86be9e46a41f97546b44e3a2255a0dc,"{""d"":9,""model"":""phenomenological"",""p"":0.2}",
      9489,       960,         0,   0.010,pymatching,32465d958c2c662e987a5509a20be78d7335fb339e4de1f00bbbcc5895063fe6,"{""d"":3,""model"":""circuit"",""p"":0.013}",
     11264,        18,         0,   0.056,pymatching,92bf88950ed347bf8f625c3787a7184ac0dd7e7c28d345ed8de5a8db591cea89,"{""d"":7,""model"":""phenomenological"",""p"":0.013}",
      1024,        79,         0,   0.001,pymatching,32465d958c2c662e987a5509a20be78d7335fb339e4de1f00bbbcc5895063fe6,"{""d"":3,""model"":""circuit"",""p"":0.013}",
      3072,         0,         0,   0.033,pymatching,acd7e92885c6a4166f58f4411d2d7f1b77bde277a9bd5c98055a76611813b924,"{""d"":9,""model"":""phenomenological"",""p"":0.013}",
     12561,       801,         0,   0.010,pymatching,6819b50a9419e9a9e2553d0af1183f1769acd6a5af6ff8d5ec5849ba86e86cd2,"{""d"":3,""model"":""circuit"",""p"":0.01}",
     30720,         0,         0,   0.105,pymatching,d8cc9c2aa429a5713ed477b1939a2eff819cd7386a3ff93fdca7863794e89a3c,"{""d"":9,""model"":""measurement"",""p"":0.005}",
      4096,       260,         0,   0.003,pymatching,6819b50a9419e9a9e2553d0af1183f1769acd6a5af6ff8d5ec5849ba86e86cd2,"{""d"":3,""model"":""circuit"",""p"":0.01}",
     10240,        35,         0,   0.058,pymatching,460019e24b31da54e5258186cf54b9aa3630a3aa41af4d3bc26e209eefdf907a,"{""d"":7,""model"":""phenomenological"",""p"":0.015}",
    556032,       254,         0,   0.094,pymatching,66dcdf13f1b81144a9110c41a4bb1cb3517cbb4bc95d19299a0b786d19ede494,"{""d"":3,""model"":""measurement"",""p"":0.005}",
      1024,        30,         0,   0.028,pymatching,6cecc889e4a3356aaa33a9fab462566969771f7153696173d382f9a537aaf15c,"{""d"":9,""model"":""phenomenological"",""p"":0.03}",
      6144,       103,         0,   0.056,pymatching,46460b2662a37908a2daef2cde5fb18e630b45f85fe5f40cde02579cf7b6d3fe,"{""d"":7,""model"":""phenomenological"",""p"":0.024}",
      3072,         8,         0,   0.038,pymatching,a55f0e7a0830d2f17c9d765550d48879eed9cb5a59262a721a9a7320f273d0a8,"{""d"":9,""model"":""phenomenological"",""p"":0.015}",
     20480,         0,         0,   0.108,pymatching,8407028e38ab80c5f461f56566276bae40a0814bc899a34e1aaa9345eb22cef3,"{""d"":9,""model"":""measurement"",""p"":0.013}",
      1024,       116,         0,   0.040,pymatching,19f2b075b6c697557280486d336db0ea3b896d01ffa67c5c17a3a7622371f056,"{""d"":9,""model"":""phenomenological"",""p"":0.04}",
    104448,        90,         0,   0.103,pymatching,39cf4456944e3f3dfe370af854528428246812e2937b4221548c557c0530e9ae,"{""d"":5,""model"":""measurement"",""p"":0.015}",
    112640,        67,         0,   0.103,pymatching,a11960e1ee7b1cb50e20b632f672e958d2f1781c86082da0a06c89a3542b6f3a,"{""d"":5,""model"":""measurement"",""p"":0.013}",
     47104,         4,         0,   0.104,pymatching,586f9f9e4edf15d86c032507ab490a443e4976c49adfd4546d9fd533639467ef,"{""d"":7,""model"":""measurement"",""p"":0.01}",
    117760,       398,         0,   0.104,pymatching,2d5dbfb35e1be9aa4a136a62bd05cad7fefb44fd4b0f1f5c7d19f23221336875,"{""d"":5,""model"":""measurement"",""p"":0.024}",
     57344,        10,         0,   0.105,pymatching,188ca1ce397017a5ad1d1e345daf924e6f5d2ee6c3beaadb4f002a574dc22ba8,"{""d"":7,""model"":""measurement"",""p"":0.013}",
     64512,         0,         0,   0.104,pymatching,769b0381ba69a0542c9985f90da82846fd031e8eb69e3de4a1cce452c519a17f,"{""d"":7,""model"":""measurement"",""p"":0.005}",
     19456,       159,         0,   0.106,pymatching,13584eaf5e358d7ebef9cdf2577580a259cd1f132eaea8c7c437d3061af1c70f,"{""d"":7,""model"":""measurement"",""p"":0.04}",
    124928,        32,         0,   0.102,pymatching,cbcde2fc3c7fda2308774b9a093e0ea67e727f342979225b679d2fb0572bb908,"{""d"":5,""model"":""measurement"",""p"":0.01}",
      2048,        17,         0,   0.042,pymatching,1456e7e36771270c46c96ec1e97cdcd10a2973295df224d841c8163b6a9ee50d,"{""d"":9,""model"":""phenomenological"",""p"":0.024}",
     23552,         0,         0,   0.109,pymatching,f8b16c1db98fb154e268a37dcebc8c5eacbd03993daab091f051fc9a559c4e8e,"{""d"":9,""model"":""measurement"",""p"":0.01}",
      5120,         0,         0,   0.043,pymatching,b472c728ad4d530b896c209c587c8d35286cd7af1000ab881e02edca7db1d327,"{""d"":9,""model"":""phenomenological"",""p"":0.01}",
     11264,        31,         0,   0.010,pymatching,2d5dbfb35e1be9aa4a136a62bd05cad7fefb44fd4b0f1f5c7d19f23221336875,"{""d"":5,""model"":""measurement"",""p"":0.024}",
    159744,         4,         0,   0.102,pymatching,4cd6019316022fc0eb77e5937db2dcb0f4078e68e5c997ec33dd6d691e235ad4,"{""d"":5,""model"":""measurement"",""p"":0.005}",
     47104,        11,         0,   0.106,pymatching,31f145f171069341c9c03bd8c5be13721d2af1d73cb9909ae960018268899e4e,"{""d"":7,""model"":""measurement"",""p"":0.015}",
      3345,      1011,         0,   0.007,pymatching,ebd05d4edefafcfb023e118f2db444b57f51a6c014fae8109c5d98d6c0af54ad,"{""d"":3,""model"":""circuit"",""p"":0.03}",
      4369,      1050,         0,   0.008,pymatching,cf180c8e53c11557fdb7ed07cd913ac3cd55c8e8fbf535ae5ab1aae13746c85b,"{""d"":3,""model"":""circuit"",""p"":0.024}",
      1024,       519,         0,   0.076,pymatching,c1826dc3c103f83115f7357df057a6a55f05ceb0b8144311ffe5e4bde359e500,"{""d"":7,""model"":""phenomenological"",""p"":0.2}",
      3345,      1307,         0,   0.009,pymatching,b6e97f639543608c7b7ec13ae242daa92a2d0b863c097477fc9194cd7458b46b,"{""d"":3,""model"":""circuit"",""p"":0.04}",
      1024,       368,         0,   0.072,pymatching,8054f4c878a9885c53a656b9011cc937f265a360b9024223b41314a24ac7f01f,"{""d"":9,""model"":""phenomenological"",""p"":0.06}",
      8465,      1085,         0,   0.010,pymatching,f0b1bd80ab1439a17ccfe676756b143580abf76d30692cc267b4c58f09903b51,"{""d"":3,""model"":""circuit"",""p"":0.015}",
     29696,        39,         0,   0.108,pymatching,723e5099025a0d91ce91848873c95bcb44aff0f98fa9e682e57f16654a44ea66,"{""d"":7,""model"":""measurement"",""p"":0.024}",
      2321,      1069,         0,   0.008,pymatching,b0c6246997c8430c4a0c78836a7bfe2126139f1d92176da189afad3d83bdd9f0,"{""d"":3,""model"":""circuit"",""p"":0.06}",
      1024,        32,         0,   0.028,pymatching,6cecc889e4a3356aaa33a9fab462566969771f7153696173d382f9a537aaf15c,"{""d"":9,""model"":""phenomenological"",""p"":0.03}",
     10240,         0,         0,   0.054,pymatching,1938eb02fa174e4398af57ea22b7b299d6e80e0682a4886085d64e26cc5d8b28,"{""d"":9,""model"":""phenomenological"",""p"":0.005}",
      2321,      1138,         0,   0.009,pymatching,7b6c73d19c87a6d6444f3f05cc42969282b6fe5e12a14f5d599660d808c8130a,"{""d"":3,""model"":""circuit"",""p"":0.1}",
     41984,       251,         0,   0.074,pymatching,b41ec325e90da16df4feac0f1c9aab57adb52a10c00c5b7feaa47293193f2925,"{""d"":5,""model"":""phenomenological"",""p"":0.013}",
      2321,      1192,         0,   0.008,pymatching,15db4c1fae497e6c4f6f565edf31aa49dc1c6b7c5492bf6e22002c14950b00fa,"{""d"":3,""model"":""circuit"",""p"":0.2}",
     24576,        67,         0,   0.106,pymatching,8343e9ec91b65ab500718f9986d86080d46172755d1ad7e4b7f7738d882a8836,"{""d"":7,""model"":""measurement"",""p"":0.03}",
     19456,         0,         0,   0.107,pymatching,86b3858361a196bf75ce5c91e577522977558d7accbb131be9c1cd69c3ad677c,"{""d"":9,""model"":""measurement"",""p"":0.015}",
      4096,         3,         0,   0.044,pymatching,acd7e92885c6a4166f58f4411d2d7f1b77bde277a9bd5c98055a76611813b924,"{""d"":9,""model"":""phenomenological"",""p"":0.013}",
     14336,         7,         0,   0.110,pymatching,8678eab7326d29e104480c44e90c8a2ae11ef0505db82d042f3a122b8db45a94,"{""d"":9,""model"":""measurement"",""p"":0.024}",
    112640,        39,         0,   0.102,pymatching,77b3fd925c651b73b67cfff8f69a7fb2d307db306949b42bf55f40e96c6858ef,"{""d"":5,""model"":""phenomenological"",""p"":0.005}",
      5120,       234,         0,   0.061,pymatching,e8b6d48e51ae6c4d1d627bd37ef831ba7daa483dc42ee51c3a10fa2be174d065,"{""d"":7,""model"":""phenomenological"",""p"":0.03}",
      1024,       116,         0,   0.041,pymatching,19f2b075b6c697557280486d336db0ea3b896d01ffa67c5c17a3a7622371f056,"{""d"":9,""model"":""phenomenological"",""p"":0.04}",
     43008,         2,         0,   0.075,pymatching,75d3d4cd8b93c1e72262291e14d5974ff0fb81a218c070e38339f320ad2b4d1d,"{""d"":7,""model"":""phenomenological"",""p"":0.005}",
     72704,       166,         0,   0.104,pymatching,dfdd9d4714f7324ef1c199bdb729b6140f70d8bc6b32afa6c61ad9d3cbb6d225,"{""d"":5,""model"":""phenomenological"",""p"":0.01}",
      4096,         4,         0,   0.051,pymatching,a55f0e7a0830d2f17c9d765550d48879eed9cb5a59262a721a9a7320f273d0a8,"{""d"":9,""model"":""phenomenological"",""p"":0.015}",
     10240,        31,         0,   0.116,pymatching,b151567ff0e3dea49e4dff91709c6765ffe99191979b5cc1160d9f286542bab9,"{""d"":9,""model"":""measurement"",""p"":0.04}",
      4369,        75,         0,   0.011,pymatching,174dfb2842a4a1c328db34ecef9d4b850ba320892af1717d5b3bf75bdc87917d,"{""d"":5,""model"":""circuit"",""p"":0.005}",
      1297,       250,         0,   0.010,pymatching,c7ef236d4f7c4a9c58bd7c630a09a7b265fb8eba68e578258b646b2353cd8c05,"{""d"":5,""model"":""circuit"",""p"":0.013}",
      2048,        18,         0,   0.042,pymatching,1456e7e36771270c46c96ec1e97cdcd10a2973295df224d841c8163b6a9ee50d,"{""d"":9,""model"":""phenomenological"",""p"":0.024}",
     25600,        17,         0,   0.076,pymatching,d66f15834c272d5f7a1fe10a9ebb2f2d69666a762b311eb71a46a4148ed18ca1,"{""d"":7,""model"":""phenomenological"",""p"":0.01}",
     12288,        11,         0,   0.110,pymatching,71f0e8e60579fb78e4677335b45c87aae0f1d77fe4d0b974f4b8ab207eef994f,"{""d"":9,""model"":""measurement"",""p"":0.03}",
      7168,       158,         0,   0.116,pymatching,0f3f19e284c5c740800ea1592bfb4a84bfc51a7b6bc05a1014545da6e4764558,"{""d"":9,""model"":""measurement"",""p"":0.06}",
      2321,       225,         0,   0.015,pymatching,0647d680d61d1aab91228f56bfbeb9342e2bc9353d00064eaafe9e79df95bbaa,"{""d"":5,""model"":""circuit"",""p"":0.01}",
      1297,       298,         0,   0.013,pymatching,7cf380b9f83f40a96b8a61fad7981acfd37aa2291c95a19e3c134ba7a3ce1889,"{""d"":5,""model"":""circuit"",""p"":0.015}",
     15360,        28,         0,   0.078,pymatching,92bf88950ed347bf8f625c3787a7184ac0dd7e7c28d345ed8de5a8db591cea89,"{""d"":7,""model"":""phenomenological"",""p"":0.013}",
      5120,        75,         0,   0.015,pymatching,174dfb2842a4a1c328db34ecef9d4b850ba320892af1717d5b3bf75bdc87917d,"{""d"":5,""model"":""circuit"",""p"":0.005}",
       273,       143,         0,   0.011,pymatching,b581d07b26166a4692ce8c26fc335f713c96a8d9363942038687b7af6a237fcd,"{""d"":5,""model"":""circuit"",""p"":0.2}",
      2048,       328,         0,   0.017,pymatching,c7ef236d4f7c4a9c58bd7c630a09a7b265fb8eba68e578258b646b2353cd8c05,"{""d"":5,""model"":""circuit"",""p"":0.013}",
     13312,        37,         0,   0.075,pymatching,460019e24b31da54e5258186cf54b9aa3630a3aa41af4d3bc26e209eefdf907a,"{""d"":7,""model"":""phenomenological"",""p"":0.015}",
      1297,       523,         0,   0.021,pymatching,c86c32ee8b64869cef8009085fddac9f5892353af54e9ecaff0f68b9aa3199fa,"{""d"":5,""model"":""circuit"",""p"":0.024}",
      7168,         1,         0,   0.062,pymatching,b472c728ad4d530b896c209c587c8d35286cd7af1000ab881e02edca7db1d327,"{""d"":9,""model"":""phenomenological"",""p"":0.01}",
      1297,       613,         0,   0.026,pymatching,68eedff9dcd03c4a050ea0729ebe7e2fc1be642d7c2d9082fde86450193bc290,"{""d"":5,""model"":""circuit"",""p"":0.03}",
      2048,       200,         0,   0.015,pymatching,0647d680d61d1aab91228f56bfbeb9342e2bc9353d00064eaafe9e79df95bbaa,"{""d"":5,""model"":""circuit"",""p"":0.01}",
      1024,       506,         0,   0.123,pymatching,9799bacd62e668a9e7a34590b79a7536a2110f459a96dcdaba46a84cfc2c390d,"{""d"":9,""model"":""phenomenological"",""p"":0.1}",
      2048,        76,         0,   0.056,pymatching,6cecc889e4a3356aaa33a9fab462566969771f7153696173d382f9a537aaf15c,"{""d"":9,""model"":""phenomenological"",""p"":0.03}",
      9216,       165,         0,   0.084,pymatching,46460b2662a37908a2daef2cde5fb18e630b45f85fe5f40cde02579cf7b6d3fe,"{""d"":7,""model"":""phenomenological"",""p"":0.024}",
      1024,       119,         0,   0.043,pymatching,19f2b075b6c697557280486d336db0ea3b896d01ffa67c5c17a3a7622371f056,"{""d"":9,""model"":""phenomenological"",""p"":0.04}",
      2048,       448,         0,   0.020,pymatching,7cf380b9f83f40a96b8a61fad7981acfd37aa2291c95a19e3c134ba7a3ce1889,"{""d"":5,""model"":""circuit"",""p"":0.015}",
      1297,       676,         0,   0.031,pymatching,97a7fbc706dece1b61ca29453af91dfb3319440af640980bdc2a157a097d60e0,"{""d"":5,""model"":""circuit"",""p"":0.04}",
      5120,         4,         0,   0.055,pymatching,acd7e92885c6a4166f58f4411d2d7f1b77bde277a9bd5c98055a76611813b924,"{""d"":9,""model"":""phenomenological"",""p"":0.013}",
    485376,       221,         0,   0.083,pymatching,66dcdf13f1b81144a9110c41a4bb1cb3517cbb4bc95d19299a0b786d19ede494,"{""d"":3,""model"":""measurement"",""p"":0.005}",
      1024,       404,         0,   0.017,pymatching,c86c32ee8b64869cef8009085fddac9f5892353af54e9ecaff0f68b9aa3199fa,"{""d"":5,""model"":""circuit"",""p"":0.024}",
      6144,        91,         0,   0.021,pymatching,174dfb2842a4a1c328db34ecef9d4b850ba320892af1717d5b3bf75bdc87917d,"{""d"":5,""model"":""circuit"",""p"":0.005}",
      1024,       355,         0,   0.071,pymatching,8054f4c878a9885c53a656b9011cc937f265a360b9024223b41314a24ac7f01f,"{""d"":9,""model"":""phenomenological"",""p"":0.06}",
      1024,       271,         0,   0.010,pymatching,7cf380b9f83f40a96b8a61fad7981acfd37aa2291c95a19e3c134ba7a3ce1889,"{""d"":5,""model"":""circuit"",""p"":0.015}",
      1297,       658,         0,   0.039,pymatching,4875a9eb9f1d20d5cc238affbbe58d8cb013db3175ded58778faf4c1b074c548,"{""d"":5,""model"":""circuit"",""p"":0.06}",
      3072,       492,         0,   0.025,pymatching,c7ef236d4f7c4a9c58bd7c630a09a7b265fb8eba68e578258b646b2353cd8c05,"{""d"":5,""model"":""circuit"",""p"":0.013}",
      1024,       451,         0,   0.019,pymatching,68eedff9dcd03c4a050ea0729ebe7e2fc1be642d7c2d9082fde86450193bc290,"{""d"":5,""model"":""circuit"",""p"":0.03}",
      3072,       304,         0,   0.020,pymatching,0647d680d61d1aab91228f56bfbeb9342e2bc9353d00064eaafe9e79df95bbaa,"{""d"":5,""model"":""circuit"",""p"":0.01}",
      1297,       652,         0,   0.044,pymatching,f7409e0fc41ffa8b857a89f13fe91ef98a9c0fd03870a45041b21eeba66fee2c,"{""d"":5,""model"":""circuit"",""p"":0.1}",
     14336,         0,         0,   0.076,pymatching,1938eb02fa174e4398af57ea22b7b299d6e80e0682a4886085d64e26cc5d8b28,"{""d"":9,""model"":""phenomenological"",""p"":0.005}",
      1024,       373,         0,   0.016,pymatching,c86c32ee8b64869cef8009085fddac9f5892353af54e9ecaff0f68b9aa3199fa,"{""d"":5,""model"":""circuit"",""p"":0.024}",
      1024,       509,         0,   0.039,pymatching,b581d07b26166a4692ce8c26fc335f713c96a8d9363942038687b7af6a237fcd,"{""d"":5,""model"":""circuit"",""p"":0.2}",
      1024,       473,         0,   0.024,pymatching,97a7fbc706dece1b61ca29453af91dfb3319440af640980bdc2a157a097d60e0,"{""d"":5,""model"":""circuit"",""p"":0.04}",
      5120,         7,         0,   0.063,pymatching,a55f0e7a0830d2f17c9d765550d48879eed9cb5a59262a721a9a7320f273d0a8,"{""d"":9,""model"":""phenomenological"",""p"":0.015}",
      3072,       296,         0,   0.020,pymatching,0647d680d61d1aab91228f56bfbeb9342e2bc9353d00064eaafe9e79df95bbaa,"{""d"":5,""model"":""circuit"",""p"":0.01}",
      3072,        41,         0,   0.063,pymatching,1456e7e36771270c46c96ec1e97cdcd10a2973295df224d841c8163b6a9ee50d,"{""d"":9,""model"":""phenomenological"",""p"":0.024}",
      1024,       512,         0,   0.022,pymatching,4875a9eb9f1d20d5cc238affbbe58d8cb013db3175ded58778faf4c1b074c548,"{""d"":5,""model"":""circuit"",""p"":0.06}",
     10240,       171,         0,   0.030,pymatching,174dfb2842a4a1c328db34ecef9d4b850ba320892af1717d5b3bf75bdc87917d,"{""d"":5,""model"":""circuit"",""p"":0.005}",
      7168,       300,         0,   0.086,pymatching,e8b6d48e51ae6c4d1d627bd37ef831ba7daa483dc42ee51c3a10fa2be174d065,"{""d"":7,""model"":""phenomenological"",""p"":0.03}",
      2048,        62,         0,   0.055,pymatching,6cecc889e4a3356aaa33a9fab462566969771f7153696173d382f9a537aaf15c,"{""d"":9,""model"":""phenomenological"",""p"":0.03}",
      1024,       538,         0,   0.036,pymatching,f7409e0fc41ffa8b857a89f13fe91ef98a9c0fd03870a45041b21eeba66fee2c,"{""d"":5,""model"":""circuit"",""p"":0.1}",
     40960,         0,         0,   0.147,pymatching,d8cc9c2aa429a5713ed477b1939a2eff819cd7386a3ff93fdca7863794e89a3c,"{""d"":9,""model"":""measurement"",""p"":0.005}",
      1297,        17,         0,   0.013,pymatching,1b24794c17d068fb410b0f6b6ddf86baef8ce43e08f91c27ee1bc8ac50d49539,"{""d"":7,""model"":""circuit"",""p"":0.005}",
      1024,       531,         0,   0.039,pymatching,b581d07b26166a4692ce8c26fc335f713c96a8d9363942038687b7af6a237fcd,"{""d"":5,""model"":""circuit"",""p"":0.2}",
    145408,       111,         0,   0.145,pymatching,39cf4456944e3f3dfe370af854528428246812e2937b4221548c557c0530e9ae,"{""d"":5,""model"":""measurement"",""p"":0.015}",
    157696,       101,         0,   0.144,pymatching,a11960e1ee7b1cb50e20b632f672e958d2f1781c86082da0a06c89a3542b6f3a,"{""d"":5,""model"":""measurement"",""p"":0.013}",
     28672,         1,         0,   0.151,pymatching,8407028e38ab80c5f461f56566276bae40a0814bc899a34e1aaa9345eb22cef3,"{""d"":9,""model"":""measurement"",""p"":0.013}",
     45056,         0,         0,   0.104,pymatching,75d3d4cd8b93c1e72262291e14d5974ff0fb81a218c070e38339f320ad2b4d1d,"{""d"":7,""model"":""phenomenological"",""p"":0.005}",
     66560,         3,         0,   0.147,pymatching,586f9f9e4edf15d86c032507ab490a443e4976c49adfd4546d9fd533639467ef,"{""d"":7,""model"":""measurement"",""p"":0.01}",
       273,        95,         0,   0.011,pymatching,986395298dc87d6a8c54a10112f18df1938c24e723c4a7629a0afd95e9822f49,"{""d"":7,""model"":""circuit"",""p"":0.015}",
      8192,         0,         0,   0.079,pymatching,b472c728ad4d530b896c209c587c8d35286cd7af1000ab881e02edca7db1d327,"{""d"":9,""model"":""phenomenological"",""p"":0.01}",
     68608,         5,         0,   0.147,pymatching,188ca1ce397017a5ad1d1e345daf924e6f5d2ee6c3beaadb4f002a574dc22ba8,"{""d"":7,""model"":""measurement"",""p"":0.013}",
     83968,         1,         0,   0.146,pymatching,769b0381ba69a0542c9985f90da82846fd031e8eb69e3de4a1cce452c519a17f,"{""d"":7,""model"":""measurement"",""p"":0.005}",
     14336,       236,         0,   0.040,pymatching,174dfb2842a4a1c328db34ecef9d4b850ba320892af1717d5b3bf75bdc87917d,"{""d"":5,""model"":""circuit"",""p"":0.005}",
    175104,        47,         0,   0.144,pymatching,cbcde2fc3c7fda2308774b9a093e0ea67e727f342979225b679d2fb0572bb908,"{""d"":5,""model"":""measurement"",""p"":0.01}",
     30720,       223,         0,   0.148,pymatching,13584eaf5e358d7ebef9cdf2577580a259cd1f132eaea8c7c437d3061af1c70f,"{""d"":7,""model"":""measurement"",""p"":0.04}",
     31744,         0,         0,   0.147,pymatching,f8b16c1db98fb154e268a37dcebc8c5eacbd03993daab091f051fc9a559c4e8e,"{""d"":9,""model"":""measurement"",""p"":0.01}",
    223232,        15,         0,   0.143,pymatching,4cd6019316022fc0eb77e5937db2dcb0f4078e68e5c997ec33dd6d691e235ad4,"{""d"":5,""model"":""measurement"",""p"":0.005}",
      1024,       363,         0,   0.071,pymatching,8054f4c878a9885c53a656b9011cc937f265a360b9024223b41314a24ac7f01f,"{""d"":9,""model"":""phenomenological"",""p"":0.06}",
      7168,         4,         0,   0.076,pymatching,acd7e92885c6a4166f58f4411d2d7f1b77bde277a9bd5c98055a76611813b924,"{""d"":9,""model"":""phenomenological"",""p"":0.013}",
     29696,        23,         0,   0.107,pymatching,d66f15834c272d5f7a1fe10a9ebb2f2d69666a762b311eb71a46a4148ed18ca1,"{""d"":7,""model"":""phenomenological"",""p"":0.01}",
     62464,        13,         0,   0.147,pymatching,31f145f171069341c9c03bd8c5be13721d2af1d73cb9909ae960018268899e4e,"{""d"":7,""model"":""measurement"",""p"":0.015}",
      2048,       216,         0,   0.083,pymatching,19f2b075b6c697557280486d336db0ea3b896d01ffa67c5c17a3a7622371f056,"{""d"":9,""model"":""phenomenological"",""p"":0.04}",
      2048,        35,         0,   0.020,pymatching,1b24794c17d068fb410b0f6b6ddf86baef8ce43e08f91c27ee1bc8ac50d49539,"{""d"":7,""model"":""circuit"",""p"":0.005}",
       273,       119,         0,   0.018,pymatching,01bd5ac44113bf334528ff94f2fc0bfb455c303f3bd646bf9913d8e667dc9b05,"{""d"":7,""model"":""circuit"",""p"":0.024}",
      1297,       155,         0,   0.031,pymatching,c4dcddd83ea6f5be50e24c181f6896fefc2eab1afff1957ce5250bce2c77c95a,"{""d"":7,""model"":""circuit"",""p"":0.01}",
     44032,        48,         0,   0.148,pymatching,723e5099025a0d91ce91848873c95bcb44aff0f98fa9e682e57f16654a44ea66,"{""d"":7,""model"":""measurement"",""p"":0.024}",
      1024,       496,         0,   0.188,pymatching,96d0485789385e60669fa82b3c1f72a5c86be9e46a41f97546b44e3a2255a0dc,"{""d"":9,""model"":""phenomenological"",""p"":0.2}",
      1297,       343,         0,   0.039,pymatching,914e4f2e0dbd237f6c2d40d1a9ac912707dc90f6ee105ad1b08c8d36401c97cd,"{""d"":7,""model"":""circuit"",""p"":0.013}",
     21504,        34,         0,   0.108,pymatching,92bf88950ed347bf8f625c3787a7184ac0dd7e7c28d345ed8de5a8db591cea89,"{""d"":7,""model"":""phenomenological"",""p"":0.013}",
       273,       130,         0,   0.021,pymatching,a43c24f782b7469ab0477e5f1cfbc5b57ceca4ab27afaba2ae73255cdcb47d18,"{""d"":7,""model"":""circuit"",""p"":0.03}",
     34816,       100,         0,   0.150,pymatching,8343e9ec91b65ab500718f9986d86080d46172755d1ad7e4b7f7738d882a8836,"{""d"":7,""model"":""measurement"",""p"":0.03}",
     29696,         0,         0,   0.148,pymatching,86b3858361a196bf75ce5c91e577522977558d7accbb131be9c1cd69c3ad677c,"{""d"":9,""model"":""measurement"",""p"":0.015}",
     19456,        62,         0,   0.110,pymatching,460019e24b31da54e5258186cf54b9aa3630a3aa41af4d3bc26e209eefdf907a,"{""d"":7,""model"":""phenomenological"",""p"":0.015}",
    157696,        46,         0,   0.144,pymatching,77b3fd925c651b73b67cfff8f69a7fb2d307db306949b42bf55f40e96c6858ef,"{""d"":5,""model"":""phenomenological"",""p"":0.005}",
     19456,         6,         0,   0.151,pymatching,8678eab7326d29e104480c44e90c8a2ae11ef0505db82d042f3a122b8db45a94,"{""d"":9,""model"":""measurement"",""p"":0.024}",
      2048,        16,         0,   0.020,pymatching,1b24794c17d068fb410b0f6b6ddf86baef8ce43e08f91c27ee1bc8ac50d49539,"{""d"":7,""model"":""circuit"",""p"":0.005}",
       273,       132,         0,   0.024,pymatching,1b056545748baea06a4e8ceb7e5130b240dfe2eeee735388146e582eb9bb51cc,"{""d"":7,""model"":""circuit"",""p"":0.04}",
      6144,         9,         0,   0.077,pymatching,a55f0e7a0830d2f17c9d765550d48879eed9cb5a59262a721a9a7320f273d0a8,"{""d"":9,""model"":""phenomenological"",""p"":0.015}",
      1024,       348,         0,   0.038,pymatching,986395298dc87d6a8c54a10112f18df1938c24e723c4a7629a0afd95e9822f49,"{""d"":7,""model"":""circuit"",""p"":0.015}",
       273,       144,         0,   0.029,pymatching,0c0440b34e052878e8573a3b9bc0d65c56d7c64c9e27bf1b3b8f9feba8b62d97,"{""d"":7,""model"":""circuit"",""p"":0.06}",
      1024,       117,         0,   0.024,pymatching,c4dcddd83ea6f5be50e24c181f6896fefc2eab1afff1957ce5250bce2c77c95a,"{""d"":7,""model"":""circuit"",""p"":0.01}",
     13312,       218,         0,   0.112,pymatching,46460b2662a37908a2daef2cde5fb18e630b45f85fe5f40cde02579cf7b6d3fe,"{""d"":7,""model"":""phenomenological"",""p"":0.024}",
     97280,       241,         0,   0.145,pymatching,dfdd9d4714f7324ef1c199bdb729b6140f70d8bc6b32afa6c61ad9d3cbb6d225,"{""d"":5,""model"":""phenomenological"",""p"":0.01}",
      1024,       524,         0,   0.123,pymatching,9799bacd62e668a9e7a34590b79a7536a2110f459a96dcdaba46a84cfc2c390d,"{""d"":9,""model"":""phenomenological"",""p"":0.1}",
      4096,        37,         0,   0.083,pymatching,1456e7e36771270c46c96ec1e97cdcd10a2973295df224d841c8163b6a9ee50d,"{""d"":9,""model"":""phenomenological"",""p"":0.024}",
     13312,        48,         0,   0.150,pymatching,b151567ff0e3dea49e4dff91709c6765ffe99191979b5cc1160d9f286542bab9,"{""d"":9,""model"":""measurement"",""p"":0.04}",
       273,       126,         0,   0.033,pymatching,5020e9c0fb058c6ad0d667d13bb5e3f344ba39c5459602c25a44d6da8741d3d1,"{""d"":7,""model"":""circuit"",""p"":0.1}",
      1024,       233,         0,   0.031,pymatching,914e4f2e0dbd237f6c2d40d1a9ac912707dc90f6ee105ad1b08c8d36401c97cd,"{""d"":7,""model"":""circuit"",""p"":0.013}",
     16384,        14,         0,   0.148,pymatching,71f0e8e60579fb78e4677335b45c87aae0f1d77fe4d0b974f4b8ab207eef994f,"{""d"":9,""model"":""measurement"",""p"":0.03}",
      9216,       222,         0,   0.149,pymatching,0f3f19e284c5c740800ea1592bfb4a84bfc51a7b6bc05a1014545da6e4764558,"{""d"":9,""model"":""measurement"",""p"":0.06}",
     20480,         0,         0,   0.110,pymatching,1938eb02fa174e4398af57ea22b7b299d6e80e0682a4886085d64e26cc5d8b28,"{""d"":9,""model"":""phenomenological"",""p"":0.005}",
     18432,       328,         0,   0.055,pymatching,174dfb2842a4a1c328db34ecef9d4b850ba320892af1717d5b3bf75bdc87917d,"{""d"":5,""model"":""circuit"",""p"":0.005}",
      3072,        42,         0,   0.030,pymatching,1b24794c17d068fb410b0f6b6ddf86baef8ce43e08f91c27ee1bc8ac50d49539,"{""d"":7,""model"":""circuit"",""p"":0.005}",
      1024,       132,         0,   0.026,pymatching,c4dcddd83ea6f5be50e24c181f6896fefc2eab1afff1957ce5250bce2c77c95a,"{""d"":7,""model"":""circuit"",""p"":0.01}",
       273,       150,         0,   0.038,pymatching,c409ae35843e8794950e10f40b48db1238032fee4c54a7eb98259f922a1b2444,"{""d"":7,""model"":""circuit"",""p"":0.2}",
      3072,       104,         0,   0.085,pymatching,6cecc889e4a3356aaa33a9fab462566969771f7153696173d382f9a537aaf15c,"{""d"":9,""model"":""phenomenological"",""p"":0.03}",
      2048,        25,         0,   0.006,pymatching,174dfb2842a4a1c328db34ecef9d4b850ba320892af1717d5b3bf75bdc87917d,"{""d"":5,""model"":""circuit"",""p"":0.005}",
      1024,       312,         0,   0.037,pymatching,986395298dc87d6a8c54a10112f18df1938c24e723c4a7629a0afd95e9822f49,"{""d"":7,""model"":""circuit"",""p"":0.015}",
      1024,       481,         0,   0.062,pymatching,01bd5ac44113bf334528ff94f2fc0bfb455c303f3bd646bf9913d8e667dc9b05,"{""d"":7,""model"":""circuit"",""p"":0.024}",
      1024,       216,         0,   0.031,pymatching,914e4f2e0dbd237f6c2d40d1a9ac912707dc90f6ee105ad1b08c8d36401c97cd,"{""d"":7,""model"":""circuit"",""p"":0.013}",
      1297,        16,         0,   0.026,pymatching,ed04fb049d0443ba172e6d4a2e55c04a333284a556ff41df22f3270752d27365,"{""d"":9,""model"":""circuit"",""p"":0.005}",
     28672,        79,         0,   0.041,pymatching,dfdd9d4714f7324ef1c199bdb729b6140f70d8bc6b32afa6c61ad9d3cbb6d225,"{""d"":5,""model"":""phenomenological"",""p"":0.01}",
       273,        38,         0,   0.017,pymatching,4e73d9888e58c251221577a5750584a9bbd84544b6e6c0c9b08ac6a221af4d1b,"{""d"":9,""model"":""circuit"",""p"":0.01}",
      1024,       499,         0,   0.072,pymatching,a43c24f782b7469ab0477e5f1cfbc5b57ceca4ab27afaba2ae73255cdcb47d18,"{""d"":7,""model"":""circuit"",""p"":0.03}",
      2048,       211,         0,   0.083,pymatching,19f2b075b6c697557280486d336db0ea3b896d01ffa67c5c17a3a7622371f056,"{""d"":9,""model"":""phenomenological"",""p"":0.04}",
      4096,        43,         0,   0.039,pymatching,1b24794c17d068fb410b0f6b6ddf86baef8ce43e08f91c27ee1bc8ac50d49539,"{""d"":7,""model"":""circuit"",""p"":0.005}",
      1024,         6,         0,   0.020,pymatching,ed04fb049d0443ba172e6d4a2e55c04a333284a556ff41df22f3270752d27365,"{""d"":9,""model"":""circuit"",""p"":0.005}",
     12288,         3,         0,   0.106,pymatching,b472c728ad4d530b896c209c587c8d35286cd7af1000ab881e02edca7db1d327,"{""d"":9,""model"":""phenomenological"",""p"":0.01}",
      1024,       306,         0,   0.038,pymatching,986395298dc87d6a8c54a10112f18df1938c24e723c4a7629a0afd95e9822f49,"{""d"":7,""model"":""circuit"",""p"":0.015}",
      1024,       238,         0,   0.032,pymatching,914e4f2e0dbd237f6c2d40d1a9ac912707dc90f6ee105ad1b08c8d36401c97cd,"{""d"":7,""model"":""circuit"",""p"":0.013}",
     19456,       147,         0,   0.107,pymatching,13584eaf5e358d7ebef9cdf2577580a259cd1f132eaea8c7c437d3061af1c70f,"{""d"":7,""model"":""measurement"",""p"":0.04}",
      2048,       239,         0,   0.049,pymatching,c4dcddd83ea6f5be50e24c181f6896fefc2eab1afff1957ce5250bce2c77c95a,"{""d"":7,""model"":""circuit"",""p"":0.01}",
     10240,         4,         0,   0.109,pymatching,acd7e92885c6a4166f58f4411d2d7f1b77bde277a9bd5c98055a76611813b924,"{""d"":9,""model"":""phenomenological"",""p"":0.013}",
      1024,       495,         0,   0.088,pymatching,1b056545748baea06a4e8ceb7e5130b240dfe2eeee735388146e582eb9bb51cc,"{""d"":7,""model"":""circuit"",""p"":0.04}",
      1024,        13,         0,   0.022,pymatching,ed04fb049d0443ba172e6d4a2e55c04a333284a556ff41df22f3270752d27365,"{""d"":9,""model"":""circuit"",""p"":0.005}",
      1024,       486,         0,   0.097,pymatching,0c0440b34e052878e8573a3b9bc0d65c56d7c64c9e27bf1b3b8f9feba8b62d97,"{""d"":7,""model"":""circuit"",""p"":0.06}",
       273,        84,         0,   0.024,pymatching,724bb7922d5eed8ab08d3f20526f4ab8fd5f5aba0c9c722f2d93fbbb1155f6c6,"{""d"":9,""model"":""circuit"",""p"":0.013}",
      1024,       475,         0,   0.061,pymatching,01bd5ac44113bf334528ff94f2fc0bfb455c303f3bd646bf9913d8e667dc9b05,"{""d"":7,""model"":""circuit"",""p"":0.024}",
      1024,       119,         0,   0.042,pymatching,19f2b075b6c697557280486d336db0ea3b896d01ffa67c5c17a3a7622371f056,"{""d"":9,""model"":""phenomenological"",""p"":0.04}",
     58368,         1,         0,   0.147,pymatching,75d3d4cd8b93c1e72262291e14d5974ff0fb81a218c070e38339f320ad2b4d1d,"{""d"":7,""model"":""phenomenological"",""p"":0.005}",
      1024,       146,         0,   0.059,pymatching,4e73d9888e58c251221577a5750584a9bbd84544b6e6c0c9b08ac6a221af4d1b,"{""d"":9,""model"":""circuit"",""p"":0.01}",
      9216,        13,         0,   0.116,pymatching,a55f0e7a0830d2f17c9d765550d48879eed9cb5a59262a721a9a7320f273d0a8,"{""d"":9,""model"":""phenomenological"",""p"":0.015}",
      2048,       255,         0,   0.039,pymatching,c4dcddd83ea6f5be50e24c181f6896fefc2eab1afff1957ce5250bce2c77c95a,"{""d"":7,""model"":""circuit"",""p"":0.01}",
     38912,        22,         0,   0.147,pymatching,d66f15834c272d5f7a1fe10a9ebb2f2d69666a762b311eb71a46a4148ed18ca1,"{""d"":7,""model"":""phenomenological"",""p"":0.01}",
       273,       104,         0,   0.028,pymatching,5e587b77c0dc91fc74a8ee186a3ab16972acd4391658b85c940e5a813d0f774e,"{""d"":9,""model"":""circuit"",""p"":0.015}",
      6144,        63,         0,   0.061,pymatching,1b24794c17d068fb410b0f6b6ddf86baef8ce43e08f91c27ee1bc8ac50d49539,"{""d"":7,""model"":""circuit"",""p"":0.005}",
      6144,        78,         0,   0.118,pymatching,1456e7e36771270c46c96ec1e97cdcd10a2973295df224d841c8163b6a9ee50d,"{""d"":9,""model"":""phenomenological"",""p"":0.024}",
      1024,       520,         0,   0.118,pymatching,5020e9c0fb058c6ad0d667d13bb5e3f344ba39c5459602c25a44d6da8741d3d1,"{""d"":7,""model"":""circuit"",""p"":0.1}",
      1024,       511,         0,   0.073,pymatching,a43c24f782b7469ab0477e5f1cfbc5b57ceca4ab27afaba2ae73255cdcb47d18,"{""d"":7,""model"":""circuit"",""p"":0.03}",
     31744,        61,         0,   0.150,pymatching,92bf88950ed347bf8f625c3787a7184ac0dd7e7c28d345ed8de5a8db591cea89,"{""d"":7,""model"":""phenomenological"",""p"":0.013}",
      7168,       174,         0,   0.117,pymatching,0f3f19e284c5c740800ea1592bfb4a84bfc51a7b6bc05a1014545da6e4764558,"{""d"":9,""model"":""measurement"",""p"":0.06}",
      2048,        24,         0,   0.047,pymatching,ed04fb049d0443ba172e6d4a2e55c04a333284a556ff41df22f3270752d27365,"{""d"":9,""model"":""circuit"",""p"":0.005}",
      4096,       128,         0,   0.112,pymatching,6cecc889e4a3356aaa33a9fab462566969771f7153696173d382f9a537aaf15c,"{""d"":9,""model"":""phenomenological"",""p"":0.03}",
      1024,       138,         0,   0.025,pymatching,c4dcddd83ea6f5be50e24c181f6896fefc2eab1afff1957ce5250bce2c77c95a,"{""d"":7,""model"":""circuit"",""p"":0.01}",
     26624,        69,         0,   0.150,pymatching,460019e24b31da54e5258186cf54b9aa3630a3aa41af4d3bc26e209eefdf907a,"{""d"":7,""model"":""phenomenological"",""p"":0.015}",
     15360,       252,         0,   0.139,pymatching,46460b2662a37908a2daef2cde5fb18e630b45f85fe5f40cde02579cf7b6d3fe,"{""d"":7,""model"":""phenomenological"",""p"":0.024}",
       273,       128,         0,   0.043,pymatching,c8f526380323cdebafe32f7664f2bacdf980de37f244d95aeccdfa73877e971f,"{""d"":9,""model"":""circuit"",""p"":0.024}",
     14609,         1,         0,   0.010,pymatching,4cd6019316022fc0eb77e5937db2dcb0f4078e68e5c997ec33dd6d691e235ad4,"{""d"":5,""model"":""measurement"",""p"":0.005}",
     60416,         0,         0,   0.208,pymatching,d8cc9c2aa429a5713ed477b1939a2eff819cd7386a3ff93fdca7863794e89a3c,"{""d"":9,""model"":""measurement"",""p"":0.005}",
    212992,       211,         0,   0.202,pymatching,39cf4456944e3f3dfe370af854528428246812e2937b4221548c557c0530e9ae,"{""d"":5,""model"":""measurement"",""p"":0.015}",
    220160,       116,         0,   0.202,pymatching,a11960e1ee7b1cb50e20b632f672e958d2f1781c86082da0a06c89a3542b6f3a,"{""d"":5,""model"":""measurement"",""p"":0.013}",
     11537,         4,         0,   0.010,pymatching,cbcde2fc3c7fda2308774b9a093e0ea67e727f342979225b679d2fb0572bb908,"{""d"":5,""model"":""measurement"",""p"":0.01}",
      1024,       521,         0,   0.139,pymatching,c409ae35843e8794950e10f40b48db1238032fee4c54a7eb98259f922a1b2444,"{""d"":7,""model"":""circuit"",""p"":0.2}",
      1024,       510,         0,   0.188,pymatching,96d0485789385e60669fa82b3c1f72a5c86be9e46a41f97546b44e3a2255a0dc,"{""d"":9,""model"":""phenomenological"",""p"":0.2}",
     93184,         0,         0,   0.206,pymatching,586f9f9e4edf15d86c032507ab490a443e4976c49adfd4546d9fd533639467ef,"{""d"":7,""model"":""measurement"",""p"":0.01}",
     39936,         0,         0,   0.210,pymatching,8407028e38ab80c5f461f56566276bae40a0814bc899a34e1aaa9345eb22cef3,"{""d"":9,""model"":""measurement"",""p"":0.013}",
      1024,       177,         0,   0.060,pymatching,4e73d9888e58c251221577a5750584a9bbd84544b6e6c0c9b08ac6a221af4d1b,"{""d"":9,""model"":""circuit"",""p"":0.01}",
      1024,       516,         0,   0.087,pymatching,1b056545748baea06a4e8ceb7e5130b240dfe2eeee735388146e582eb9bb51cc,"{""d"":7,""model"":""circuit"",""p"":0.04}",
     84992,         9,         0,   0.205,pymatching,188ca1ce397017a5ad1d1e345daf924e6f5d2ee6c3beaadb4f002a574dc22ba8,"{""d"":7,""model"":""measurement"",""p"":0.013}",
     27648,         0,         0,   0.150,pymatching,1938eb02fa174e4398af57ea22b7b299d6e80e0682a4886085d64e26cc5d8b28,"{""d"":9,""model"":""phenomenological"",""p"":0.005}",
    122880,         0,         0,   0.204,pymatching,769b0381ba69a0542c9985f90da82846fd031e8eb69e3de4a1cce452c519a17f,"{""d"":7,""model"":""measurement"",""p"":0.005}",
      9489,        10,         0,   0.010,pymatching,39cf4456944e3f3dfe370af854528428246812e2937b4221548c557c0530e9ae,"{""d"":5,""model"":""measurement"",""p"":0.015}",
     10513,        10,         0,   0.010,pymatching,a11960e1ee7b1cb50e20b632f672e958d2f1781c86082da0a06c89a3542b6f3a,"{""d"":5,""model"":""measurement"",""p"":0.013}",
     11264,         1,         0,   0.014,pymatching,4cd6019316022fc0eb77e5937db2dcb0f4078e68e5c997ec33dd6d691e235ad4,"{""d"":5,""model"":""measurement"",""p"":0.005}",
    245760,        66,         0,   0.201,pymatching,cbcde2fc3c7fda2308774b9a093e0ea67e727f342979225b679d2fb0572bb908,"{""d"":5,""model"":""measurement"",""p"":0.01}",
    310272,        10,         0,   0.199,pymatching,4cd6019316022fc0eb77e5937db2dcb0f4078e68e5c997ec33dd6d691e235ad4,"{""d"":5,""model"":""measurement"",""p"":0.005}",
     78848,        19,         0,   0.206,pymatching,31f145f171069341c9c03bd8c5be13721d2af1d73cb9909ae960018268899e4e,"{""d"":7,""model"":""measurement"",""p"":0.015}",
     45056,         0,         0,   0.209,pymatching,f8b16c1db98fb154e268a37dcebc8c5eacbd03993daab091f051fc9a559c4e8e,"{""d"":9,""model"":""measurement"",""p"":0.01}",
     16384,         6,         0,   0.014,pymatching,cbcde2fc3c7fda2308774b9a093e0ea67e727f342979225b679d2fb0572bb908,"{""d"":5,""model"":""measurement"",""p"":0.01}",
      1024,       325,         0,   0.084,pymatching,724bb7922d5eed8ab08d3f20526f4ab8fd5f5aba0c9c722f2d93fbbb1155f6c6,"{""d"":9,""model"":""circuit"",""p"":0.013}",
      2048,        14,         0,   0.047,pymatching,ed04fb049d0443ba172e6d4a2e55c04a333284a556ff41df22f3270752d27365,"{""d"":9,""model"":""circuit"",""p"":0.005}",
     56320,        63,         0,   0.206,pymatching,723e5099025a0d91ce91848873c95bcb44aff0f98fa9e682e57f16654a44ea66,"{""d"":7,""model"":""measurement"",""p"":0.024}",
     14336,         2,         0,   0.014,pymatching,a11960e1ee7b1cb50e20b632f672e958d2f1781c86082da0a06c89a3542b6f3a,"{""d"":5,""model"":""measurement"",""p"":0.013}",
     14336,         9,         0,   0.014,pymatching,39cf4456944e3f3dfe370af854528428246812e2937b4221548c557c0530e9ae,"{""d"":5,""model"":""measurement"",""p"":0.015}",
       273,       126,         0,   0.052,pymatching,a16a94aa52795c66036d302b0e81e8e074e99510cc9e764d863c43f0afb8cead,"{""d"":9,""model"":""circuit"",""p"":0.03}",
     28672,         0,         0,   0.019,pymatching,4cd6019316022fc0eb77e5937db2dcb0f4078e68e5c997ec33dd6d691e235ad4,"{""d"":5,""model"":""measurement"",""p"":0.005}",
     36864,         4,         0,   0.207,pymatching,86b3858361a196bf75ce5c91e577522977558d7accbb131be9c1cd69c3ad677c,"{""d"":9,""model"":""measurement"",""p"":0.015}",
     47104,       121,         0,   0.209,pymatching,8343e9ec91b65ab500718f9986d86080d46172755d1ad7e4b7f7738d882a8836,"{""d"":7,""model"":""measurement"",""p"":0.03}",
    220160,        69,         0,   0.201,pymatching,77b3fd925c651b73b67cfff8f69a7fb2d307db306949b42bf55f40e96c6858ef,"{""d"":5,""model"":""phenomenological"",""p"":0.005}",
     23552,         4,         0,   0.019,pymatching,cbcde2fc3c7fda2308774b9a093e0ea67e727f342979225b679d2fb0572bb908,"{""d"":5,""model"":""measurement"",""p"":0.01}",
      1024,       520,         0,   0.104,pymatching,0c0440b34e052878e8573a3b9bc0d65c56d7c64c9e27bf1b3b8f9feba8b62d97,"{""d"":7,""model"":""circuit"",""p"":0.06}",
       273,       142,         0,   0.061,pymatching,78daa96cdfed54c2642aa5c21cfeea89431df86fb015b2a42c9f37fd04fdb66d,"{""d"":9,""model"":""circuit"",""p"":0.04}",
      5393,         0,         0,   0.010,pymatching,769b0381ba69a0542c9985f90da82846fd031e8eb69e3de4a1cce452c519a17f,"{""d"":7,""model"":""measurement"",""p"":0.005}",
      4369,         0,         0,   0.010,pymatching,586f9f9e4edf15d86c032507ab490a443e4976c49adfd4546d9fd533639467ef,"{""d"":7,""model"":""measurement"",""p"":0.01}",
      8192,       106,         0,   0.080,pymatching,1b24794c17d068fb410b0f6b6ddf86baef8ce43e08f91c27ee1bc8ac50d49539,"{""d"":7,""model"":""circuit"",""p"":0.005}",
       273,       141,         0,   0.066,pymatching,d2ba74f75afa4d2b996302c87c0444dfe7112e4e460c1884258fba083b6e2c5b,"{""d"":9,""model"":""circuit"",""p"":0.06}",
     27648,        12,         0,   0.213,pymatching,8678eab7326d29e104480c44e90c8a2ae11ef0505db82d042f3a122b8db45a94,"{""d"":9,""model"":""measurement"",""p"":0.024}",
     18432,         9,         0,   0.019,pymatching,a11960e1ee7b1cb50e20b632f672e958d2f1781c86082da0a06c89a3542b6f3a,"{""d"":5,""model"":""measurement"",""p"":0.013}",
     19456,        19,         0,   0.020,pymatching,39cf4456944e3f3dfe370af854528428246812e2937b4221548c557c0530e9ae,"{""d"":5,""model"":""measurement"",""p"":0.015}",
      8192,         0,         0,   0.014,pymatching,769b0381ba69a0542c9985f90da82846fd031e8eb69e3de4a1cce452c519a17f,"{""d"":7,""model"":""measurement"",""p"":0.005}",
      6144,         0,         0,   0.014,pymatching,586f9f9e4edf15d86c032507ab490a443e4976c49adfd4546d9fd533639467ef,"{""d"":7,""model"":""measurement"",""p"":0.01}",
      1024,       373,         0,   0.098,pymatching,5e587b77c0dc91fc74a8ee186a3ab16972acd4391658b85c940e5a813d0f774e,"{""d"":9,""model"":""circuit"",""p"":0.015}",
     18432,        76,         0,   0.210,pymatching,b151567ff0e3dea49e4dff91709c6765ffe99191979b5cc1160d9f286542bab9,"{""d"":9,""model"":""measurement"",""p"":0.04}",
     39936,         3,         0,   0.026,pymatching,4cd6019316022fc0eb77e5937db2dcb0f4078e68e5c997ec33dd6d691e235ad4,"{""d"":5,""model"":""measurement"",""p"":0.005}",
     18432,         1,         0,   0.154,pymatching,b472c728ad4d530b896c209c587c8d35286cd7af1000ab881e02edca7db1d327,"{""d"":9,""model"":""phenomenological"",""p"":0.01}",
     32768,        13,         0,   0.027,pymatching,cbcde2fc3c7fda2308774b9a093e0ea67e727f342979225b679d2fb0572bb908,"{""d"":5,""model"":""measurement"",""p"":0.01}",
     23552,        24,         0,   0.213,pymatching,71f0e8e60579fb78e4677335b45c87aae0f1d77fe4d0b974f4b8ab207eef994f,"{""d"":9,""model"":""measurement"",""p"":0.03}",
      1024,       155,         0,   0.059,pymatching,4e73d9888e58c251221577a5750584a9bbd84544b6e6c0c9b08ac6a221af4d1b,"{""d"":9,""model"":""circuit"",""p"":0.01}",
      4369,         0,         0,   0.012,pymatching,188ca1ce397017a5ad1d1e345daf924e6f5d2ee6c3beaadb4f002a574dc22ba8,"{""d"":7,""model"":""measurement"",""p"":0.013}",
     29696,        27,         0,   0.027,pymatching,a11960e1ee7b1cb50e20b632f672e958d2f1781c86082da0a06c89a3542b6f3a,"{""d"":5,""model"":""measurement"",""p"":0.013}",
     14336,         8,         0,   0.155,pymatching,acd7e92885c6a4166f58f4411d2d7f1b77bde277a9bd5c98055a76611813b924,"{""d"":9,""model"":""phenomenological"",""p"":0.013}",
     11264,         0,         0,   0.020,pymatching,769b0381ba69a0542c9985f90da82846fd031e8eb69e3de4a1cce452c519a17f,"{""d"":7,""model"":""measurement"",""p"":0.005}",
     26624,        27,         0,   0.027,pymatching,39cf4456944e3f3dfe370af854528428246812e2937b4221548c557c0530e9ae,"{""d"":5,""model"":""measurement"",""p"":0.015}",
      9216,         1,         0,   0.021,pymatching,586f9f9e4edf15d86c032507ab490a443e4976c49adfd4546d9fd533639467ef,"{""d"":7,""model"":""measurement"",""p"":0.01}",
      1024,       507,         0,   0.111,pymatching,5020e9c0fb058c6ad0d667d13bb5e3f344ba39c5459602c25a44d6da8741d3d1,"{""d"":7,""model"":""circuit"",""p"":0.1}",
       273,       138,         0,   0.085,pymatching,f0cb6241b374348af63b5d36b65ad35d6dbd498190497668a09bfeb42a905ab2,"{""d"":9,""model"":""circuit"",""p"":0.1}",
      5120,         1,         0,   0.014,pymatching,188ca1ce397017a5ad1d1e345daf924e6f5d2ee6c3beaadb4f002a574dc22ba8,"{""d"":7,""model"":""measurement"",""p"":0.013}",
      3072,        32,         0,   0.069,pymatching,ed04fb049d0443ba172e6d4a2e55c04a333284a556ff41df22f3270752d27365,"{""d"":9,""model"":""circuit"",""p"":0.005}",
       273,       135,         0,   0.093,pymatching,9062f3ad185c29976de9ac0e01befea8fd0ff0f5ade514f96d5a132435a2a46d,"{""d"":9,""model"":""circuit"",""p"":0.2}",
     56320,         3,         0,   0.037,pymatching,4cd6019316022fc0eb77e5937db2dcb0f4078e68e5c997ec33dd6d691e235ad4,"{""d"":5,""model"":""measurement"",""p"":0.005}",
      3345,         0,         0,   0.010,pymatching,31f145f171069341c9c03bd8c5be13721d2af1d73cb9909ae960018268899e4e,"{""d"":7,""model"":""measurement"",""p"":0.015}",
     15360,         0,         0,   0.026,pymatching,769b0381ba69a0542c9985f90da82846fd031e8eb69e3de4a1cce452c519a17f,"{""d"":7,""model"":""measurement"",""p"":0.005}",
     12288,        15,         0,   0.151,pymatching,a55f0e7a0830d2f17c9d765550d48879eed9cb5a59262a721a9a7320f273d0a8,"{""d"":9,""model"":""phenomenological"",""p"":0.015}",
      1024,       303,         0,   0.085,pymatching,724bb7922d5eed8ab08d3f20526f4ab8fd5f5aba0c9c722f2d93fbbb1155f6c6,"{""d"":9,""model"":""circuit"",""p"":0.013}",
     43008,        14,         0,   0.036,pymatching,cbcde2fc3c7fda2308774b9a093e0ea67e727f342979225b679d2fb0572bb908,"{""d"":5,""model"":""measurement"",""p"":0.01}",
     12288,         0,         0,   0.028,pymatching,586f9f9e4edf15d86c032507ab490a443e4976c49adfd4546d9fd533639467ef,"{""d"":7,""model"":""measurement"",""p"":0.01}",
      7168,         1,         0,   0.020,pymatching,188ca1ce397017a5ad1d1e345daf924e6f5d2ee6c3beaadb4f002a574dc22ba8,"{""d"":7,""model"":""measurement"",""p"":0.013}",
     38912,        18,         0,   0.037,pymatching,a11960e1ee7b1cb50e20b632f672e958d2f1781c86082da0a06c89a3542b6f3a,"{""d"":5,""model"":""measurement"",""p"":0.013}",
     40960,        37,         0,   0.036,pymatching,39cf4456944e3f3dfe370af854528428246812e2937b4221548c557c0530e9ae,"{""d"":5,""model"":""measurement"",""p"":0.015}",
      7168,        76,         0,   0.148,pymatching,1456e7e36771270c46c96ec1e97cdcd10a2973295df224d841c8163b6a9ee50d,"{""d"":9,""model"":""phenomenological"",""p"":0.024}",
      5120,         3,         0,   0.014,pymatching,31f145f171069341c9c03bd8c5be13721d2af1d73cb9909ae960018268899e4e,"{""d"":7,""model"":""measurement"",""p"":0.015}",
      1024,       125,         0,   0.060,pymatching,4e73d9888e58c251221577a5750584a9bbd84544b6e6c0c9b08ac6a221af4d1b,"{""d"":9,""model"":""circuit"",""p"":0.01}",
      7168,         2,         0,   0.019,pymatching,31f145f171069341c9c03bd8c5be13721d2af1d73cb9909ae960018268899e4e,"{""d"":7,""model"":""measurement"",""p"":0.015}",
     11264,         0,         0,   0.029,pymatching,188ca1ce397017a5ad1d1e345daf924e6f5d2ee6c3beaadb4f002a574dc22ba8,"{""d"":7,""model"":""measurement"",""p"":0.013}",
     22528,         0,         0,   0.038,pymatching,769b0381ba69a0542c9985f90da82846fd031e8eb69e3de4a1cce452c519a17f,"{""d"":7,""model"":""measurement"",""p"":0.005}",
      1024,       523,         0,   0.139,pymatching,c409ae35843e8794950e10f40b48db1238032fee4c54a7eb98259f922a1b2444,"{""d"":7,""model"":""circuit"",""p"":0.2}",
     16384,         0,         0,   0.038,pymatching,586f9f9e4edf15d86c032507ab490a443e4976c49adfd4546d9fd533639467ef,"{""d"":7,""model"":""measurement"",""p"":0.01}",
      1024,       488,         0,   0.156,pymatching,c8f526380323cdebafe32f7664f2bacdf980de37f244d95aeccdfa73877e971f,"{""d"":9,""model"":""circuit"",""p"":0.024}",
      6144,       175,         0,   0.169,pymatching,6cecc889e4a3356aaa33a9fab462566969771f7153696173d382f9a537aaf15c,"{""d"":9,""model"":""phenomenological"",""p"":0.03}",
     84992,         4,         0,   0.205,pymatching,75d3d4cd8b93c1e72262291e14d5974ff0fb81a218c070e38339f320ad2b4d1d,"{""d"":7,""model"":""phenomenological"",""p"":0.005}",
     77824,         0,         0,   0.051,pymatching,4cd6019316022fc0eb77e5937db2dcb0f4078e68e5c997ec33dd6d691e235ad4,"{""d"":5,""model"":""measurement"",""p"":0.005}",
     11264,       117,         0,   0.111,pymatching,1b24794c17d068fb410b0f6b6ddf86baef8ce43e08f91c27ee1bc8ac50d49539,"{""d"":7,""model"":""circuit"",""p"":0.005}",
      1024,       395,         0,   0.100,pymatching,5e587b77c0dc91fc74a8ee186a3ab16972acd4391658b85c940e5a813d0f774e,"{""d"":9,""model"":""circuit"",""p"":0.015}",
     62464,        20,         0,   0.052,pymatching,cbcde2fc3c7fda2308774b9a093e0ea67e727f342979225b679d2fb0572bb908,"{""d"":5,""model"":""measurement"",""p"":0.01}",
     51200,        30,         0,   0.206,pymatching,d66f15834c272d5f7a1fe10a9ebb2f2d69666a762b311eb71a46a4148ed18ca1,"{""d"":7,""model"":""phenomenological"",""p"":0.01}",
     10240,         3,         0,   0.028,pymatching,31f145f171069341c9c03bd8c5be13721d2af1d73cb9909ae960018268899e4e,"{""d"":7,""model"":""measurement"",""p"":0.015}",
     53248,        33,         0,   0.051,pymatching,a11960e1ee7b1cb50e20b632f672e958d2f1781c86082da0a06c89a3542b6f3a,"{""d"":5,""model"":""measurement"",""p"":0.013}",
     52224,        56,         0,   0.053,pymatching,39cf4456944e3f3dfe370af854528428246812e2937b4221548c557c0530e9ae,"{""d"":5,""model"":""measurement"",""p"":0.015}",
      3345,         3,         0,   0.013,pymatching,723e5099025a0d91ce91848873c95bcb44aff0f98fa9e682e57f16654a44ea66,"{""d"":7,""model"":""measurement"",""p"":0.024}",
     15360,         2,         0,   0.040,pymatching,188ca1ce397017a5ad1d1e345daf924e6f5d2ee6c3beaadb4f002a574dc22ba8,"{""d"":7,""model"":""measurement"",""p"":0.013}",
     40960,        75,         0,   0.208,pymatching,92bf88950ed347bf8f625c3787a7184ac0dd7e7c28d345ed8de5a8db591cea89,"{""d"":7,""model"":""phenomenological"",""p"":0.013}",
      4096,        31,         0,   0.093,pymatching,ed04fb049d0443ba172e6d4a2e55c04a333284a556ff41df22f3270752d27365,"{""d"":9,""model"":""circuit"",""p"":0.005}",
      4096,         5,         0,   0.015,pymatching,723e5099025a0d91ce91848873c95bcb44aff0f98fa9e682e57f16654a44ea66,"{""d"":7,""model"":""measurement"",""p"":0.024}",
     36864,       105,         0,   0.209,pymatching,460019e24b31da54e5258186cf54b9aa3630a3aa41af4d3bc26e209eefdf907a,"{""d"":7,""model"":""phenomenological"",""p"":0.015}",
      1024,       330,         0,   0.085,pymatching,724bb7922d5eed8ab08d3f20526f4ab8fd5f5aba0c9c722f2d93fbbb1155f6c6,"{""d"":9,""model"":""circuit"",""p"":0.013}",
      1024,       163,         0,   0.061,pymatching,4e73d9888e58c251221577a5750584a9bbd84544b6e6c0c9b08ac6a221af4d1b,"{""d"":9,""model"":""circuit"",""p"":0.01}",
     31744,         0,         0,   0.054,pymatching,769b0381ba69a0542c9985f90da82846fd031e8eb69e3de4a1cce452c519a17f,"{""d"":7,""model"":""measurement"",""p"":0.005}",
     23552,         1,         0,   0.054,pymatching,586f9f9e4edf15d86c032507ab490a443e4976c49adfd4546d9fd533639467ef,"{""d"":7,""model"":""measurement"",""p"":0.01}",
     14336,         4,         0,   0.039,pymatching,31f145f171069341c9c03bd8c5be13721d2af1d73cb9909ae960018268899e4e,"{""d"":7,""model"":""measurement"",""p"":0.015}",
      6144,         7,         0,   0.023,pymatching,723e5099025a0d91ce91848873c95bcb44aff0f98fa9e682e57f16654a44ea66,"{""d"":7,""model"":""measurement"",""p"":0.024}",
      1024,       518,         0,   0.184,pymatching,a16a94aa52795c66036d302b0e81e8e074e99510cc9e764d863c43f0afb8cead,"{""d"":9,""model"":""circuit"",""p"":0.03}",
      2321,         1,         0,   0.011,pymatching,8343e9ec91b65ab500718f9986d86080d46172755d1ad7e4b7f7738d882a8836,"{""d"":7,""model"":""measurement"",""p"":0.03}",
     38912,         0,         0,   0.208,pymatching,1938eb02fa174e4398af57ea22b7b299d6e80e0682a4886085d64e26cc5d8b28,"{""d"":9,""model"":""phenomenological"",""p"":0.005}",
    108544,         5,         0,   0.072,pymatching,4cd6019316022fc0eb77e5937db2dcb0f4078e68e5c997ec33dd6d691e235ad4,"{""d"":5,""model"":""measurement"",""p"":0.005}",
      3072,        18,         0,   0.014,pymatching,8343e9ec91b65ab500718f9986d86080d46172755d1ad7e4b7f7738d882a8836,"{""d"":7,""model"":""measurement"",""p"":0.03}",
     20480,         5,         0,   0.053,pymatching,188ca1ce397017a5ad1d1e345daf924e6f5d2ee6c3beaadb4f002a574dc22ba8,"{""d"":7,""model"":""measurement"",""p"":0.013}",
     87040,        33,         0,   0.072,pymatching,cbcde2fc3c7fda2308774b9a093e0ea67e727f342979225b679d2fb0572bb908,"{""d"":5,""model"":""measurement"",""p"":0.01}",
      8192,         9,         0,   0.030,pymatching,723e5099025a0d91ce91848873c95bcb44aff0f98fa9e682e57f16654a44ea66,"{""d"":7,""model"":""measurement"",""p"":0.024}",
     74752,        39,         0,   0.072,pymatching,a11960e1ee7b1cb50e20b632f672e958d2f1781c86082da0a06c89a3542b6f3a,"{""d"":5,""model"":""measurement"",""p"":0.013}",
     72704,        59,         0,   0.073,pymatching,39cf4456944e3f3dfe370af854528428246812e2937b4221548c557c0530e9ae,"{""d"":5,""model"":""measurement"",""p"":0.015}",
      5120,        10,         0,   0.023,pymatching,8343e9ec91b65ab500718f9986d86080d46172755d1ad7e4b7f7738d882a8836,"{""d"":7,""model"":""measurement"",""p"":0.03}",
      1024,       536,         0,   0.218,pymatching,78daa96cdfed54c2642aa5c21cfeea89431df86fb015b2a42c9f37fd04fdb66d,"{""d"":9,""model"":""circuit"",""p"":0.04}",
      1024,       430,         0,   0.097,pymatching,5e587b77c0dc91fc74a8ee186a3ab16972acd4391658b85c940e5a813d0f774e,"{""d"":9,""model"":""circuit"",""p"":0.015}",
     19456,         1,         0,   0.054,pymatching,31f145f171069341c9c03bd8c5be13721d2af1d73cb9909ae960018268899e4e,"{""d"":7,""model"":""measurement"",""p"":0.015}",
     24576,         4,         0,   0.211,pymatching,b472c728ad4d530b896c209c587c8d35286cd7af1000ab881e02edca7db1d327,"{""d"":9,""model"":""phenomenological"",""p"":0.01}",
     44032,         0,         0,   0.075,pymatching,769b0381ba69a0542c9985f90da82846fd031e8eb69e3de4a1cce452c519a17f,"{""d"":7,""model"":""measurement"",""p"":0.005}",
     32768,         1,         0,   0.075,pymatching,586f9f9e4edf15d86c032507ab490a443e4976c49adfd4546d9fd533639467ef,"{""d"":7,""model"":""measurement"",""p"":0.01}",
     10240,        11,         0,   0.037,pymatching,723e5099025a0d91ce91848873c95bcb44aff0f98fa9e682e57f16654a44ea66,"{""d"":7,""model"":""measurement"",""p"":0.024}",
      6144,        14,         0,   0.028,pymatching,8343e9ec91b65ab500718f9986d86080d46172755d1ad7e4b7f7738d882a8836,"{""d"":7,""model"":""measurement"",""p"":0.03}",
     19456,         9,         0,   0.210,pymatching,acd7e92885c6a4166f58f4411d2d7f1b77bde277a9bd5c98055a76611813b924,"{""d"":9,""model"":""phenomenological"",""p"":0.013}",
      5120,        50,         0,   0.107,pymatching,ed04fb049d0443ba172e6d4a2e55c04a333284a556ff41df22f3270752d27365,"{""d"":9,""model"":""circuit"",""p"":0.005}",
    277504,       228,         0,   0.281,pymatching,39cf4456944e3f3dfe370af854528428246812e2937b4221548c557c0530e9ae,"{""d"":5,""model"":""measurement"",""p"":0.015}",
     80896,         0,         0,   0.290,pymatching,d8cc9c2aa429a5713ed477b1939a2eff819cd7386a3ff93fdca7863794e89a3c,"{""d"":9,""model"":""measurement"",""p"":0.005}",
    308224,       178,         0,   0.282,pymatching,a11960e1ee7b1cb50e20b632f672e958d2f1781c86082da0a06c89a3542b6f3a,"{""d"":5,""model"":""measurement"",""p"":0.013}",
     48128,        39,         0,   0.048,pymatching,39cf4456944e3f3dfe370af854528428246812e2937b4221548c557c0530e9ae,"{""d"":5,""model"":""measurement"",""p"":0.015}",
      3345,         0,         0,   0.013,pymatching,d8cc9c2aa429a5713ed477b1939a2eff819cd7386a3ff93fdca7863794e89a3c,"{""d"":9,""model"":""measurement"",""p"":0.005}",
    129024,         6,         0,   0.287,pymatching,586f9f9e4edf15d86c032507ab490a443e4976c49adfd4546d9fd533639467ef,"{""d"":7,""model"":""measurement"",""p"":0.01}",
    112640,         9,         0,   0.287,pymatching,188ca1ce397017a5ad1d1e345daf924e6f5d2ee6c3beaadb4f002a574dc22ba8,"{""d"":7,""model"":""measurement"",""p"":0.013}",
    161792,         0,         0,   0.285,pymatching,769b0381ba69a0542c9985f90da82846fd031e8eb69e3de4a1cce452c519a17f,"{""d"":7,""model"":""measurement"",""p"":0.005}",
     55296,         1,         0,   0.291,pymatching,8407028e38ab80c5f461f56566276bae40a0814bc899a34e1aaa9345eb22cef3,"{""d"":9,""model"":""measurement"",""p"":0.013}",
    344064,       103,         0,   0.281,pymatching,cbcde2fc3c7fda2308774b9a093e0ea67e727f342979225b679d2fb0572bb908,"{""d"":5,""model"":""measurement"",""p"":0.01}",
    436224,        13,         0,   0.279,pymatching,4cd6019316022fc0eb77e5937db2dcb0f4078e68e5c997ec33dd6d691e235ad4,"{""d"":5,""model"":""measurement"",""p"":0.005}",
      1024,       517,         0,   0.157,pymatching,c8f526380323cdebafe32f7664f2bacdf980de37f244d95aeccdfa73877e971f,"{""d"":9,""model"":""circuit"",""p"":0.024}",
     15360,       174,         0,   0.150,pymatching,1b24794c17d068fb410b0f6b6ddf86baef8ce43e08f91c27ee1bc8ac50d49539,"{""d"":7,""model"":""circuit"",""p"":0.005}",
      4096,         0,         0,   0.015,pymatching,d8cc9c2aa429a5713ed477b1939a2eff819cd7386a3ff93fdca7863794e89a3c,"{""d"":9,""model"":""measurement"",""p"":0.005}",
     62464,         0,         0,   0.289,pymatching,f8b16c1db98fb154e268a37dcebc8c5eacbd03993daab091f051fc9a559c4e8e,"{""d"":9,""model"":""measurement"",""p"":0.01}",
    104448,        17,         0,   0.289,pymatching,31f145f171069341c9c03bd8c5be13721d2af1d73cb9909ae960018268899e4e,"{""d"":7,""model"":""measurement"",""p"":0.015}",
     29696,         5,         0,   0.075,pymatching,188ca1ce397017a5ad1d1e345daf924e6f5d2ee6c3beaadb4f002a574dc22ba8,"{""d"":7,""model"":""measurement"",""p"":0.013}",
      1024,       515,         0,   0.267,pymatching,d2ba74f75afa4d2b996302c87c0444dfe7112e4e460c1884258fba083b6e2c5b,"{""d"":9,""model"":""circuit"",""p"":0.06}",
      2048,       323,         0,   0.123,pymatching,4e73d9888e58c251221577a5750584a9bbd84544b6e6c0c9b08ac6a221af4d1b,"{""d"":9,""model"":""circuit"",""p"":0.01}",
     77824,        81,         0,   0.287,pymatching,723e5099025a0d91ce91848873c95bcb44aff0f98fa9e682e57f16654a44ea66,"{""d"":7,""model"":""measurement"",""p"":0.024}",
     17408,        18,         0,   0.215,pymatching,a55f0e7a0830d2f17c9d765550d48879eed9cb5a59262a721a9a7320f273d0a8,"{""d"":9,""model"":""phenomenological"",""p"":0.015}",
      2321,         0,         0,   0.013,pymatching,8407028e38ab80c5f461f56566276bae40a0814bc899a34e1aaa9345eb22cef3,"{""d"":9,""model"":""measurement"",""p"":0.013}",
      2321,         0,         0,   0.012,pymatching,f8b16c1db98fb154e268a37dcebc8c5eacbd03993daab091f051fc9a559c4e8e,"{""d"":9,""model"":""measurement"",""p"":0.01}",
      9216,        20,         0,   0.041,pymatching,8343e9ec91b65ab500718f9986d86080d46172755d1ad7e4b7f7738d882a8836,"{""d"":7,""model"":""measurement"",""p"":0.03}",
     10240,       133,         0,   0.210,pymatching,1456e7e36771270c46c96ec1e97cdcd10a2973295df224d841c8163b6a9ee50d,"{""d"":9,""model"":""phenomenological"",""p"":0.024}",
    308224,       110,         0,   0.281,pymatching,77b3fd925c651b73b67cfff8f69a7fb2d307db306949b42bf55f40e96c6858ef,"{""d"":5,""model"":""phenomenological"",""p"":0.005}",
     52224,         0,         0,   0.293,pymatching,86b3858361a196bf75ce5c91e577522977558d7accbb131be9c1cd69c3ad677c,"{""d"":9,""model"":""measurement"",""p"":0.015}",
     66560,       184,         0,   0.291,pymatching,8343e9ec91b65ab500718f9986d86080d46172755d1ad7e4b7f7738d882a8836,"{""d"":7,""model"":""measurement"",""p"":0.03}",
      6144,         0,         0,   0.022,pymatching,d8cc9c2aa429a5713ed477b1939a2eff819cd7386a3ff93fdca7863794e89a3c,"{""d"":9,""model"":""measurement"",""p"":0.005}",
     14336,        14,         0,   0.053,pymatching,723e5099025a0d91ce91848873c95bcb44aff0f98fa9e682e57f16654a44ea66,"{""d"":7,""model"":""measurement"",""p"":0.024}",
      2321,         0,         0,   0.015,pymatching,86b3858361a196bf75ce5c91e577522977558d7accbb131be9c1cd69c3ad677c,"{""d"":9,""model"":""measurement"",""p"":0.015}",
    152576,         4,         0,   0.101,pymatching,4cd6019316022fc0eb77e5937db2dcb0f4078e68e5c997ec33dd6d691e235ad4,"{""d"":5,""model"":""measurement"",""p"":0.005}",
      3072,         0,         0,   0.014,pymatching,f8b16c1db98fb154e268a37dcebc8c5eacbd03993daab091f051fc9a559c4e8e,"{""d"":9,""model"":""measurement"",""p"":0.01}",
      3072,         0,         0,   0.016,pymatching,8407028e38ab80c5f461f56566276bae40a0814bc899a34e1aaa9345eb22cef3,"{""d"":9,""model"":""measurement"",""p"":0.013}",
     37888,        19,         0,   0.291,pymatching,8678eab7326d29e104480c44e90c8a2ae11ef0505db82d042f3a122b8db45a94,"{""d"":9,""model"":""measurement"",""p"":0.024}",
     29696,         7,         0,   0.076,pymatching,31f145f171069341c9c03bd8c5be13721d2af1d73cb9909ae960018268899e4e,"{""d"":7,""model"":""measurement"",""p"":0.015}",
    131072,        24,         0,   0.102,pymatching,cbcde2fc3c7fda2308774b9a093e0ea67e727f342979225b679d2fb0572bb908,"{""d"":5,""model"":""measurement"",""p"":0.01}",
    106496,        55,         0,   0.102,pymatching,a11960e1ee7b1cb50e20b632f672e958d2f1781c86082da0a06c89a3542b6f3a,"{""d"":5,""model"":""measurement"",""p"":0.013}",
      1297,         3,         0,   0.011,pymatching,8678eab7326d29e104480c44e90c8a2ae11ef0505db82d042f3a122b8db45a94,"{""d"":9,""model"":""measurement"",""p"":0.024}",
     25600,       124,         0,   0.290,pymatching,b151567ff0e3dea49e4dff91709c6765ffe99191979b5cc1160d9f286542bab9,"{""d"":9,""model"":""measurement"",""p"":0.04}",
      3072,         0,         0,   0.018,pymatching,86b3858361a196bf75ce5c91e577522977558d7accbb131be9c1cd69c3ad677c,"{""d"":9,""model"":""measurement"",""p"":0.015}",
      4096,         0,         0,   0.021,pymatching,8407028e38ab80c5f461f56566276bae40a0814bc899a34e1aaa9345eb22cef3,"{""d"":9,""model"":""measurement"",""p"":0.013}",
      5120,         0,         0,   0.024,pymatching,f8b16c1db98fb154e268a37dcebc8c5eacbd03993daab091f051fc9a559c4e8e,"{""d"":9,""model"":""measurement"",""p"":0.01}",
      8192,         0,         0,   0.029,pymatching,d8cc9c2aa429a5713ed477b1939a2eff819cd7386a3ff93fdca7863794e89a3c,"{""d"":9,""model"":""measurement"",""p"":0.005}",
     32768,        34,         0,   0.296,pymatching,71f0e8e60579fb78e4677335b45c87aae0f1d77fe4d0b974f4b8ab207eef994f,"{""d"":9,""model"":""measurement"",""p"":0.03}",
      2048,         0,         0,   0.016,pymatching,8678eab7326d29e104480c44e90c8a2ae11ef0505db82d042f3a122b8db45a94,"{""d"":9,""model"":""measurement"",""p"":0.024}",
      8192,       270,         0,   0.227,pymatching,6cecc889e4a3356aaa33a9fab462566969771f7153696173d382f9a537aaf15c,"{""d"":9,""model"":""phenomenological"",""p"":0.03}",
      4096,         0,         0,   0.024,pymatching,86b3858361a196bf75ce5c91e577522977558d7accbb131be9c1cd69c3ad677c,"{""d"":9,""model"":""measurement"",""p"":0.015}",
     12288,        34,         0,   0.055,pymatching,8343e9ec91b65ab500718f9986d86080d46172755d1ad7e4b7f7738d882a8836,"{""d"":7,""model"":""measurement"",""p"":0.03}",
     61440,         0,         0,   0.105,pymatching,769b0381ba69a0542c9985f90da82846fd031e8eb69e3de4a1cce452c519a17f,"{""d"":7,""model"":""measurement"",""p"":0.005}",
     46080,         3,         0,   0.105,pymatching,586f9f9e4edf15d86c032507ab490a443e4976c49adfd4546d9fd533639467ef,"{""d"":7,""model"":""measurement"",""p"":0.01}",
      5120,         0,         0,   0.027,pymatching,8407028e38ab80c5f461f56566276bae40a0814bc899a34e1aaa9345eb22cef3,"{""d"":9,""model"":""measurement"",""p"":0.013}",
      6144,         0,         0,   0.028,pymatching,f8b16c1db98fb154e268a37dcebc8c5eacbd03993daab091f051fc9a559c4e8e,"{""d"":9,""model"":""measurement"",""p"":0.01}",
      3072,         1,         0,   0.025,pymatching,8678eab7326d29e104480c44e90c8a2ae11ef0505db82d042f3a122b8db45a94,"{""d"":9,""model"":""measurement"",""p"":0.024}",
      1024,       534,         0,   0.308,pymatching,f0cb6241b374348af63b5d36b65ad35d6dbd498190497668a09bfeb42a905ab2,"{""d"":9,""model"":""circuit"",""p"":0.1}",
      1024,       512,         0,   0.186,pymatching,a16a94aa52795c66036d302b0e81e8e074e99510cc9e764d863c43f0afb8cead,"{""d"":9,""model"":""circuit"",""p"":0.03}",
     11264,         0,         0,   0.040,pymatching,d8cc9c2aa429a5713ed477b1939a2eff819cd7386a3ff93fdca7863794e89a3c,"{""d"":9,""model"":""measurement"",""p"":0.005}",
      5120,         0,         0,   0.030,pymatching,86b3858361a196bf75ce5c91e577522977558d7accbb131be9c1cd69c3ad677c,"{""d"":9,""model"":""measurement"",""p"":0.015}",
     20480,        27,         0,   0.075,pymatching,723e5099025a0d91ce91848873c95bcb44aff0f98fa9e682e57f16654a44ea66,"{""d"":7,""model"":""measurement"",""p"":0.024}",
     40960,         7,         0,   0.105,pymatching,188ca1ce397017a5ad1d1e345daf924e6f5d2ee6c3beaadb4f002a574dc22ba8,"{""d"":7,""model"":""measurement"",""p"":0.013}",
      1297,         2,         0,   0.013,pymatching,71f0e8e60579fb78e4677335b45c87aae0f1d77fe4d0b974f4b8ab207eef994f,"{""d"":9,""model"":""measurement"",""p"":0.03}",
      7168,         0,         0,   0.038,pymatching,8407028e38ab80c5f461f56566276bae40a0814bc899a34e1aaa9345eb22cef3,"{""d"":9,""model"":""measurement"",""p"":0.013}",
      4096,         0,         0,   0.032,pymatching,8678eab7326d29e104480c44e90c8a2ae11ef0505db82d042f3a122b8db45a94,"{""d"":9,""model"":""measurement"",""p"":0.024}",
      8192,         0,         0,   0.038,pymatching,f8b16c1db98fb154e268a37dcebc8c5eacbd03993daab091f051fc9a559c4e8e,"{""d"":9,""model"":""measurement"",""p"":0.01}",
      2048,        70,         0,   0.057,pymatching,6cecc889e4a3356aaa33a9fab462566969771f7153696173d382f9a537aaf15c,"{""d"":9,""model"":""phenomenological"",""p"":0.03}",
      1024,       521,         0,   0.344,pymatching,9062f3ad185c29976de9ac0e01befea8fd0ff0f5ade514f96d5a132435a2a46d,"{""d"":9,""model"":""circuit"",""p"":0.2}",
      2048,         3,         0,   0.019,pymatching,71f0e8e60579fb78e4677335b45c87aae0f1d77fe4d0b974f4b8ab207eef994f,"{""d"":9,""model"":""measurement"",""p"":0.03}",
    111616,         4,         0,   0.285,pymatching,75d3d4cd8b93c1e72262291e14d5974ff0fb81a218c070e38339f320ad2b4d1d,"{""d"":7,""model"":""phenomenological"",""p"":0.005}",
     37888,         6,         0,   0.104,pymatching,31f145f171069341c9c03bd8c5be13721d2af1d73cb9909ae960018268899e4e,"{""d"":7,""model"":""measurement"",""p"":0.015}",
      7168,         1,         0,   0.042,pymatching,86b3858361a196bf75ce5c91e577522977558d7accbb131be9c1cd69c3ad677c,"{""d"":9,""model"":""measurement"",""p"":0.015}",
      7168,        45,         0,   0.162,pymatching,ed04fb049d0443ba172e6d4a2e55c04a333284a556ff41df22f3270752d27365,"{""d"":9,""model"":""circuit"",""p"":0.005}",
      2048,         3,         0,   0.019,pymatching,71f0e8e60579fb78e4677335b45c87aae0f1d77fe4d0b974f4b8ab207eef994f,"{""d"":9,""model"":""measurement"",""p"":0.03}",
     71680,        34,         0,   0.290,pymatching,d66f15834c272d5f7a1fe10a9ebb2f2d69666a762b311eb71a46a4148ed18ca1,"{""d"":7,""model"":""phenomenological"",""p"":0.01}",
     17408,        52,         0,   0.078,pymatching,8343e9ec91b65ab500718f9986d86080d46172755d1ad7e4b7f7738d882a8836,"{""d"":7,""model"":""measurement"",""p"":0.03}",
     15360,         0,         0,   0.055,pymatching,d8cc9c2aa429a5713ed477b1939a2eff819cd7386a3ff93fdca7863794e89a3c,"{""d"":9,""model"":""measurement"",""p"":0.005}",
      1297,         6,         0,   0.016,pymatching,b151567ff0e3dea49e4dff91709c6765ffe99191979b5cc1160d9f286542bab9,"{""d"":9,""model"":""measurement"",""p"":0.04}",
      5120,         1,         0,   0.041,pymatching,8678eab7326d29e104480c44e90c8a2ae11ef0505db82d042f3a122b8db45a94,"{""d"":9,""model"":""measurement"",""p"":0.024}",
     57344,        94,         0,   0.287,pymatching,92bf88950ed347bf8f625c3787a7184ac0dd7e7c28d345ed8de5a8db591cea89,"{""d"":7,""model"":""phenomenological"",""p"":0.013}",
     10240,         0,         0,   0.055,pymatching,8407028e38ab80c5f461f56566276bae40a0814bc899a34e1aaa9345eb22cef3,"{""d"":9,""model"":""measurement"",""p"":0.013}",
      1024,       506,         0,   0.224,pymatching,78daa96cdfed54c2642aa5c21cfeea89431df86fb015b2a42c9f37fd04fdb66d,"{""d"":9,""model"":""circuit"",""p"":0.04}",
     51200,       140,         0,   0.289,pymatching,460019e24b31da54e5258186cf54b9aa3630a3aa41af4d3bc26e209eefdf907a,"{""d"":7,""model"":""phenomenological"",""p"":0.015}",
    214016,         3,         0,   0.142,pymatching,4cd6019316022fc0eb77e5937db2dcb0f4078e68e5c997ec33dd6d691e235ad4,"{""d"":5,""model"":""measurement"",""p"":0.005}",
     12288,         0,         0,   0.057,pymatching,f8b16c1db98fb154e268a37dcebc8c5eacbd03993daab091f051fc9a559c4e8e,"{""d"":9,""model"":""measurement"",""p"":0.01}",
      3072,         4,         0,   0.029,pymatching,71f0e8e60579fb78e4677335b45c87aae0f1d77fe4d0b974f4b8ab207eef994f,"{""d"":9,""model"":""measurement"",""p"":0.03}",
    176128,        62,         0,   0.144,pymatching,cbcde2fc3c7fda2308774b9a093e0ea67e727f342979225b679d2fb0572bb908,"{""d"":5,""model"":""measurement"",""p"":0.01}",
      2048,         9,         0,   0.024,pymatching,b151567ff0e3dea49e4dff91709c6765ffe99191979b5cc1160d9f286542bab9,"{""d"":9,""model"":""measurement"",""p"":0.04}",
    148480,        95,         0,   0.144,pymatching,a11960e1ee7b1cb50e20b632f672e958d2f1781c86082da0a06c89a3542b6f3a,"{""d"":5,""model"":""measurement"",""p"":0.013}",
     10513,         2,         0,   0.010,pymatching,77b3fd925c651b73b67cfff8f69a7fb2d307db306949b42bf55f40e96c6858ef,"{""d"":5,""model"":""phenomenological"",""p"":0.005}",
      9216,         0,         0,   0.054,pymatching,86b3858361a196bf75ce5c91e577522977558d7accbb131be9c1cd69c3ad677c,"{""d"":9,""model"":""measurement"",""p"":0.015}",
     54272,         0,         0,   0.291,pymatching,1938eb02fa174e4398af57ea22b7b299d6e80e0682a4886085d64e26cc5d8b28,"{""d"":9,""model"":""phenomenological"",""p"":0.005}",
      2048,        10,         0,   0.025,pymatching,b151567ff0e3dea49e4dff91709c6765ffe99191979b5cc1160d9f286542bab9,"{""d"":9,""model"":""measurement"",""p"":0.04}",
     28672,        29,         0,   0.105,pymatching,723e5099025a0d91ce91848873c95bcb44aff0f98fa9e682e57f16654a44ea66,"{""d"":7,""model"":""measurement"",""p"":0.024}",
     21504,       294,         0,   0.212,pymatching,1b24794c17d068fb410b0f6b6ddf86baef8ce43e08f91c27ee1bc8ac50d49539,"{""d"":7,""model"":""circuit"",""p"":0.005}",
     15360,         9,         0,   0.014,pymatching,77b3fd925c651b73b67cfff8f69a7fb2d307db306949b42bf55f40e96c6858ef,"{""d"":5,""model"":""phenomenological"",""p"":0.005}",
      4096,         9,         0,   0.038,pymatching,71f0e8e60579fb78e4677335b45c87aae0f1d77fe4d0b974f4b8ab207eef994f,"{""d"":9,""model"":""measurement"",""p"":0.03}",
      7168,         6,         0,   0.057,pymatching,8678eab7326d29e104480c44e90c8a2ae11ef0505db82d042f3a122b8db45a94,"{""d"":9,""model"":""measurement"",""p"":0.024}",
     84992,         0,         0,   0.145,pymatching,769b0381ba69a0542c9985f90da82846fd031e8eb69e3de4a1cce452c519a17f,"{""d"":7,""model"":""measurement"",""p"":0.005}",
     64512,         4,         0,   0.145,pymatching,586f9f9e4edf15d86c032507ab490a443e4976c49adfd4546d9fd533639467ef,"{""d"":7,""model"":""measurement"",""p"":0.01}",
     21504,         0,         0,   0.077,pymatching,d8cc9c2aa429a5713ed477b1939a2eff819cd7386a3ff93fdca7863794e89a3c,"{""d"":9,""model"":""measurement"",""p"":0.005}",
     20480,         6,         0,   0.019,pymatching,77b3fd925c651b73b67cfff8f69a7fb2d307db306949b42bf55f40e96c6858ef,"{""d"":5,""model"":""phenomenological"",""p"":0.005}",
      3072,        10,         0,   0.037,pymatching,b151567ff0e3dea49e4dff91709c6765ffe99191979b5cc1160d9f286542bab9,"{""d"":9,""model"":""measurement"",""p"":0.04}",
     14336,         0,         0,   0.076,pymatching,8407028e38ab80c5f461f56566276bae40a0814bc899a34e1aaa9345eb22cef3,"{""d"":9,""model"":""measurement"",""p"":0.013}",
     16384,         0,         0,   0.076,pymatching,f8b16c1db98fb154e268a37dcebc8c5eacbd03993daab091f051fc9a559c4e8e,"{""d"":9,""model"":""measurement"",""p"":0.01}",
     59392,         4,         0,   0.145,pymatching,188ca1ce397017a5ad1d1e345daf924e6f5d2ee6c3beaadb4f002a574dc22ba8,"{""d"":7,""model"":""measurement"",""p"":0.013}",
     23552,        55,         0,   0.106,pymatching,8343e9ec91b65ab500718f9986d86080d46172755d1ad7e4b7f7738d882a8836,"{""d"":7,""model"":""measurement"",""p"":0.03}",
     33792,         2,         0,   0.291,pymatching,b472c728ad4d530b896c209c587c8d35286cd7af1000ab881e02edca7db1d327,"{""d"":9,""model"":""phenomenological"",""p"":0.01}",
     28672,         9,         0,   0.027,pymatching,77b3fd925c651b73b67cfff8f69a7fb2d307db306949b42bf55f40e96c6858ef,"{""d"":5,""model"":""phenomenological"",""p"":0.005}",
      1024,       496,         0,   0.266,pymatching,d2ba74f75afa4d2b996302c87c0444dfe7112e4e460c1884258fba083b6e2c5b,"{""d"":9,""model"":""circuit"",""p"":0.06}",
      6144,         5,         0,   0.057,pymatching,71f0e8e60579fb78e4677335b45c87aae0f1d77fe4d0b974f4b8ab207eef994f,"{""d"":9,""model"":""measurement"",""p"":0.03}",
     26624,        16,         0,   0.296,pymatching,acd7e92885c6a4166f58f4411d2d7f1b77bde277a9bd5c98055a76611813b924,"{""d"":9,""model"":""phenomenological"",""p"":0.013}",
     13312,         2,         0,   0.078,pymatching,86b3858361a196bf75ce5c91e577522977558d7accbb131be9c1cd69c3ad677c,"{""d"":9,""model"":""measurement"",""p"":0.015}",
     53248,         9,         0,   0.146,pymatching,31f145f171069341c9c03bd8c5be13721d2af1d73cb9909ae960018268899e4e,"{""d"":7,""model"":""measurement"",""p"":0.015}",
      8192,       104,         0,   0.082,pymatching,1b24794c17d068fb410b0f6b6ddf86baef8ce43e08f91c27ee1bc8ac50d49539,"{""d"":7,""model"":""circuit"",""p"":0.005}",
      9216,         8,         0,   0.074,pymatching,8678eab7326d29e104480c44e90c8a2ae11ef0505db82d042f3a122b8db45a94,"{""d"":9,""model"":""measurement"",""p"":0.024}",
      4096,        23,         0,   0.049,pymatching,b151567ff0e3dea49e4dff91709c6765ffe99191979b5cc1160d9f286542bab9,"{""d"":9,""model"":""measurement"",""p"":0.04}",
      3345,         1,         0,   0.011,pymatching,75d3d4cd8b93c1e72262291e14d5974ff0fb81a218c070e38339f320ad2b4d1d,"{""d"":7,""model"":""phenomenological"",""p"":0.005}",
     39936,        16,         0,   0.037,pymatching,77b3fd925c651b73b67cfff8f69a7fb2d307db306949b42bf55f40e96c6858ef,"{""d"":5,""model"":""phenomenological"",""p"":0.005}",
     23552,        27,         0,   0.290,pymatching,a55f0e7a0830d2f17c9d765550d48879eed9cb5a59262a721a9a7320f273d0a8,"{""d"":9,""model"":""phenomenological"",""p"":0.015}",
      5120,         0,         0,   0.014,pymatching,75d3d4cd8b93c1e72262291e14d5974ff0fb81a218c070e38339f320ad2b4d1d,"{""d"":7,""model"":""phenomenological"",""p"":0.005}",
     14336,       167,         0,   0.302,pymatching,1456e7e36771270c46c96ec1e97cdcd10a2973295df224d841c8163b6a9ee50d,"{""d"":9,""model"":""phenomenological"",""p"":0.024}",
      2321,         2,         0,   0.010,pymatching,d66f15834c272d5f7a1fe10a9ebb2f2d69666a762b311eb71a46a4148ed18ca1,"{""d"":7,""model"":""phenomenological"",""p"":0.01}",
      7168,         0,         0,   0.020,pymatching,75d3d4cd8b93c1e72262291e14d5974ff0fb81a218c070e38339f320ad2b4d1d,"{""d"":7,""model"":""phenomenological"",""p"":0.005}",
     29696,         0,         0,   0.107,pymatching,d8cc9c2aa429a5713ed477b1939a2eff819cd7386a3ff93fdca7863794e89a3c,"{""d"":9,""model"":""measurement"",""p"":0.005}",
      4096,         4,         0,   0.017,pymatching,d66f15834c272d5f7a1fe10a9ebb2f2d69666a762b311eb71a46a4148ed18ca1,"{""d"":7,""model"":""phenomenological"",""p"":0.01}",
      8192,        10,         0,   0.077,pymatching,71f0e8e60579fb78e4677335b45c87aae0f1d77fe4d0b974f4b8ab207eef994f,"{""d"":9,""model"":""measurement"",""p"":0.03}",
      9216,        79,         0,   0.208,pymatching,ed04fb049d0443ba172e6d4a2e55c04a333284a556ff41df22f3270752d27365,"{""d"":9,""model"":""circuit"",""p"":0.005}",
     56320,        21,         0,   0.053,pymatching,77b3fd925c651b73b67cfff8f69a7fb2d307db306949b42bf55f40e96c6858ef,"{""d"":5,""model"":""phenomenological"",""p"":0.005}",
     38912,        43,         0,   0.146,pymatching,723e5099025a0d91ce91848873c95bcb44aff0f98fa9e682e57f16654a44ea66,"{""d"":7,""model"":""measurement"",""p"":0.024}",
      5120,        20,         0,   0.061,pymatching,b151567ff0e3dea49e4dff91709c6765ffe99191979b5cc1160d9f286542bab9,"{""d"":9,""model"":""measurement"",""p"":0.04}",
     20480,         0,         0,   0.108,pymatching,8407028e38ab80c5f461f56566276bae40a0814bc899a34e1aaa9345eb22cef3,"{""d"":9,""model"":""measurement"",""p"":0.013}",
     11264,         0,         0,   0.029,pymatching,75d3d4cd8b93c1e72262291e14d5974ff0fb81a218c070e38339f320ad2b4d1d,"{""d"":7,""model"":""phenomenological"",""p"":0.005}",
     23552,         0,         0,   0.109,pymatching,f8b16c1db98fb154e268a37dcebc8c5eacbd03993daab091f051fc9a559c4e8e,"{""d"":9,""model"":""measurement"",""p"":0.01}",
      5120,         3,         0,   0.021,pymatching,d66f15834c272d5f7a1fe10a9ebb2f2d69666a762b311eb71a46a4148ed18ca1,"{""d"":7,""model"":""phenomenological"",""p"":0.01}",
    296960,         9,         0,   0.198,pymatching,4cd6019316022fc0eb77e5937db2dcb0f4078e68e5c997ec33dd6d691e235ad4,"{""d"":5,""model"":""measurement"",""p"":0.005}",
     18432,         1,         0,   0.109,pymatching,86b3858361a196bf75ce5c91e577522977558d7accbb131be9c1cd69c3ad677c,"{""d"":9,""model"":""measurement"",""p"":0.015}",
    245760,        71,         0,   0.200,pymatching,cbcde2fc3c7fda2308774b9a093e0ea67e727f342979225b679d2fb0572bb908,"{""d"":5,""model"":""measurement"",""p"":0.01}",
    432128,       248,         0,   0.395,pymatching,a11960e1ee7b1cb50e20b632f672e958d2f1781c86082da0a06c89a3542b6f3a,"{""d"":5,""model"":""measurement"",""p"":0.013}",
    111616,         0,         0,   0.403,pymatching,d8cc9c2aa429a5713ed477b1939a2eff819cd7386a3ff93fdca7863794e89a3c,"{""d"":9,""model"":""measurement"",""p"":0.005}",
    207872,       119,         0,   0.197,pymatching,a11960e1ee7b1cb50e20b632f672e958d2f1781c86082da0a06c89a3542b6f3a,"{""d"":5,""model"":""measurement"",""p"":0.013}",
      1024,       504,         0,   0.308,pymatching,f0cb6241b374348af63b5d36b65ad35d6dbd498190497668a09bfeb42a905ab2,"{""d"":9,""model"":""circuit"",""p"":0.1}",
      7168,         3,         0,   0.030,pymatching,d66f15834c272d5f7a1fe10a9ebb2f2d69666a762b311eb71a46a4148ed18ca1,"{""d"":7,""model"":""phenomenological"",""p"":0.01}",
    180224,        10,         0,   0.400,pymatching,586f9f9e4edf15d86c032507ab490a443e4976c49adfd4546d9fd533639467ef,"{""d"":7,""model"":""measurement"",""p"":0.01}",
    234496,         0,         0,   0.398,pymatching,769b0381ba69a0542c9985f90da82846fd031e8eb69e3de4a1cce452c519a17f,"{""d"":7,""model"":""measurement"",""p"":0.005}",
    155648,        13,         0,   0.401,pymatching,188ca1ce397017a5ad1d1e345daf924e6f5d2ee6c3beaadb4f002a574dc22ba8,"{""d"":7,""model"":""measurement"",""p"":0.013}",
     13312,         6,         0,   0.106,pymatching,8678eab7326d29e104480c44e90c8a2ae11ef0505db82d042f3a122b8db45a94,"{""d"":9,""model"":""measurement"",""p"":0.024}",
     76800,         1,         0,   0.404,pymatching,8407028e38ab80c5f461f56566276bae40a0814bc899a34e1aaa9345eb22cef3,"{""d"":9,""model"":""measurement"",""p"":0.013}",
    480256,       136,         0,   0.393,pymatching,cbcde2fc3c7fda2308774b9a093e0ea67e727f342979225b679d2fb0572bb908,"{""d"":5,""model"":""measurement"",""p"":0.01}",
     16384,         1,         0,   0.038,pymatching,75d3d4cd8b93c1e72262291e14d5974ff0fb81a218c070e38339f320ad2b4d1d,"{""d"":7,""model"":""phenomenological"",""p"":0.005}",
    609280,        18,         0,   0.390,pymatching,4cd6019316022fc0eb77e5937db2dcb0f4078e68e5c997ec33dd6d691e235ad4,"{""d"":5,""model"":""measurement"",""p"":0.005}",
     32768,        80,         0,   0.147,pymatching,8343e9ec91b65ab500718f9986d86080d46172755d1ad7e4b7f7738d882a8836,"{""d"":7,""model"":""measurement"",""p"":0.03}",
    144384,        27,         0,   0.401,pymatching,31f145f171069341c9c03bd8c5be13721d2af1d73cb9909ae960018268899e4e,"{""d"":7,""model"":""measurement"",""p"":0.015}",
     87040,         1,         0,   0.403,pymatching,f8b16c1db98fb154e268a37dcebc8c5eacbd03993daab091f051fc9a559c4e8e,"{""d"":9,""model"":""measurement"",""p"":0.01}",
    111616,       123,         0,   0.403,pymatching,723e5099025a0d91ce91848873c95bcb44aff0f98fa9e682e57f16654a44ea66,"{""d"":7,""model"":""measurement"",""p"":0.024}",
      2321,         5,         0,   0.013,pymatching,92bf88950ed347bf8f625c3787a7184ac0dd7e7c28d345ed8de5a8db591cea89,"{""d"":7,""model"":""phenomenological"",""p"":0.013}",
      2321,         2,         0,   0.014,pymatching,460019e24b31da54e5258186cf54b9aa3630a3aa41af4d3bc26e209eefdf907a,"{""d"":7,""model"":""phenomenological"",""p"":0.015}",
    433152,       149,         0,   0.394,pymatching,77b3fd925c651b73b67cfff8f69a7fb2d307db306949b42bf55f40e96c6858ef,"{""d"":5,""model"":""phenomenological"",""p"":0.005}",
     69632,         4,         0,   0.403,pymatching,86b3858361a196bf75ce5c91e577522977558d7accbb131be9c1cd69c3ad677c,"{""d"":9,""model"":""measurement"",""p"":0.015}",
    120832,         0,         0,   0.205,pymatching,769b0381ba69a0542c9985f90da82846fd031e8eb69e3de4a1cce452c519a17f,"{""d"":7,""model"":""measurement"",""p"":0.005}",
     92160,       282,         0,   0.405,pymatching,8343e9ec91b65ab500718f9986d86080d46172755d1ad7e4b7f7738d882a8836,"{""d"":7,""model"":""measurement"",""p"":0.03}",
     78848,        16,         0,   0.074,pymatching,77b3fd925c651b73b67cfff8f69a7fb2d307db306949b42bf55f40e96c6858ef,"{""d"":5,""model"":""phenomenological"",""p"":0.005}",
     90112,         5,         0,   0.204,pymatching,586f9f9e4edf15d86c032507ab490a443e4976c49adfd4546d9fd533639467ef,"{""d"":7,""model"":""measurement"",""p"":0.01}",
      6144,        21,         0,   0.028,pymatching,8343e9ec91b65ab500718f9986d86080d46172755d1ad7e4b7f7738d882a8836,"{""d"":7,""model"":""measurement"",""p"":0.03}",
      3072,         1,         0,   0.016,pymatching,92bf88950ed347bf8f625c3787a7184ac0dd7e7c28d345ed8de5a8db591cea89,"{""d"":7,""model"":""phenomenological"",""p"":0.013}",
      2321,         0,         0,   0.015,pymatching,1938eb02fa174e4398af57ea22b7b299d6e80e0682a4886085d64e26cc5d8b28,"{""d"":9,""model"":""phenomenological"",""p"":0.005}",
     10240,         9,         0,   0.042,pymatching,d66f15834c272d5f7a1fe10a9ebb2f2d69666a762b311eb71a46a4148ed18ca1,"{""d"":7,""model"":""phenomenological"",""p"":0.01}",
      3072,        14,         0,   0.018,pymatching,460019e24b31da54e5258186cf54b9aa3630a3aa41af4d3bc26e209eefdf907a,"{""d"":7,""model"":""phenomenological"",""p"":0.015}",
     53248,        22,         0,   0.409,pymatching,8678eab7326d29e104480c44e90c8a2ae11ef0505db82d042f3a122b8db45a94,"{""d"":9,""model"":""measurement"",""p"":0.024}",
      7168,        28,         0,   0.086,pymatching,b151567ff0e3dea49e4dff91709c6765ffe99191979b5cc1160d9f286542bab9,"{""d"":9,""model"":""measurement"",""p"":0.04}",
      3072,         0,         0,   0.017,pymatching,1938eb02fa174e4398af57ea22b7b299d6e80e0682a4886085d64e26cc5d8b28,"{""d"":9,""model"":""phenomenological"",""p"":0.005}",
      4096,         6,         0,   0.021,pymatching,92bf88950ed347bf8f625c3787a7184ac0dd7e7c28d345ed8de5a8db591cea89,"{""d"":7,""model"":""phenomenological"",""p"":0.013}",
     36864,       148,         0,   0.412,pymatching,b151567ff0e3dea49e4dff91709c6765ffe99191979b5cc1160d9f286542bab9,"{""d"":9,""model"":""measurement"",""p"":0.04}",
     21504,         0,         0,   0.055,pymatching,75d3d4cd8b93c1e72262291e14d5974ff0fb81a218c070e38339f320ad2b4d1d,"{""d"":7,""model"":""phenomenological"",""p"":0.005}",
     11264,        11,         0,   0.106,pymatching,71f0e8e60579fb78e4677335b45c87aae0f1d77fe4d0b974f4b8ab207eef994f,"{""d"":9,""model"":""measurement"",""p"":0.03}",
      1297,         1,         0,   0.013,pymatching,b472c728ad4d530b896c209c587c8d35286cd7af1000ab881e02edca7db1d327,"{""d"":9,""model"":""phenomenological"",""p"":0.01}",
      4096,        17,         0,   0.023,pymatching,460019e24b31da54e5258186cf54b9aa3630a3aa41af4d3bc26e209eefdf907a,"{""d"":7,""model"":""phenomenological"",""p"":0.015}",
     79872,        14,         0,   0.204,pymatching,188ca1ce397017a5ad1d1e345daf924e6f5d2ee6c3beaadb4f002a574dc22ba8,"{""d"":7,""model"":""measurement"",""p"":0.013}",
     45056,        47,         0,   0.407,pymatching,71f0e8e60579fb78e4677335b45c87aae0f1d77fe4d0b974f4b8ab207eef994f,"{""d"":9,""model"":""measurement"",""p"":0.03}",
      1297,         1,         0,   0.016,pymatching,acd7e92885c6a4166f58f4411d2d7f1b77bde277a9bd5c98055a76611813b924,"{""d"":9,""model"":""phenomenological"",""p"":0.013}",
      1024,       516,         0,   0.340,pymatching,9062f3ad185c29976de9ac0e01befea8fd0ff0f5ade514f96d5a132435a2a46d,"{""d"":9,""model"":""circuit"",""p"":0.2}",
      2048,         0,         0,   0.018,pymatching,b472c728ad4d530b896c209c587c8d35286cd7af1000ab881e02edca7db1d327,"{""d"":9,""model"":""phenomenological"",""p"":0.01}",
      4096,         0,         0,   0.024,pymatching,1938eb02fa174e4398af57ea22b7b299d6e80e0682a4886085d64e26cc5d8b28,"{""d"":9,""model"":""phenomenological"",""p"":0.005}",
     40960,         0,         0,   0.148,pymatching,d8cc9c2aa429a5713ed477b1939a2eff819cd7386a3ff93fdca7863794e89a3c,"{""d"":9,""model"":""measurement"",""p"":0.005}",
      6144,         5,         0,   0.031,pymatching,92bf88950ed347bf8f625c3787a7184ac0dd7e7c28d345ed8de5a8db591cea89,"{""d"":7,""model"":""phenomenological"",""p"":0.013}",
      2048,         1,         0,   0.023,pymatching,acd7e92885c6a4166f58f4411d2d7f1b77bde277a9bd5c98055a76611813b924,"{""d"":9,""model"":""phenomenological"",""p"":0.013}",
     13312,         8,         0,   0.055,pymatching,d66f15834c272d5f7a1fe10a9ebb2f2d69666a762b311eb71a46a4148ed18ca1,"{""d"":7,""model"":""phenomenological"",""p"":0.01}",
      5120,        11,         0,   0.029,pymatching,460019e24b31da54e5258186cf54b9aa3630a3aa41af4d3bc26e209eefdf907a,"{""d"":7,""model"":""phenomenological"",""p"":0.015}",
     75776,        20,         0,   0.207,pymatching,31f145f171069341c9c03bd8c5be13721d2af1d73cb9909ae960018268899e4e,"{""d"":7,""model"":""measurement"",""p"":0.015}",
      2048,         0,         0,   0.019,pymatching,b472c728ad4d530b896c209c587c8d35286cd7af1000ab881e02edca7db1d327,"{""d"":9,""model"":""phenomenological"",""p"":0.01}",
     27648,         0,         0,   0.146,pymatching,8407028e38ab80c5f461f56566276bae40a0814bc899a34e1aaa9345eb22cef3,"{""d"":9,""model"":""measurement"",""p"":0.013}",
      5120,         0,         0,   0.029,pymatching,1938eb02fa174e4398af57ea22b7b299d6e80e0682a4886085d64e26cc5d8b28,"{""d"":9,""model"":""phenomenological"",""p"":0.005}",
     31744,         1,         0,   0.147,pymatching,f8b16c1db98fb154e268a37dcebc8c5eacbd03993daab091f051fc9a559c4e8e,"{""d"":9,""model"":""measurement"",""p"":0.01}",
      1297,         0,         0,   0.017,pymatching,a55f0e7a0830d2f17c9d765550d48879eed9cb5a59262a721a9a7320f273d0a8,"{""d"":9,""model"":""phenomenological"",""p"":0.015}",
      2048,         1,         0,   0.024,pymatching,acd7e92885c6a4166f58f4411d2d7f1b77bde277a9bd5c98055a76611813b924,"{""d"":9,""model"":""phenomenological"",""p"":0.013}",
      3072,         0,         0,   0.028,pymatching,b472c728ad4d530b896c209c587c8d35286cd7af1000ab881e02edca7db1d327,"{""d"":9,""model"":""phenomenological"",""p"":0.01}",
      8192,         8,         0,   0.042,pymatching,92bf88950ed347bf8f625c3787a7184ac0dd7e7c28d345ed8de5a8db591cea89,"{""d"":7,""model"":""phenomenological"",""p"":0.013}",
     28672,         0,         0,   0.075,pymatching,75d3d4cd8b93c1e72262291e14d5974ff0fb81a218c070e38339f320ad2b4d1d,"{""d"":7,""model"":""phenomenological"",""p"":0.005}",
      7168,        18,         0,   0.040,pymatching,460019e24b31da54e5258186cf54b9aa3630a3aa41af4d3bc26e209eefdf907a,"{""d"":7,""model"":""phenomenological"",""p"":0.015}",
    108544,        33,         0,   0.102,pymatching,77b3fd925c651b73b67cfff8f69a7fb2d307db306949b42bf55f40e96c6858ef,"{""d"":5,""model"":""phenomenological"",""p"":0.005}",
     24576,         0,         0,   0.146,pymatching,86b3858361a196bf75ce5c91e577522977558d7accbb131be9c1cd69c3ad677c,"{""d"":9,""model"":""measurement"",""p"":0.015}",
      2048,         1,         0,   0.025,pymatching,a55f0e7a0830d2f17c9d765550d48879eed9cb5a59262a721a9a7320f273d0a8,"{""d"":9,""model"":""phenomenological"",""p"":0.015}",
    155648,         5,         0,   0.400,pymatching,75d3d4cd8b93c1e72262291e14d5974ff0fb81a218c070e38339f320ad2b4d1d,"{""d"":7,""model"":""phenomenological"",""p"":0.005}",
     18432,         8,         0,   0.148,pymatching,8678eab7326d29e104480c44e90c8a2ae11ef0505db82d042f3a122b8db45a94,"{""d"":9,""model"":""measurement"",""p"":0.024}",
      7168,         0,         0,   0.041,pymatching,1938eb02fa174e4398af57ea22b7b299d6e80e0682a4886085d64e26cc5d8b28,"{""d"":9,""model"":""phenomenological"",""p"":0.005}",
      3072,         1,         0,   0.036,pymatching,acd7e92885c6a4166f58f4411d2d7f1b77bde277a9bd5c98055a76611813b924,"{""d"":9,""model"":""phenomenological"",""p"":0.013}",
      9216,        35,         0,   0.111,pymatching,b151567ff0e3dea49e4dff91709c6765ffe99191979b5cc1160d9f286542bab9,"{""d"":9,""model"":""measurement"",""p"":0.04}",
     99328,        71,         0,   0.402,pymatching,d66f15834c272d5f7a1fe10a9ebb2f2d69666a762b311eb71a46a4148ed18ca1,"{""d"":7,""model"":""phenomenological"",""p"":0.01}",
      2048,         2,         0,   0.026,pymatching,a55f0e7a0830d2f17c9d765550d48879eed9cb5a59262a721a9a7320f273d0a8,"{""d"":9,""model"":""phenomenological"",""p"":0.015}",
     56320,        57,         0,   0.206,pymatching,723e5099025a0d91ce91848873c95bcb44aff0f98fa9e682e57f16654a44ea66,"{""d"":7,""model"":""measurement"",""p"":0.024}",
     78848,       136,         0,   0.402,pymatching,92bf88950ed347bf8f625c3787a7184ac0dd7e7c28d345ed8de5a8db591cea89,"{""d"":7,""model"":""phenomenological"",""p"":0.013}",
     18432,         8,         0,   0.076,pymatching,d66f15834c272d5f7a1fe10a9ebb2f2d69666a762b311eb71a46a4148ed18ca1,"{""d"":7,""model"":""phenomenological"",""p"":0.01}",
      5120,         0,         0,   0.045,pymatching,b472c728ad4d530b896c209c587c8d35286cd7af1000ab881e02edca7db1d327,"{""d"":9,""model"":""phenomenological"",""p"":0.01}",
     71680,       223,         0,   0.403,pymatching,460019e24b31da54e5258186cf54b9aa3630a3aa41af4d3bc26e209eefdf907a,"{""d"":7,""model"":""phenomenological"",""p"":0.015}",
     11264,        17,         0,   0.058,pymatching,92bf88950ed347bf8f625c3787a7184ac0dd7e7c28d345ed8de5a8db591cea89,"{""d"":7,""model"":""phenomenological"",""p"":0.013}",
      9216,        32,         0,   0.059,pymatching,460019e24b31da54e5258186cf54b9aa3630a3aa41af4d3bc26e209eefdf907a,"{""d"":7,""model"":""phenomenological"",""p"":0.015}",
      4096,         3,         0,   0.046,pymatching,acd7e92885c6a4166f58f4411d2d7f1b77bde277a9bd5c98055a76611813b924,"{""d"":9,""model"":""phenomenological"",""p"":0.013}",
      3072,         5,         0,   0.038,pymatching,a55f0e7a0830d2f17c9d765550d48879eed9cb5a59262a721a9a7320f273d0a8,"{""d"":9,""model"":""phenomenological"",""p"":0.015}",
     10240,         0,         0,   0.058,pymatching,1938eb02fa174e4398af57ea22b7b299d6e80e0682a4886085d64e26cc5d8b28,"{""d"":9,""model"":""phenomenological"",""p"":0.005}",
     75776,         0,         0,   0.406,pymatching,1938eb02fa174e4398af57ea22b7b299d6e80e0682a4886085d64e26cc5d8b28,"{""d"":9,""model"":""phenomenological"",""p"":0.005}",
     16384,        24,         0,   0.153,pymatching,71f0e8e60579fb78e4677335b45c87aae0f1d77fe4d0b974f4b8ab207eef994f,"{""d"":9,""model"":""measurement"",""p"":0.03}",
      6144,         3,         0,   0.055,pymatching,b472c728ad4d530b896c209c587c8d35286cd7af1000ab881e02edca7db1d327,"{""d"":9,""model"":""phenomenological"",""p"":0.01}",
     40960,         1,         0,   0.106,pymatching,75d3d4cd8b93c1e72262291e14d5974ff0fb81a218c070e38339f320ad2b4d1d,"{""d"":7,""model"":""phenomenological"",""p"":0.005}",
      4096,         5,         0,   0.051,pymatching,a55f0e7a0830d2f17c9d765550d48879eed9cb5a59262a721a9a7320f273d0a8,"{""d"":9,""model"":""phenomenological"",""p"":0.015}",
     13312,       113,         0,   0.302,pymatching,ed04fb049d0443ba172e6d4a2e55c04a333284a556ff41df22f3270752d27365,"{""d"":9,""model"":""circuit"",""p"":0.005}",
      5120,         6,         0,   0.057,pymatching,acd7e92885c6a4166f58f4411d2d7f1b77bde277a9bd5c98055a76611813b924,"{""d"":9,""model"":""phenomenological"",""p"":0.013}",
     47104,         7,         0,   0.406,pymatching,b472c728ad4d530b896c209c587c8d35286cd7af1000ab881e02edca7db1d327,"{""d"":9,""model"":""phenomenological"",""p"":0.01}",
     15360,        19,         0,   0.078,pymatching,92bf88950ed347bf8f625c3787a7184ac0dd7e7c28d345ed8de5a8db591cea89,"{""d"":7,""model"":""phenomenological"",""p"":0.013}",
     12288,        36,         0,   0.074,pymatching,460019e24b31da54e5258186cf54b9aa3630a3aa41af4d3bc26e209eefdf907a,"{""d"":7,""model"":""phenomenological"",""p"":0.015}",
    412672,        14,         0,   0.278,pymatching,4cd6019316022fc0eb77e5937db2dcb0f4078e68e5c997ec33dd6d691e235ad4,"{""d"":5,""model"":""measurement"",""p"":0.005}",
     25600,        13,         0,   0.105,pymatching,d66f15834c272d5f7a1fe10a9ebb2f2d69666a762b311eb71a46a4148ed18ca1,"{""d"":7,""model"":""phenomenological"",""p"":0.01}",
    344064,        93,         0,   0.280,pymatching,cbcde2fc3c7fda2308774b9a093e0ea67e727f342979225b679d2fb0572bb908,"{""d"":5,""model"":""measurement"",""p"":0.01}",
    152576,        47,         0,   0.143,pymatching,77b3fd925c651b73b67cfff8f69a7fb2d307db306949b42bf55f40e96c6858ef,"{""d"":5,""model"":""phenomenological"",""p"":0.005}",
     13312,         0,         0,   0.076,pymatching,1938eb02fa174e4398af57ea22b7b299d6e80e0682a4886085d64e26cc5d8b28,"{""d"":9,""model"":""phenomenological"",""p"":0.005}",
     37888,         9,         0,   0.411,pymatching,acd7e92885c6a4166f58f4411d2d7f1b77bde277a9bd5c98055a76611813b924,"{""d"":9,""model"":""phenomenological"",""p"":0.013}",
     57344,         0,         0,   0.206,pymatching,d8cc9c2aa429a5713ed477b1939a2eff819cd7386a3ff93fdca7863794e89a3c,"{""d"":9,""model"":""measurement"",""p"":0.005}",
     12288,        51,         0,   0.148,pymatching,b151567ff0e3dea49e4dff91709c6765ffe99191979b5cc1160d9f286542bab9,"{""d"":9,""model"":""measurement"",""p"":0.04}",
      9216,         1,         0,   0.082,pymatching,b472c728ad4d530b896c209c587c8d35286cd7af1000ab881e02edca7db1d327,"{""d"":9,""model"":""phenomenological"",""p"":0.01}",
     38912,         1,         0,   0.205,pymatching,8407028e38ab80c5f461f56566276bae40a0814bc899a34e1aaa9345eb22cef3,"{""d"":9,""model"":""measurement"",""p"":0.013}",
      5120,         4,         0,   0.063,pymatching,a55f0e7a0830d2f17c9d765550d48879eed9cb5a59262a721a9a7320f273d0a8,"{""d"":9,""model"":""phenomenological"",""p"":0.015}",
    167936,         0,         0,   0.286,pymatching,769b0381ba69a0542c9985f90da82846fd031e8eb69e3de4a1cce452c519a17f,"{""d"":7,""model"":""measurement"",""p"":0.005}",
     33792,        33,         0,   0.415,pymatching,a55f0e7a0830d2f17c9d765550d48879eed9cb5a59262a721a9a7320f273d0a8,"{""d"":9,""model"":""phenomenological"",""p"":0.015}",
    125952,         4,         0,   0.286,pymatching,586f9f9e4edf15d86c032507ab490a443e4976c49adfd4546d9fd533639467ef,"{""d"":7,""model"":""measurement"",""p"":0.01}",
     45056,         0,         0,   0.208,pymatching,f8b16c1db98fb154e268a37dcebc8c5eacbd03993daab091f051fc9a559c4e8e,"{""d"":9,""model"":""measurement"",""p"":0.01}",
     19456,       209,         0,   0.413,pymatching,1456e7e36771270c46c96ec1e97cdcd10a2973295df224d841c8163b6a9ee50d,"{""d"":9,""model"":""phenomenological"",""p"":0.024}",
      7168,         2,         0,   0.080,pymatching,acd7e92885c6a4166f58f4411d2d7f1b77bde277a9bd5c98055a76611813b924,"{""d"":9,""model"":""phenomenological"",""p"":0.013}",
     34816,         0,         0,   0.208,pymatching,86b3858361a196bf75ce5c91e577522977558d7accbb131be9c1cd69c3ad677c,"{""d"":9,""model"":""measurement"",""p"":0.015}",
    111616,        10,         0,   0.287,pymatching,188ca1ce397017a5ad1d1e345daf924e6f5d2ee6c3beaadb4f002a574dc22ba8,"{""d"":7,""model"":""measurement"",""p"":0.013}",
     25600,        13,         0,   0.207,pymatching,8678eab7326d29e104480c44e90c8a2ae11ef0505db82d042f3a122b8db45a94,"{""d"":9,""model"":""measurement"",""p"":0.024}",
     20480,        33,         0,   0.105,pymatching,92bf88950ed347bf8f625c3787a7184ac0dd7e7c28d345ed8de5a8db591cea89,"{""d"":7,""model"":""phenomenological"",""p"":0.013}",
     17408,        43,         0,   0.108,pymatching,460019e24b31da54e5258186cf54b9aa3630a3aa41af4d3bc26e209eefdf907a,"{""d"":7,""model"":""phenomenological"",""p"":0.015}",
    106496,        13,         0,   0.288,pymatching,31f145f171069341c9c03bd8c5be13721d2af1d73cb9909ae960018268899e4e,"{""d"":7,""model"":""measurement"",""p"":0.015}",
     56320,         1,         0,   0.147,pymatching,75d3d4cd8b93c1e72262291e14d5974ff0fb81a218c070e38339f320ad2b4d1d,"{""d"":7,""model"":""phenomenological"",""p"":0.005}",
      6144,         4,         0,   0.076,pymatching,a55f0e7a0830d2f17c9d765550d48879eed9cb5a59262a721a9a7320f273d0a8,"{""d"":9,""model"":""phenomenological"",""p"":0.015}",
     19456,         0,         0,   0.110,pymatching,1938eb02fa174e4398af57ea22b7b299d6e80e0682a4886085d64e26cc5d8b28,"{""d"":9,""model"":""phenomenological"",""p"":0.005}",
     12288,         2,         0,   0.110,pymatching,b472c728ad4d530b896c209c587c8d35286cd7af1000ab881e02edca7db1d327,"{""d"":9,""model"":""phenomenological"",""p"":0.01}",
     35840,        22,         0,   0.147,pymatching,d66f15834c272d5f7a1fe10a9ebb2f2d69666a762b311eb71a46a4148ed18ca1,"{""d"":7,""model"":""phenomenological"",""p"":0.01}",
     22528,        25,         0,   0.212,pymatching,71f0e8e60579fb78e4677335b45c87aae0f1d77fe4d0b974f4b8ab207eef994f,"{""d"":9,""model"":""measurement"",""p"":0.03}",
     10240,        10,         0,   0.115,pymatching,acd7e92885c6a4166f58f4411d2d7f1b77bde277a9bd5c98055a76611813b924,"{""d"":9,""model"":""phenomenological"",""p"":0.013}",
     78848,        96,         0,   0.289,pymatching,723e5099025a0d91ce91848873c95bcb44aff0f98fa9e682e57f16654a44ea66,"{""d"":7,""model"":""measurement"",""p"":0.024}",
    212992,        77,         0,   0.201,pymatching,77b3fd925c651b73b67cfff8f69a7fb2d307db306949b42bf55f40e96c6858ef,"{""d"":5,""model"":""phenomenological"",""p"":0.005}",
      9216,         7,         0,   0.114,pymatching,a55f0e7a0830d2f17c9d765550d48879eed9cb5a59262a721a9a7320f273d0a8,"{""d"":9,""model"":""phenomenological"",""p"":0.015}",
     17408,        67,         0,   0.210,pymatching,b151567ff0e3dea49e4dff91709c6765ffe99191979b5cc1160d9f286542bab9,"{""d"":9,""model"":""measurement"",""p"":0.04}",
     28672,        42,         0,   0.148,pymatching,92bf88950ed347bf8f625c3787a7184ac0dd7e7c28d345ed8de5a8db591cea89,"{""d"":7,""model"":""phenomenological"",""p"":0.013}",
     25600,        68,         0,   0.151,pymatching,460019e24b31da54e5258186cf54b9aa3630a3aa41af4d3bc26e209eefdf907a,"{""d"":7,""model"":""phenomenological"",""p"":0.015}",
     26624,         0,         0,   0.151,pymatching,1938eb02fa174e4398af57ea22b7b299d6e80e0682a4886085d64e26cc5d8b28,"{""d"":9,""model"":""phenomenological"",""p"":0.005}",
    160768,         0,         0,   0.566,pymatching,d8cc9c2aa429a5713ed477b1939a2eff819cd7386a3ff93fdca7863794e89a3c,"{""d"":9,""model"":""measurement"",""p"":0.005}",
    247808,        12,         0,   0.560,pymatching,586f9f9e4edf15d86c032507ab490a443e4976c49adfd4546d9fd533639467ef,"{""d"":7,""model"":""measurement"",""p"":0.01}",
    318464,         0,         0,   0.559,pymatching,769b0381ba69a0542c9985f90da82846fd031e8eb69e3de4a1cce452c519a17f,"{""d"":7,""model"":""measurement"",""p"":0.005}",
    215040,        28,         0,   0.560,pymatching,188ca1ce397017a5ad1d1e345daf924e6f5d2ee6c3beaadb4f002a574dc22ba8,"{""d"":7,""model"":""measurement"",""p"":0.013}",
    855040,        28,         0,   0.547,pymatching,4cd6019316022fc0eb77e5937db2dcb0f4078e68e5c997ec33dd6d691e235ad4,"{""d"":5,""model"":""measurement"",""p"":0.005}",
    676864,       185,         0,   0.551,pymatching,cbcde2fc3c7fda2308774b9a093e0ea67e727f342979225b679d2fb0572bb908,"{""d"":5,""model"":""measurement"",""p"":0.01}",
    107520,         3,         0,   0.565,pymatching,8407028e38ab80c5f461f56566276bae40a0814bc899a34e1aaa9345eb22cef3,"{""d"":9,""model"":""measurement"",""p"":0.013}",
    199680,        34,         0,   0.563,pymatching,31f145f171069341c9c03bd8c5be13721d2af1d73cb9909ae960018268899e4e,"{""d"":7,""model"":""measurement"",""p"":0.015}",
    121856,         1,         0,   0.565,pymatching,f8b16c1db98fb154e268a37dcebc8c5eacbd03993daab091f051fc9a559c4e8e,"{""d"":9,""model"":""measurement"",""p"":0.01}",
     17408,         2,         0,   0.156,pymatching,b472c728ad4d530b896c209c587c8d35286cd7af1000ab881e02edca7db1d327,"{""d"":9,""model"":""phenomenological"",""p"":0.01}",
    149504,       176,         0,   0.562,pymatching,723e5099025a0d91ce91848873c95bcb44aff0f98fa9e682e57f16654a44ea66,"{""d"":7,""model"":""measurement"",""p"":0.024}",
     80896,         0,         0,   0.290,pymatching,d8cc9c2aa429a5713ed477b1939a2eff819cd7386a3ff93fdca7863794e89a3c,"{""d"":9,""model"":""measurement"",""p"":0.005}",
    606208,       175,         0,   0.552,pymatching,77b3fd925c651b73b67cfff8f69a7fb2d307db306949b42bf55f40e96c6858ef,"{""d"":5,""model"":""phenomenological"",""p"":0.005}",
     99328,         4,         0,   0.566,pymatching,86b3858361a196bf75ce5c91e577522977558d7accbb131be9c1cd69c3ad677c,"{""d"":9,""model"":""measurement"",""p"":0.015}",
     78848,         2,         0,   0.205,pymatching,75d3d4cd8b93c1e72262291e14d5974ff0fb81a218c070e38339f320ad2b4d1d,"{""d"":7,""model"":""phenomenological"",""p"":0.005}",
     13312,         4,         0,   0.150,pymatching,acd7e92885c6a4166f58f4411d2d7f1b77bde277a9bd5c98055a76611813b924,"{""d"":9,""model"":""phenomenological"",""p"":0.013}",
     55296,         2,         0,   0.291,pymatching,8407028e38ab80c5f461f56566276bae40a0814bc899a34e1aaa9345eb22cef3,"{""d"":9,""model"":""measurement"",""p"":0.013}",
     73728,        31,         0,   0.565,pymatching,8678eab7326d29e104480c44e90c8a2ae11ef0505db82d042f3a122b8db45a94,"{""d"":9,""model"":""measurement"",""p"":0.024}",
     62464,         0,         0,   0.288,pymatching,f8b16c1db98fb154e268a37dcebc8c5eacbd03993daab091f051fc9a559c4e8e,"{""d"":9,""model"":""measurement"",""p"":0.01}",
     50176,       213,         0,   0.569,pymatching,b151567ff0e3dea49e4dff91709c6765ffe99191979b5cc1160d9f286542bab9,"{""d"":9,""model"":""measurement"",""p"":0.04}",
     50176,        26,         0,   0.208,pymatching,d66f15834c272d5f7a1fe10a9ebb2f2d69666a762b311eb71a46a4148ed18ca1,"{""d"":7,""model"":""phenomenological"",""p"":0.01}",
     48128,         2,         0,   0.289,pymatching,86b3858361a196bf75ce5c91e577522977558d7accbb131be9c1cd69c3ad677c,"{""d"":9,""model"":""measurement"",""p"":0.015}",
     10240,        44,         0,   0.124,pymatching,b151567ff0e3dea49e4dff91709c6765ffe99191979b5cc1160d9f286542bab9,"{""d"":9,""model"":""measurement"",""p"":0.04}",
     63488,        74,         0,   0.573,pymatching,71f0e8e60579fb78e4677335b45c87aae0f1d77fe4d0b974f4b8ab207eef994f,"{""d"":9,""model"":""measurement"",""p"":0.03}",
     35840,        15,         0,   0.291,pymatching,8678eab7326d29e104480c44e90c8a2ae11ef0505db82d042f3a122b8db45a94,"{""d"":9,""model"":""measurement"",""p"":0.024}",
     12288,        12,         0,   0.151,pymatching,a55f0e7a0830d2f17c9d765550d48879eed9cb5a59262a721a9a7320f273d0a8,"{""d"":9,""model"":""phenomenological"",""p"":0.015}",
     84992,       265,         0,   0.479,pymatching,460019e24b31da54e5258186cf54b9aa3630a3aa41af4d3bc26e209eefdf907a,"{""d"":7,""model"":""phenomenological"",""p"":0.015}",
     25600,        95,         0,   0.135,pymatching,460019e24b31da54e5258186cf54b9aa3630a3aa41af4d3bc26e209eefdf907a,"{""d"":7,""model"":""phenomenological"",""p"":0.015}",
     18432,       144,         0,   0.418,pymatching,ed04fb049d0443ba172e6d4a2e55c04a333284a556ff41df22f3270752d27365,"{""d"":9,""model"":""circuit"",""p"":0.005}",
    576512,        18,         0,   0.390,pymatching,4cd6019316022fc0eb77e5937db2dcb0f4078e68e5c997ec33dd6d691e235ad4,"{""d"":5,""model"":""measurement"",""p"":0.005}",
      1297,        10,         0,   0.024,pymatching,1456e7e36771270c46c96ec1e97cdcd10a2973295df224d841c8163b6a9ee50d,"{""d"":9,""model"":""phenomenological"",""p"":0.024}",
    483328,       128,         0,   0.394,pymatching,cbcde2fc3c7fda2308774b9a093e0ea67e727f342979225b679d2fb0572bb908,"{""d"":5,""model"":""measurement"",""p"":0.01}",
      4369,         0,         0,   0.004,pymatching,cbcde2fc3c7fda2308774b9a093e0ea67e727f342979225b679d2fb0572bb908,"{""d"":5,""model"":""measurement"",""p"":0.01}",
    138240,        39,         0,   0.113,pymatching,cbcde2fc3c7fda2308774b9a093e0ea67e727f342979225b679d2fb0572bb908,"{""d"":5,""model"":""measurement"",""p"":0.01}",
      1024,         0,         0,   0.001,pymatching,cbcde2fc3c7fda2308774b9a093e0ea67e727f342979225b679d2fb0572bb908,"{""d"":5,""model"":""measurement"",""p"":0.01}",
     13585,         0,         0,   0.010,pymatching,4cd6019316022fc0eb77e5937db2dcb0f4078e68e5c997ec33dd6d691e235ad4,"{""d"":5,""model"":""measurement"",""p"":0.005}",
      4369,         0,         0,   0.011,pymatching,586f9f9e4edf15d86c032507ab490a443e4976c49adfd4546d9fd533639467ef,"{""d"":7,""model"":""measurement"",""p"":0.01}",
      1024,         7,         0,   0.021,pymatching,1456e7e36771270c46c96ec1e97cdcd10a2973295df224d841c8163b6a9ee50d,"{""d"":9,""model"":""phenomenological"",""p"":0.024}",
      5393,         0,         0,   0.010,pymatching,769b0381ba69a0542c9985f90da82846fd031e8eb69e3de4a1cce452c519a17f,"{""d"":7,""model"":""measurement"",""p"":0.005}",
     17408,       192,         0,   0.374,pymatching,1456e7e36771270c46c96ec1e97cdcd10a2973295df224d841c8163b6a9ee50d,"{""d"":9,""model"":""phenomenological"",""p"":0.024}",
     21504,         3,         0,   0.014,pymatching,4cd6019316022fc0eb77e5937db2dcb0f4078e68e5c997ec33dd6d691e235ad4,"{""d"":5,""model"":""measurement"",""p"":0.005}",
      4369,         0,         0,   0.011,pymatching,188ca1ce397017a5ad1d1e345daf924e6f5d2ee6c3beaadb4f002a574dc22ba8,"{""d"":7,""model"":""measurement"",""p"":0.013}",
    217088,         7,         0,   0.562,pymatching,75d3d4cd8b93c1e72262291e14d5974ff0fb81a218c070e38339f320ad2b4d1d,"{""d"":7,""model"":""phenomenological"",""p"":0.005}",
      6144,         0,         0,   0.014,pymatching,586f9f9e4edf15d86c032507ab490a443e4976c49adfd4546d9fd533639467ef,"{""d"":7,""model"":""measurement"",""p"":0.01}",
     30720,        32,         0,   0.289,pymatching,71f0e8e60579fb78e4677335b45c87aae0f1d77fe4d0b974f4b8ab207eef994f,"{""d"":9,""model"":""measurement"",""p"":0.03}",
      8192,         0,         0,   0.014,pymatching,769b0381ba69a0542c9985f90da82846fd031e8eb69e3de4a1cce452c519a17f,"{""d"":7,""model"":""measurement"",""p"":0.005}",
      1024,         9,         0,   0.022,pymatching,1456e7e36771270c46c96ec1e97cdcd10a2973295df224d841c8163b6a9ee50d,"{""d"":9,""model"":""phenomenological"",""p"":0.024}",
      6144,         0,         0,   0.015,pymatching,188ca1ce397017a5ad1d1e345daf924e6f5d2ee6c3beaadb4f002a574dc22ba8,"{""d"":7,""model"":""measurement"",""p"":0.013}",
    235520,         2,         0,   0.400,pymatching,769b0381ba69a0542c9985f90da82846fd031e8eb69e3de4a1cce452c519a17f,"{""d"":7,""model"":""measurement"",""p"":0.005}",
    138240,        64,         0,   0.565,pymatching,d66f15834c272d5f7a1fe10a9ebb2f2d69666a762b311eb71a46a4148ed18ca1,"{""d"":7,""model"":""phenomenological"",""p"":0.01}",
     28672,         1,         0,   0.019,pymatching,4cd6019316022fc0eb77e5937db2dcb0f4078e68e5c997ec33dd6d691e235ad4,"{""d"":5,""model"":""measurement"",""p"":0.005}",
     39936,        61,         0,   0.206,pymatching,92bf88950ed347bf8f625c3787a7184ac0dd7e7c28d345ed8de5a8db591cea89,"{""d"":7,""model"":""phenomenological"",""p"":0.013}",
    175104,         5,         0,   0.401,pymatching,586f9f9e4edf15d86c032507ab490a443e4976c49adfd4546d9fd533639467ef,"{""d"":7,""model"":""measurement"",""p"":0.01}",
      1297,        15,         0,   0.035,pymatching,ed04fb049d0443ba172e6d4a2e55c04a333284a556ff41df22f3270752d27365,"{""d"":9,""model"":""circuit"",""p"":0.005}",
     11264,         0,         0,   0.020,pymatching,586f9f9e4edf15d86c032507ab490a443e4976c49adfd4546d9fd533639467ef,"{""d"":7,""model"":""measurement"",""p"":0.01}",
    108544,       159,         0,   0.566,pymatching,92bf88950ed347bf8f625c3787a7184ac0dd7e7c28d345ed8de5a8db591cea89,"{""d"":7,""model"":""phenomenological"",""p"":0.013}",
     12288,         0,         0,   0.021,pymatching,769b0381ba69a0542c9985f90da82846fd031e8eb69e3de4a1cce452c519a17f,"{""d"":7,""model"":""measurement"",""p"":0.005}",
      3345,         0,         0,   0.010,pymatching,31f145f171069341c9c03bd8c5be13721d2af1d73cb9909ae960018268899e4e,"{""d"":7,""model"":""measurement"",""p"":0.015}",
      8192,         2,         0,   0.020,pymatching,188ca1ce397017a5ad1d1e345daf924e6f5d2ee6c3beaadb4f002a574dc22ba8,"{""d"":7,""model"":""measurement"",""p"":0.013}",
      3345,         4,         0,   0.013,pymatching,723e5099025a0d91ce91848873c95bcb44aff0f98fa9e682e57f16654a44ea66,"{""d"":7,""model"":""measurement"",""p"":0.024}",
      1024,        11,         0,   0.024,pymatching,ed04fb049d0443ba172e6d4a2e55c04a333284a556ff41df22f3270752d27365,"{""d"":9,""model"":""circuit"",""p"":0.005}",
     40960,         0,         0,   0.027,pymatching,4cd6019316022fc0eb77e5937db2dcb0f4078e68e5c997ec33dd6d691e235ad4,"{""d"":5,""model"":""measurement"",""p"":0.005}",
      5120,         0,         0,   0.015,pymatching,31f145f171069341c9c03bd8c5be13721d2af1d73cb9909ae960018268899e4e,"{""d"":7,""model"":""measurement"",""p"":0.015}",
     36864,         0,         0,   0.210,pymatching,1938eb02fa174e4398af57ea22b7b299d6e80e0682a4886085d64e26cc5d8b28,"{""d"":9,""model"":""phenomenological"",""p"":0.005}",
    155648,        27,         0,   0.402,pymatching,188ca1ce397017a5ad1d1e345daf924e6f5d2ee6c3beaadb4f002a574dc22ba8,"{""d"":7,""model"":""measurement"",""p"":0.013}",
     12288,         0,         0,   0.027,pymatching,586f9f9e4edf15d86c032507ab490a443e4976c49adfd4546d9fd533639467ef,"{""d"":7,""model"":""measurement"",""p"":0.01}",
      4096,         4,         0,   0.016,pymatching,723e5099025a0d91ce91848873c95bcb44aff0f98fa9e682e57f16654a44ea66,"{""d"":7,""model"":""measurement"",""p"":0.024}",
     16384,         0,         0,   0.028,pymatching,769b0381ba69a0542c9985f90da82846fd031e8eb69e3de4a1cce452c519a17f,"{""d"":7,""model"":""measurement"",""p"":0.005}",
     11264,         5,         0,   0.028,pymatching,188ca1ce397017a5ad1d1e345daf924e6f5d2ee6c3beaadb4f002a574dc22ba8,"{""d"":7,""model"":""measurement"",""p"":0.013}",
      1024,        11,         0,   0.025,pymatching,ed04fb049d0443ba172e6d4a2e55c04a333284a556ff41df22f3270752d27365,"{""d"":9,""model"":""circuit"",""p"":0.005}",
    297984,        84,         0,   0.281,pymatching,77b3fd925c651b73b67cfff8f69a7fb2d307db306949b42bf55f40e96c6858ef,"{""d"":5,""model"":""phenomenological"",""p"":0.005}",
    105472,         0,         0,   0.564,pymatching,1938eb02fa174e4398af57ea22b7b299d6e80e0682a4886085d64e26cc5d8b28,"{""d"":9,""model"":""phenomenological"",""p"":0.005}",
      1024,         2,         0,   0.001,pymatching,77b3fd925c651b73b67cfff8f69a7fb2d307db306949b42bf55f40e96c6858ef,"{""d"":5,""model"":""phenomenological"",""p"":0.005}",
    202752,        63,         0,   0.184,pymatching,77b3fd925c651b73b67cfff8f69a7fb2d307db306949b42bf55f40e96c6858ef,"{""d"":5,""model"":""phenomenological"",""p"":0.005}",
      7168,         0,         0,   0.021,pymatching,31f145f171069341c9c03bd8c5be13721d2af1d73cb9909ae960018268899e4e,"{""d"":7,""model"":""measurement"",""p"":0.015}",
      5120,         4,         0,   0.019,pymatching,723e5099025a0d91ce91848873c95bcb44aff0f98fa9e682e57f16654a44ea66,"{""d"":7,""model"":""measurement"",""p"":0.024}",
     23552,         1,         0,   0.211,pymatching,b472c728ad4d530b896c209c587c8d35286cd7af1000ab881e02edca7db1d327,"{""d"":9,""model"":""phenomenological"",""p"":0.01}",
    148480,        24,         0,   0.402,pymatching,31f145f171069341c9c03bd8c5be13721d2af1d73cb9909ae960018268899e4e,"{""d"":7,""model"":""measurement"",""p"":0.015}",
     58368,         5,         0,   0.038,pymatching,4cd6019316022fc0eb77e5937db2dcb0f4078e68e5c997ec33dd6d691e235ad4,"{""d"":5,""model"":""measurement"",""p"":0.005}",
     17408,         1,         0,   0.038,pymatching,586f9f9e4edf15d86c032507ab490a443e4976c49adfd4546d9fd533639467ef,"{""d"":7,""model"":""measurement"",""p"":0.01}",
      2321,         0,         0,   0.012,pymatching,f8b16c1db98fb154e268a37dcebc8c5eacbd03993daab091f051fc9a559c4e8e,"{""d"":9,""model"":""measurement"",""p"":0.01}",
      3345,         0,         0,   0.013,pymatching,d8cc9c2aa429a5713ed477b1939a2eff819cd7386a3ff93fdca7863794e89a3c,"{""d"":9,""model"":""measurement"",""p"":0.005}",
     22528,         0,         0,   0.038,pymatching,769b0381ba69a0542c9985f90da82846fd031e8eb69e3de4a1cce452c519a17f,"{""d"":7,""model"":""measurement"",""p"":0.005}",
     10240,         0,         0,   0.029,pymatching,31f145f171069341c9c03bd8c5be13721d2af1d73cb9909ae960018268899e4e,"{""d"":7,""model"":""measurement"",""p"":0.015}",
     14336,         1,         0,   0.038,pymatching,188ca1ce397017a5ad1d1e345daf924e6f5d2ee6c3beaadb4f002a574dc22ba8,"{""d"":7,""model"":""measurement"",""p"":0.013}",
     18432,         8,         0,   0.210,pymatching,acd7e92885c6a4166f58f4411d2d7f1b77bde277a9bd5c98055a76611813b924,"{""d"":9,""model"":""phenomenological"",""p"":0.013}",
      7168,         5,         0,   0.027,pymatching,723e5099025a0d91ce91848873c95bcb44aff0f98fa9e682e57f16654a44ea66,"{""d"":7,""model"":""measurement"",""p"":0.024}",
      3072,         0,         0,   0.014,pymatching,f8b16c1db98fb154e268a37dcebc8c5eacbd03993daab091f051fc9a559c4e8e,"{""d"":9,""model"":""measurement"",""p"":0.01}",
      4096,         0,         0,   0.015,pymatching,d8cc9c2aa429a5713ed477b1939a2eff819cd7386a3ff93fdca7863794e89a3c,"{""d"":9,""model"":""measurement"",""p"":0.005}",
      2048,        14,         0,   0.049,pymatching,ed04fb049d0443ba172e6d4a2e55c04a333284a556ff41df22f3270752d27365,"{""d"":9,""model"":""circuit"",""p"":0.005}",
     66560,         8,         0,   0.572,pymatching,b472c728ad4d530b896c209c587c8d35286cd7af1000ab881e02edca7db1d327,"{""d"":9,""model"":""phenomenological"",""p"":0.01}",
      5120,         0,         0,   0.024,pymatching,f8b16c1db98fb154e268a37dcebc8c5eacbd03993daab091f051fc9a559c4e8e,"{""d"":9,""model"":""measurement"",""p"":0.01}",
      6144,         0,         0,   0.023,pymatching,d8cc9c2aa429a5713ed477b1939a2eff819cd7386a3ff93fdca7863794e89a3c,"{""d"":9,""model"":""measurement"",""p"":0.005}",
     80896,         2,         0,   0.052,pymatching,4cd6019316022fc0eb77e5937db2dcb0f4078e68e5c997ec33dd6d691e235ad4,"{""d"":5,""model"":""measurement"",""p"":0.005}",
     13312,         2,         0,   0.038,pymatching,31f145f171069341c9c03bd8c5be13721d2af1d73cb9909ae960018268899e4e,"{""d"":7,""model"":""measurement"",""p"":0.015}",
     10240,        11,         0,   0.039,pymatching,723e5099025a0d91ce91848873c95bcb44aff0f98fa9e682e57f16654a44ea66,"{""d"":7,""model"":""measurement"",""p"":0.024}",
     51200,        22,         0,   0.566,pymatching,acd7e92885c6a4166f58f4411d2d7f1b77bde277a9bd5c98055a76611813b924,"{""d"":9,""model"":""phenomenological"",""p"":0.013}",
     23552,         0,         0,   0.053,pymatching,586f9f9e4edf15d86c032507ab490a443e4976c49adfd4546d9fd533639467ef,"{""d"":7,""model"":""measurement"",""p"":0.01}",
    109568,       141,         0,   0.403,pymatching,723e5099025a0d91ce91848873c95bcb44aff0f98fa9e682e57f16654a44ea66,"{""d"":7,""model"":""measurement"",""p"":0.024}",
      2048,         0,         0,   0.008,pymatching,723e5099025a0d91ce91848873c95bcb44aff0f98fa9e682e57f16654a44ea66,"{""d"":7,""model"":""measurement"",""p"":0.024}",
     31744,         0,         0,   0.054,pymatching,769b0381ba69a0542c9985f90da82846fd031e8eb69e3de4a1cce452c519a17f,"{""d"":7,""model"":""measurement"",""p"":0.005}",
     74752,       109,         0,   0.283,pymatching,723e5099025a0d91ce91848873c95bcb44aff0f98fa9e682e57f16654a44ea66,"{""d"":7,""model"":""measurement"",""p"":0.024}",
      1024,         1,         0,   0.004,pymatching,723e5099025a0d91ce91848873c95bcb44aff0f98fa9e682e57f16654a44ea66,"{""d"":7,""model"":""measurement"",""p"":0.024}",
     21504,         1,         0,   0.054,pymatching,188ca1ce397017a5ad1d1e345daf924e6f5d2ee6c3beaadb4f002a574dc22ba8,"{""d"":7,""model"":""measurement"",""p"":0.013}",
      6144,         0,         0,   0.028,pymatching,f8b16c1db98fb154e268a37dcebc8c5eacbd03993daab091f051fc9a559c4e8e,"{""d"":9,""model"":""measurement"",""p"":0.01}",
     17408,        13,         0,   0.216,pymatching,a55f0e7a0830d2f17c9d765550d48879eed9cb5a59262a721a9a7320f273d0a8,"{""d"":9,""model"":""phenomenological"",""p"":0.015}",
      8192,         0,         0,   0.031,pymatching,d8cc9c2aa429a5713ed477b1939a2eff819cd7386a3ff93fdca7863794e89a3c,"{""d"":9,""model"":""measurement"",""p"":0.005}",
      2048,        22,         0,   0.049,pymatching,ed04fb049d0443ba172e6d4a2e55c04a333284a556ff41df22f3270752d27365,"{""d"":9,""model"":""circuit"",""p"":0.005}",
    108544,         3,         0,   0.285,pymatching,75d3d4cd8b93c1e72262291e14d5974ff0fb81a218c070e38339f320ad2b4d1d,"{""d"":7,""model"":""phenomenological"",""p"":0.005}",
     46080,        54,         0,   0.567,pymatching,a55f0e7a0830d2f17c9d765550d48879eed9cb5a59262a721a9a7320f273d0a8,"{""d"":9,""model"":""phenomenological"",""p"":0.015}",
      1297,         1,         0,   0.011,pymatching,8678eab7326d29e104480c44e90c8a2ae11ef0505db82d042f3a122b8db45a94,"{""d"":9,""model"":""measurement"",""p"":0.024}",
      2321,         1,         0,   0.015,pymatching,86b3858361a196bf75ce5c91e577522977558d7accbb131be9c1cd69c3ad677c,"{""d"":9,""model"":""measurement"",""p"":0.015}",
      2321,         0,         0,   0.014,pymatching,8407028e38ab80c5f461f56566276bae40a0814bc899a34e1aaa9345eb22cef3,"{""d"":9,""model"":""measurement"",""p"":0.013}",
     19456,         8,         0,   0.056,pymatching,31f145f171069341c9c03bd8c5be13721d2af1d73cb9909ae960018268899e4e,"{""d"":7,""model"":""measurement"",""p"":0.015}",
      2048,         1,         0,   0.016,pymatching,8678eab7326d29e104480c44e90c8a2ae11ef0505db82d042f3a122b8db45a94,"{""d"":9,""model"":""measurement"",""p"":0.024}",
      3072,         0,         0,   0.016,pymatching,8407028e38ab80c5f461f56566276bae40a0814bc899a34e1aaa9345eb22cef3,"{""d"":9,""model"":""measurement"",""p"":0.013}",
      3072,         0,         0,   0.018,pymatching,86b3858361a196bf75ce5c91e577522977558d7accbb131be9c1cd69c3ad677c,"{""d"":9,""model"":""measurement"",""p"":0.015}",
     10240,         0,         0,   0.038,pymatching,d8cc9c2aa429a5713ed477b1939a2eff819cd7386a3ff93fdca7863794e89a3c,"{""d"":9,""model"":""measurement"",""p"":0.005}",
      9216,         0,         0,   0.043,pymatching,f8b16c1db98fb154e268a37dcebc8c5eacbd03993daab091f051fc9a559c4e8e,"{""d"":9,""model"":""measurement"",""p"":0.01}",
     70656,        40,         0,   0.287,pymatching,d66f15834c272d5f7a1fe10a9ebb2f2d69666a762b311eb71a46a4148ed18ca1,"{""d"":7,""model"":""phenomenological"",""p"":0.01}",
    112640,         6,         0,   0.073,pymatching,4cd6019316022fc0eb77e5937db2dcb0f4078e68e5c997ec33dd6d691e235ad4,"{""d"":5,""model"":""measurement"",""p"":0.005}",
      3072,         0,         0,   0.024,pymatching,8678eab7326d29e104480c44e90c8a2ae11ef0505db82d042f3a122b8db45a94,"{""d"":9,""model"":""measurement"",""p"":0.024}",
     36864,         5,         0,   0.076,pymatching,586f9f9e4edf15d86c032507ab490a443e4976c49adfd4546d9fd533639467ef,"{""d"":7,""model"":""measurement"",""p"":0.01}",
      4096,         0,         0,   0.023,pymatching,8407028e38ab80c5f461f56566276bae40a0814bc899a34e1aaa9345eb22cef3,"{""d"":9,""model"":""measurement"",""p"":0.013}",
      4096,         0,         0,   0.024,pymatching,86b3858361a196bf75ce5c91e577522977558d7accbb131be9c1cd69c3ad677c,"{""d"":9,""model"":""measurement"",""p"":0.015}",
     44032,         1,         0,   0.075,pymatching,769b0381ba69a0542c9985f90da82846fd031e8eb69e3de4a1cce452c519a17f,"{""d"":7,""model"":""measurement"",""p"":0.005}",
     30720,         3,         0,   0.076,pymatching,188ca1ce397017a5ad1d1e345daf924e6f5d2ee6c3beaadb4f002a574dc22ba8,"{""d"":7,""model"":""measurement"",""p"":0.013}",
      3072,        31,         0,   0.074,pymatching,ed04fb049d0443ba172e6d4a2e55c04a333284a556ff41df22f3270752d27365,"{""d"":9,""model"":""circuit"",""p"":0.005}",
      4096,         1,         0,   0.032,pymatching,8678eab7326d29e104480c44e90c8a2ae11ef0505db82d042f3a122b8db45a94,"{""d"":9,""model"":""measurement"",""p"":0.024}",
      5120,         0,         0,   0.029,pymatching,8407028e38ab80c5f461f56566276bae40a0814bc899a34e1aaa9345eb22cef3,"{""d"":9,""model"":""measurement"",""p"":0.013}",
      5120,         1,         0,   0.030,pymatching,86b3858361a196bf75ce5c91e577522977558d7accbb131be9c1cd69c3ad677c,"{""d"":9,""model"":""measurement"",""p"":0.015}",
     15360,         0,         0,   0.057,pymatching,d8cc9c2aa429a5713ed477b1939a2eff819cd7386a3ff93fdca7863794e89a3c,"{""d"":9,""model"":""measurement"",""p"":0.005}",
     12288,         0,         0,   0.057,pymatching,f8b16c1db98fb154e268a37dcebc8c5eacbd03993daab091f051fc9a559c4e8e,"{""d"":9,""model"":""measurement"",""p"":0.01}",
     26624,         4,         0,   0.076,pymatching,31f145f171069341c9c03bd8c5be13721d2af1d73cb9909ae960018268899e4e,"{""d"":7,""model"":""measurement"",""p"":0.015}",
    112640,         0,         0,   0.405,pymatching,d8cc9c2aa429a5713ed477b1939a2eff819cd7386a3ff93fdca7863794e89a3c,"{""d"":9,""model"":""measurement"",""p"":0.005}",
      5120,         3,         0,   0.040,pymatching,8678eab7326d29e104480c44e90c8a2ae11ef0505db82d042f3a122b8db45a94,"{""d"":9,""model"":""measurement"",""p"":0.024}",
      7168,         0,         0,   0.040,pymatching,8407028e38ab80c5f461f56566276bae40a0814bc899a34e1aaa9345eb22cef3,"{""d"":9,""model"":""measurement"",""p"":0.013}",
      7168,         0,         0,   0.042,pymatching,86b3858361a196bf75ce5c91e577522977558d7accbb131be9c1cd69c3ad677c,"{""d"":9,""model"":""measurement"",""p"":0.015}",
     76800,         0,         0,   0.405,pymatching,8407028e38ab80c5f461f56566276bae40a0814bc899a34e1aaa9345eb22cef3,"{""d"":9,""model"":""measurement"",""p"":0.013}",
     55296,        91,         0,   0.287,pymatching,92bf88950ed347bf8f625c3787a7184ac0dd7e7c28d345ed8de5a8db591cea89,"{""d"":7,""model"":""phenomenological"",""p"":0.013}",
     88064,         1,         0,   0.403,pymatching,f8b16c1db98fb154e268a37dcebc8c5eacbd03993daab091f051fc9a559c4e8e,"{""d"":9,""model"":""measurement"",""p"":0.01}",
    157696,         7,         0,   0.102,pymatching,4cd6019316022fc0eb77e5937db2dcb0f4078e68e5c997ec33dd6d691e235ad4,"{""d"":5,""model"":""measurement"",""p"":0.005}",
     48128,         1,         0,   0.105,pymatching,586f9f9e4edf15d86c032507ab490a443e4976c49adfd4546d9fd533639467ef,"{""d"":7,""model"":""measurement"",""p"":0.01}",
     69632,         3,         0,   0.408,pymatching,86b3858361a196bf75ce5c91e577522977558d7accbb131be9c1cd69c3ad677c,"{""d"":9,""model"":""measurement"",""p"":0.015}",
     61440,         0,         0,   0.104,pymatching,769b0381ba69a0542c9985f90da82846fd031e8eb69e3de4a1cce452c519a17f,"{""d"":7,""model"":""measurement"",""p"":0.005}",
     20480,         0,         0,   0.076,pymatching,d8cc9c2aa429a5713ed477b1939a2eff819cd7386a3ff93fdca7863794e89a3c,"{""d"":9,""model"":""measurement"",""p"":0.005}",
      4096,        43,         0,   0.098,pymatching,ed04fb049d0443ba172e6d4a2e55c04a333284a556ff41df22f3270752d27365,"{""d"":9,""model"":""circuit"",""p"":0.005}",
     16384,         0,         0,   0.076,pymatching,f8b16c1db98fb154e268a37dcebc8c5eacbd03993daab091f051fc9a559c4e8e,"{""d"":9,""model"":""measurement"",""p"":0.01}",
     41984,         2,         0,   0.105,pymatching,188ca1ce397017a5ad1d1e345daf924e6f5d2ee6c3beaadb4f002a574dc22ba8,"{""d"":7,""model"":""measurement"",""p"":0.013}",
     51200,         0,         0,   0.292,pymatching,1938eb02fa174e4398af57ea22b7b299d6e80e0682a4886085d64e26cc5d8b28,"{""d"":9,""model"":""phenomenological"",""p"":0.005}",
     50176,         9,         0,   0.410,pymatching,8678eab7326d29e104480c44e90c8a2ae11ef0505db82d042f3a122b8db45a94,"{""d"":9,""model"":""measurement"",""p"":0.024}",
      7168,         6,         0,   0.056,pymatching,8678eab7326d29e104480c44e90c8a2ae11ef0505db82d042f3a122b8db45a94,"{""d"":9,""model"":""measurement"",""p"":0.024}",
     10240,         0,         0,   0.056,pymatching,8407028e38ab80c5f461f56566276bae40a0814bc899a34e1aaa9345eb22cef3,"{""d"":9,""model"":""measurement"",""p"":0.013}",
      9216,         0,         0,   0.055,pymatching,86b3858361a196bf75ce5c91e577522977558d7accbb131be9c1cd69c3ad677c,"{""d"":9,""model"":""measurement"",""p"":0.015}",
     32768,         4,         0,   0.295,pymatching,b472c728ad4d530b896c209c587c8d35286cd7af1000ab881e02edca7db1d327,"{""d"":9,""model"":""phenomenological"",""p"":0.01}",
     36864,         4,         0,   0.105,pymatching,31f145f171069341c9c03bd8c5be13721d2af1d73cb9909ae960018268899e4e,"{""d"":7,""model"":""measurement"",""p"":0.015}",
     25600,        14,         0,   0.290,pymatching,acd7e92885c6a4166f58f4411d2d7f1b77bde277a9bd5c98055a76611813b924,"{""d"":9,""model"":""phenomenological"",""p"":0.013}",
     43008,        54,         0,   0.408,pymatching,71f0e8e60579fb78e4677335b45c87aae0f1d77fe4d0b974f4b8ab207eef994f,"{""d"":9,""model"":""measurement"",""p"":0.03}",
     10240,         5,         0,   0.080,pymatching,8678eab7326d29e104480c44e90c8a2ae11ef0505db82d042f3a122b8db45a94,"{""d"":9,""model"":""measurement"",""p"":0.024}",
     14336,         0,         0,   0.077,pymatching,8407028e38ab80c5f461f56566276bae40a0814bc899a34e1aaa9345eb22cef3,"{""d"":9,""model"":""measurement"",""p"":0.013}",
     13312,         0,         0,   0.080,pymatching,86b3858361a196bf75ce5c91e577522977558d7accbb131be9c1cd69c3ad677c,"{""d"":9,""model"":""measurement"",""p"":0.015}",
     22528,         1,         0,   0.105,pymatching,f8b16c1db98fb154e268a37dcebc8c5eacbd03993daab091f051fc9a559c4e8e,"{""d"":9,""model"":""measurement"",""p"":0.01}",
     28672,         0,         0,   0.107,pymatching,d8cc9c2aa429a5713ed477b1939a2eff819cd7386a3ff93fdca7863794e89a3c,"{""d"":9,""model"":""measurement"",""p"":0.005}",
     23552,        18,         0,   0.292,pymatching,a55f0e7a0830d2f17c9d765550d48879eed9cb5a59262a721a9a7320f273d0a8,"{""d"":9,""model"":""phenomenological"",""p"":0.015}",
      5120,        42,         0,   0.123,pymatching,ed04fb049d0443ba172e6d4a2e55c04a333284a556ff41df22f3270752d27365,"{""d"":9,""model"":""circuit"",""p"":0.005}",
    220160,         3,         0,   0.143,pymatching,4cd6019316022fc0eb77e5937db2dcb0f4078e68e5c997ec33dd6d691e235ad4,"{""d"":5,""model"":""measurement"",""p"":0.005}",
     65536,         4,         0,   0.147,pymatching,586f9f9e4edf15d86c032507ab490a443e4976c49adfd4546d9fd533639467ef,"{""d"":7,""model"":""measurement"",""p"":0.01}",
     86016,         0,         0,   0.146,pymatching,769b0381ba69a0542c9985f90da82846fd031e8eb69e3de4a1cce452c519a17f,"{""d"":7,""model"":""measurement"",""p"":0.005}",
     58368,         5,         0,   0.146,pymatching,188ca1ce397017a5ad1d1e345daf924e6f5d2ee6c3beaadb4f002a574dc22ba8,"{""d"":7,""model"":""measurement"",""p"":0.013}",
     51200,         5,         0,   0.146,pymatching,31f145f171069341c9c03bd8c5be13721d2af1d73cb9909ae960018268899e4e,"{""d"":7,""model"":""measurement"",""p"":0.015}",
    796672,        23,         0,   0.546,pymatching,4cd6019316022fc0eb77e5937db2dcb0f4078e68e5c997ec33dd6d691e235ad4,"{""d"":5,""model"":""measurement"",""p"":0.005}",
     24576,       222,         0,   0.569,pymatching,ed04fb049d0443ba172e6d4a2e55c04a333284a556ff41df22f3270752d27365,"{""d"":9,""model"":""circuit"",""p"":0.005}",
     19456,         0,         0,   0.108,pymatching,8407028e38ab80c5f461f56566276bae40a0814bc899a34e1aaa9345eb22cef3,"{""d"":9,""model"":""measurement"",""p"":0.013}",
     14336,         5,         0,   0.111,pymatching,8678eab7326d29e104480c44e90c8a2ae11ef0505db82d042f3a122b8db45a94,"{""d"":9,""model"":""measurement"",""p"":0.024}",
     18432,         0,         0,   0.110,pymatching,86b3858361a196bf75ce5c91e577522977558d7accbb131be9c1cd69c3ad677c,"{""d"":9,""model"":""measurement"",""p"":0.015}",
    151552,         2,         0,   0.401,pymatching,75d3d4cd8b93c1e72262291e14d5974ff0fb81a218c070e38339f320ad2b4d1d,"{""d"":7,""model"":""phenomenological"",""p"":0.005}",
    327680,         1,         0,   0.559,pymatching,769b0381ba69a0542c9985f90da82846fd031e8eb69e3de4a1cce452c519a17f,"{""d"":7,""model"":""measurement"",""p"":0.005}",
    239616,        12,         0,   0.560,pymatching,586f9f9e4edf15d86c032507ab490a443e4976c49adfd4546d9fd533639467ef,"{""d"":7,""model"":""measurement"",""p"":0.01}",
     31744,         0,         0,   0.148,pymatching,f8b16c1db98fb154e268a37dcebc8c5eacbd03993daab091f051fc9a559c4e8e,"{""d"":9,""model"":""measurement"",""p"":0.01}",
     39936,         0,         0,   0.149,pymatching,d8cc9c2aa429a5713ed477b1939a2eff819cd7386a3ff93fdca7863794e89a3c,"{""d"":9,""model"":""measurement"",""p"":0.005}",
      6144,        59,         0,   0.149,pymatching,ed04fb049d0443ba172e6d4a2e55c04a333284a556ff41df22f3270752d27365,"{""d"":9,""model"":""circuit"",""p"":0.005}",
     96256,        57,         0,   0.402,pymatching,d66f15834c272d5f7a1fe10a9ebb2f2d69666a762b311eb71a46a4148ed18ca1,"{""d"":7,""model"":""phenomenological"",""p"":0.01}",
    216064,        21,         0,   0.560,pymatching,188ca1ce397017a5ad1d1e345daf924e6f5d2ee6c3beaadb4f002a574dc22ba8,"{""d"":7,""model"":""measurement"",""p"":0.013}",
      3072,        29,         0,   0.093,pymatching,ed04fb049d0443ba172e6d4a2e55c04a333284a556ff41df22f3270752d27365,"{""d"":9,""model"":""circuit"",""p"":0.005}",
      1024,         4,         0,   0.025,pymatching,ed04fb049d0443ba172e6d4a2e55c04a333284a556ff41df22f3270752d27365,"{""d"":9,""model"":""circuit"",""p"":0.005}",
    218112,         0,         0,   0.788,pymatching,d8cc9c2aa429a5713ed477b1939a2eff819cd7386a3ff93fdca7863794e89a3c,"{""d"":9,""model"":""measurement"",""p"":0.005}",
    343040,        15,         0,   0.783,pymatching,586f9f9e4edf15d86c032507ab490a443e4976c49adfd4546d9fd533639467ef,"{""d"":7,""model"":""measurement"",""p"":0.01}",
    437248,         3,         0,   0.781,pymatching,769b0381ba69a0542c9985f90da82846fd031e8eb69e3de4a1cce452c519a17f,"{""d"":7,""model"":""measurement"",""p"":0.005}",
    206848,        40,         0,   0.562,pymatching,31f145f171069341c9c03bd8c5be13721d2af1d73cb9909ae960018268899e4e,"{""d"":7,""model"":""measurement"",""p"":0.015}",
    296960,        23,         0,   0.785,pymatching,188ca1ce397017a5ad1d1e345daf924e6f5d2ee6c3beaadb4f002a574dc22ba8,"{""d"":7,""model"":""measurement"",""p"":0.013}",
   1188864,        41,         0,   0.766,pymatching,4cd6019316022fc0eb77e5937db2dcb0f4078e68e5c997ec33dd6d691e235ad4,"{""d"":5,""model"":""measurement"",""p"":0.005}",
    152576,         4,         0,   0.792,pymatching,8407028e38ab80c5f461f56566276bae40a0814bc899a34e1aaa9345eb22cef3,"{""d"":9,""model"":""measurement"",""p"":0.013}",
    273408,        41,         0,   0.787,pymatching,31f145f171069341c9c03bd8c5be13721d2af1d73cb9909ae960018268899e4e,"{""d"":7,""model"":""measurement"",""p"":0.015}",
      3345,         1,         0,   0.010,pymatching,75d3d4cd8b93c1e72262291e14d5974ff0fb81a218c070e38339f320ad2b4d1d,"{""d"":7,""model"":""phenomenological"",""p"":0.005}",
    172032,         0,         0,   0.792,pymatching,f8b16c1db98fb154e268a37dcebc8c5eacbd03993daab091f051fc9a559c4e8e,"{""d"":9,""model"":""measurement"",""p"":0.01}",
      1297,         2,         0,   0.015,pymatching,71f0e8e60579fb78e4677335b45c87aae0f1d77fe4d0b974f4b8ab207eef994f,"{""d"":9,""model"":""measurement"",""p"":0.03}",
    308224,        11,         0,   0.200,pymatching,4cd6019316022fc0eb77e5937db2dcb0f4078e68e5c997ec33dd6d691e235ad4,"{""d"":5,""model"":""measurement"",""p"":0.005}",
      5120,         0,         0,   0.014,pymatching,75d3d4cd8b93c1e72262291e14d5974ff0fb81a218c070e38339f320ad2b4d1d,"{""d"":7,""model"":""phenomenological"",""p"":0.005}",
    139264,         5,         0,   0.792,pymatching,86b3858361a196bf75ce5c91e577522977558d7accbb131be9c1cd69c3ad677c,"{""d"":9,""model"":""measurement"",""p"":0.015}",
      2048,         2,         0,   0.019,pymatching,71f0e8e60579fb78e4677335b45c87aae0f1d77fe4d0b974f4b8ab207eef994f,"{""d"":9,""model"":""measurement"",""p"":0.03}",
     93184,         2,         0,   0.205,pymatching,586f9f9e4edf15d86c032507ab490a443e4976c49adfd4546d9fd533639467ef,"{""d"":7,""model"":""measurement"",""p"":0.01}",
     27648,         1,         0,   0.148,pymatching,8407028e38ab80c5f461f56566276bae40a0814bc899a34e1aaa9345eb22cef3,"{""d"":9,""model"":""measurement"",""p"":0.013}",
    122880,         0,         0,   0.204,pymatching,769b0381ba69a0542c9985f90da82846fd031e8eb69e3de4a1cce452c519a17f,"{""d"":7,""model"":""measurement"",""p"":0.005}",
     24576,         3,         0,   0.147,pymatching,86b3858361a196bf75ce5c91e577522977558d7accbb131be9c1cd69c3ad677c,"{""d"":9,""model"":""measurement"",""p"":0.015}",
      7168,         1,         0,   0.019,pymatching,75d3d4cd8b93c1e72262291e14d5974ff0fb81a218c070e38339f320ad2b4d1d,"{""d"":7,""model"":""phenomenological"",""p"":0.005}",
    102400,        57,         0,   0.795,pymatching,8678eab7326d29e104480c44e90c8a2ae11ef0505db82d042f3a122b8db45a94,"{""d"":9,""model"":""measurement"",""p"":0.024}",
     81920,        11,         0,   0.206,pymatching,188ca1ce397017a5ad1d1e345daf924e6f5d2ee6c3beaadb4f002a574dc22ba8,"{""d"":7,""model"":""measurement"",""p"":0.013}",
     18432,        12,         0,   0.154,pymatching,8678eab7326d29e104480c44e90c8a2ae11ef0505db82d042f3a122b8db45a94,"{""d"":9,""model"":""measurement"",""p"":0.024}",
      3072,         3,         0,   0.029,pymatching,71f0e8e60579fb78e4677335b45c87aae0f1d77fe4d0b974f4b8ab207eef994f,"{""d"":9,""model"":""measurement"",""p"":0.03}",
     77824,       131,         0,   0.407,pymatching,92bf88950ed347bf8f625c3787a7184ac0dd7e7c28d345ed8de5a8db591cea89,"{""d"":7,""model"":""phenomenological"",""p"":0.013}",
    131072,       241,         0,   0.692,pymatching,92bf88950ed347bf8f625c3787a7184ac0dd7e7c28d345ed8de5a8db591cea89,"{""d"":7,""model"":""phenomenological"",""p"":0.013}",
      1024,         1,         0,   0.005,pymatching,92bf88950ed347bf8f625c3787a7184ac0dd7e7c28d345ed8de5a8db591cea89,"{""d"":7,""model"":""phenomenological"",""p"":0.013}",
     10240,         1,         0,   0.028,pymatching,75d3d4cd8b93c1e72262291e14d5974ff0fb81a218c070e38339f320ad2b4d1d,"{""d"":7,""model"":""phenomenological"",""p"":0.005}",
     83968,        92,         0,   0.797,pymatching,71f0e8e60579fb78e4677335b45c87aae0f1d77fe4d0b974f4b8ab207eef994f,"{""d"":9,""model"":""measurement"",""p"":0.03}",
     67584,        12,         0,   0.206,pymatching,31f145f171069341c9c03bd8c5be13721d2af1d73cb9909ae960018268899e4e,"{""d"":7,""model"":""measurement"",""p"":0.015}",
      2321,         0,         0,   0.011,pymatching,d66f15834c272d5f7a1fe10a9ebb2f2d69666a762b311eb71a46a4148ed18ca1,"{""d"":7,""model"":""phenomenological"",""p"":0.01}",
      2321,         0,         0,   0.015,pymatching,1938eb02fa174e4398af57ea22b7b299d6e80e0682a4886085d64e26cc5d8b28,"{""d"":9,""model"":""phenomenological"",""p"":0.005}",
     70656,         0,         0,   0.407,pymatching,1938eb02fa174e4398af57ea22b7b299d6e80e0682a4886085d64e26cc5d8b28,"{""d"":9,""model"":""phenomenological"",""p"":0.005}",
      3072,         3,         0,   0.044,pymatching,71f0e8e60579fb78e4677335b45c87aae0f1d77fe4d0b974f4b8ab207eef994f,"{""d"":9,""model"":""measurement"",""p"":0.03}",
     14336,         0,         0,   0.038,pymatching,75d3d4cd8b93c1e72262291e14d5974ff0fb81a218c070e38339f320ad2b4d1d,"{""d"":7,""model"":""phenomenological"",""p"":0.005}",
      4096,         2,         0,   0.018,pymatching,d66f15834c272d5f7a1fe10a9ebb2f2d69666a762b311eb71a46a4148ed18ca1,"{""d"":7,""model"":""phenomenological"",""p"":0.01}",
      3072,         0,         0,   0.018,pymatching,1938eb02fa174e4398af57ea22b7b299d6e80e0682a4886085d64e26cc5d8b28,"{""d"":9,""model"":""phenomenological"",""p"":0.005}",
     45056,         5,         0,   0.407,pymatching,b472c728ad4d530b896c209c587c8d35286cd7af1000ab881e02edca7db1d327,"{""d"":9,""model"":""phenomenological"",""p"":0.01}",
      5120,         6,         0,   0.022,pymatching,d66f15834c272d5f7a1fe10a9ebb2f2d69666a762b311eb71a46a4148ed18ca1,"{""d"":7,""model"":""phenomenological"",""p"":0.01}",
    299008,         7,         0,   0.786,pymatching,75d3d4cd8b93c1e72262291e14d5974ff0fb81a218c070e38339f320ad2b4d1d,"{""d"":7,""model"":""phenomenological"",""p"":0.005}",
      4096,         0,         0,   0.024,pymatching,1938eb02fa174e4398af57ea22b7b299d6e80e0682a4886085d64e26cc5d8b28,"{""d"":9,""model"":""phenomenological"",""p"":0.005}",
      3072,         2,         0,   0.039,pymatching,71f0e8e60579fb78e4677335b45c87aae0f1d77fe4d0b974f4b8ab207eef994f,"{""d"":9,""model"":""measurement"",""p"":0.03}",
     35840,        21,         0,   0.405,pymatching,acd7e92885c6a4166f58f4411d2d7f1b77bde277a9bd5c98055a76611813b924,"{""d"":9,""model"":""phenomenological"",""p"":0.013}",
     44032,         1,         0,   0.206,pymatching,f8b16c1db98fb154e268a37dcebc8c5eacbd03993daab091f051fc9a559c4e8e,"{""d"":9,""model"":""measurement"",""p"":0.01}",
     55296,         0,         0,   0.207,pymatching,d8cc9c2aa429a5713ed477b1939a2eff819cd7386a3ff93fdca7863794e89a3c,"{""d"":9,""model"":""measurement"",""p"":0.005}",
    190464,       102,         0,   0.788,pymatching,d66f15834c272d5f7a1fe10a9ebb2f2d69666a762b311eb71a46a4148ed18ca1,"{""d"":7,""model"":""phenomenological"",""p"":0.01}",
     20480,         0,         0,   0.055,pymatching,75d3d4cd8b93c1e72262291e14d5974ff0fb81a218c070e38339f320ad2b4d1d,"{""d"":7,""model"":""phenomenological"",""p"":0.005}",
      7168,         2,         0,   0.031,pymatching,d66f15834c272d5f7a1fe10a9ebb2f2d69666a762b311eb71a46a4148ed18ca1,"{""d"":7,""model"":""phenomenological"",""p"":0.01}",
      5120,         0,         0,   0.029,pymatching,1938eb02fa174e4398af57ea22b7b299d6e80e0682a4886085d64e26cc5d8b28,"{""d"":9,""model"":""phenomenological"",""p"":0.005}",
    158720,         0,         0,   0.564,pymatching,d8cc9c2aa429a5713ed477b1939a2eff819cd7386a3ff93fdca7863794e89a3c,"{""d"":9,""model"":""measurement"",""p"":0.005}",
      6144,         6,         0,   0.057,pymatching,71f0e8e60579fb78e4677335b45c87aae0f1d77fe4d0b974f4b8ab207eef994f,"{""d"":9,""model"":""measurement"",""p"":0.03}",
      9216,         7,         0,   0.039,pymatching,d66f15834c272d5f7a1fe10a9ebb2f2d69666a762b311eb71a46a4148ed18ca1,"{""d"":7,""model"":""phenomenological"",""p"":0.01}",
    146432,         1,         0,   0.791,pymatching,1938eb02fa174e4398af57ea22b7b299d6e80e0682a4886085d64e26cc5d8b28,"{""d"":9,""model"":""phenomenological"",""p"":0.005}",
      7168,         0,         0,   0.042,pymatching,1938eb02fa174e4398af57ea22b7b299d6e80e0682a4886085d64e26cc5d8b28,"{""d"":9,""model"":""phenomenological"",""p"":0.005}",
     32768,        40,         0,   0.409,pymatching,a55f0e7a0830d2f17c9d765550d48879eed9cb5a59262a721a9a7320f273d0a8,"{""d"":9,""model"":""phenomenological"",""p"":0.015}",
    104448,         0,         0,   0.567,pymatching,8407028e38ab80c5f461f56566276bae40a0814bc899a34e1aaa9345eb22cef3,"{""d"":9,""model"":""measurement"",""p"":0.013}",
    120832,         1,         0,   0.564,pymatching,f8b16c1db98fb154e268a37dcebc8c5eacbd03993daab091f051fc9a559c4e8e,"{""d"":9,""model"":""measurement"",""p"":0.01}",
     27648,         1,         0,   0.074,pymatching,75d3d4cd8b93c1e72262291e14d5974ff0fb81a218c070e38339f320ad2b4d1d,"{""d"":7,""model"":""phenomenological"",""p"":0.005}",
     38912,         2,         0,   0.210,pymatching,8407028e38ab80c5f461f56566276bae40a0814bc899a34e1aaa9345eb22cef3,"{""d"":9,""model"":""measurement"",""p"":0.013}",
     93184,         3,         0,   0.566,pymatching,86b3858361a196bf75ce5c91e577522977558d7accbb131be9c1cd69c3ad677c,"{""d"":9,""model"":""measurement"",""p"":0.015}",
     34816,         0,         0,   0.209,pymatching,86b3858361a196bf75ce5c91e577522977558d7accbb131be9c1cd69c3ad677c,"{""d"":9,""model"":""measurement"",""p"":0.015}",
     24576,        10,         0,   0.205,pymatching,8678eab7326d29e104480c44e90c8a2ae11ef0505db82d042f3a122b8db45a94,"{""d"":9,""model"":""measurement"",""p"":0.024}",
     13312,        10,         0,   0.057,pymatching,d66f15834c272d5f7a1fe10a9ebb2f2d69666a762b311eb71a46a4148ed18ca1,"{""d"":7,""model"":""phenomenological"",""p"":0.01}",
     68608,        18,         0,   0.567,pymatching,8678eab7326d29e104480c44e90c8a2ae11ef0505db82d042f3a122b8db45a94,"{""d"":9,""model"":""measurement"",""p"":0.024}",
      9216,         0,         0,   0.053,pymatching,1938eb02fa174e4398af57ea22b7b299d6e80e0682a4886085d64e26cc5d8b28,"{""d"":9,""model"":""phenomenological"",""p"":0.005}",
     91136,        11,         0,   0.791,pymatching,b472c728ad4d530b896c209c587c8d35286cd7af1000ab881e02edca7db1d327,"{""d"":9,""model"":""phenomenological"",""p"":0.01}",
      8192,        10,         0,   0.076,pymatching,71f0e8e60579fb78e4677335b45c87aae0f1d77fe4d0b974f4b8ab207eef994f,"{""d"":9,""model"":""measurement"",""p"":0.03}",
     70656,        27,         0,   0.793,pymatching,acd7e92885c6a4166f58f4411d2d7f1b77bde277a9bd5c98055a76611813b924,"{""d"":9,""model"":""phenomenological"",""p"":0.013}",
    429056,        12,         0,   0.279,pymatching,4cd6019316022fc0eb77e5937db2dcb0f4078e68e5c997ec33dd6d691e235ad4,"{""d"":5,""model"":""measurement"",""p"":0.005}",
     64512,        67,         0,   0.799,pymatching,a55f0e7a0830d2f17c9d765550d48879eed9cb5a59262a721a9a7320f273d0a8,"{""d"":9,""model"":""phenomenological"",""p"":0.015}",
    130048,         4,         0,   0.287,pymatching,586f9f9e4edf15d86c032507ab490a443e4976c49adfd4546d9fd533639467ef,"{""d"":7,""model"":""measurement"",""p"":0.01}",
    166912,         0,         0,   0.285,pymatching,769b0381ba69a0542c9985f90da82846fd031e8eb69e3de4a1cce452c519a17f,"{""d"":7,""model"":""measurement"",""p"":0.005}",
     59392,        65,         0,   0.569,pymatching,71f0e8e60579fb78e4677335b45c87aae0f1d77fe4d0b974f4b8ab207eef994f,"{""d"":9,""model"":""measurement"",""p"":0.03}",
    113664,        14,         0,   0.286,pymatching,188ca1ce397017a5ad1d1e345daf924e6f5d2ee6c3beaadb4f002a574dc22ba8,"{""d"":7,""model"":""measurement"",""p"":0.013}",
     18432,        12,         0,   0.078,pymatching,d66f15834c272d5f7a1fe10a9ebb2f2d69666a762b311eb71a46a4148ed18ca1,"{""d"":7,""model"":""phenomenological"",""p"":0.01}",
     13312,         0,         0,   0.078,pymatching,1938eb02fa174e4398af57ea22b7b299d6e80e0682a4886085d64e26cc5d8b28,"{""d"":9,""model"":""phenomenological"",""p"":0.005}",
     38912,         1,         0,   0.105,pymatching,75d3d4cd8b93c1e72262291e14d5974ff0fb81a218c070e38339f320ad2b4d1d,"{""d"":7,""model"":""phenomenological"",""p"":0.005}",
    100352,        27,         0,   0.288,pymatching,31f145f171069341c9c03bd8c5be13721d2af1d73cb9909ae960018268899e4e,"{""d"":7,""model"":""measurement"",""p"":0.015}",
     11264,        14,         0,   0.106,pymatching,71f0e8e60579fb78e4677335b45c87aae0f1d77fe4d0b974f4b8ab207eef994f,"{""d"":9,""model"":""measurement"",""p"":0.03}",
     61440,         0,         0,   0.289,pymatching,f8b16c1db98fb154e268a37dcebc8c5eacbd03993daab091f051fc9a559c4e8e,"{""d"":9,""model"":""measurement"",""p"":0.01}",
     76800,         0,         0,   0.290,pymatching,d8cc9c2aa429a5713ed477b1939a2eff819cd7386a3ff93fdca7863794e89a3c,"{""d"":9,""model"":""measurement"",""p"":0.005}",
     24576,        14,         0,   0.105,pymatching,d66f15834c272d5f7a1fe10a9ebb2f2d69666a762b311eb71a46a4148ed18ca1,"{""d"":7,""model"":""phenomenological"",""p"":0.01}",
     18432,         0,         0,   0.107,pymatching,1938eb02fa174e4398af57ea22b7b299d6e80e0682a4886085d64e26cc5d8b28,"{""d"":9,""model"":""phenomenological"",""p"":0.005}",
     54272,         2,         0,   0.147,pymatching,75d3d4cd8b93c1e72262291e14d5974ff0fb81a218c070e38339f320ad2b4d1d,"{""d"":7,""model"":""phenomenological"",""p"":0.005}",
    211968,         6,         0,   0.562,pymatching,75d3d4cd8b93c1e72262291e14d5974ff0fb81a218c070e38339f320ad2b4d1d,"{""d"":7,""model"":""phenomenological"",""p"":0.005}",
    134144,        78,         0,   0.565,pymatching,d66f15834c272d5f7a1fe10a9ebb2f2d69666a762b311eb71a46a4148ed18ca1,"{""d"":7,""model"":""phenomenological"",""p"":0.01}",
     16384,        21,         0,   0.154,pymatching,71f0e8e60579fb78e4677335b45c87aae0f1d77fe4d0b974f4b8ab207eef994f,"{""d"":9,""model"":""measurement"",""p"":0.03}",
     54272,         1,         0,   0.290,pymatching,8407028e38ab80c5f461f56566276bae40a0814bc899a34e1aaa9345eb22cef3,"{""d"":9,""model"":""measurement"",""p"":0.013}",
     48128,         2,         0,   0.291,pymatching,86b3858361a196bf75ce5c91e577522977558d7accbb131be9c1cd69c3ad677c,"{""d"":9,""model"":""measurement"",""p"":0.015}",
     36864,        19,         0,   0.294,pymatching,8678eab7326d29e104480c44e90c8a2ae11ef0505db82d042f3a122b8db45a94,"{""d"":9,""model"":""measurement"",""p"":0.024}",
     34816,        24,         0,   0.149,pymatching,d66f15834c272d5f7a1fe10a9ebb2f2d69666a762b311eb71a46a4148ed18ca1,"{""d"":7,""model"":""phenomenological"",""p"":0.01}",
     25600,         0,         0,   0.149,pymatching,1938eb02fa174e4398af57ea22b7b299d6e80e0682a4886085d64e26cc5d8b28,"{""d"":9,""model"":""phenomenological"",""p"":0.005}",
     97280,         2,         0,   0.563,pymatching,1938eb02fa174e4398af57ea22b7b299d6e80e0682a4886085d64e26cc5d8b28,"{""d"":9,""model"":""phenomenological"",""p"":0.005}",
   1102848,        39,         0,   0.765,pymatching,4cd6019316022fc0eb77e5937db2dcb0f4078e68e5c997ec33dd6d691e235ad4,"{""d"":5,""model"":""measurement"",""p"":0.005}",
     62464,         8,         0,   0.569,pymatching,b472c728ad4d530b896c209c587c8d35286cd7af1000ab881e02edca7db1d327,"{""d"":9,""model"":""phenomenological"",""p"":0.01}",
     75776,         2,         0,   0.206,pymatching,75d3d4cd8b93c1e72262291e14d5974ff0fb81a218c070e38339f320ad2b4d1d,"{""d"":7,""model"":""phenomenological"",""p"":0.005}",
    600064,        24,         0,   0.391,pymatching,4cd6019316022fc0eb77e5937db2dcb0f4078e68e5c997ec33dd6d691e235ad4,"{""d"":5,""model"":""measurement"",""p"":0.005}",
     49152,        23,         0,   0.567,pymatching,acd7e92885c6a4166f58f4411d2d7f1b77bde277a9bd5c98055a76611813b924,"{""d"":9,""model"":""phenomenological"",""p"":0.013}",
    453632,         0,         0,   0.782,pymatching,769b0381ba69a0542c9985f90da82846fd031e8eb69e3de4a1cce452c519a17f,"{""d"":7,""model"":""measurement"",""p"":0.005}",
    333824,        14,         0,   0.783,pymatching,586f9f9e4edf15d86c032507ab490a443e4976c49adfd4546d9fd533639467ef,"{""d"":7,""model"":""measurement"",""p"":0.01}",
    182272,         6,         0,   0.401,pymatching,586f9f9e4edf15d86c032507ab490a443e4976c49adfd4546d9fd533639467ef,"{""d"":7,""model"":""measurement"",""p"":0.01}",
    232448,         0,         0,   0.399,pymatching,769b0381ba69a0542c9985f90da82846fd031e8eb69e3de4a1cce452c519a17f,"{""d"":7,""model"":""measurement"",""p"":0.005}",
    158720,        20,         0,   0.400,pymatching,188ca1ce397017a5ad1d1e345daf924e6f5d2ee6c3beaadb4f002a574dc22ba8,"{""d"":7,""model"":""measurement"",""p"":0.013}",
     22528,        25,         0,   0.211,pymatching,71f0e8e60579fb78e4677335b45c87aae0f1d77fe4d0b974f4b8ab207eef994f,"{""d"":9,""model"":""measurement"",""p"":0.03}",
    296960,        28,         0,   0.786,pymatching,188ca1ce397017a5ad1d1e345daf924e6f5d2ee6c3beaadb4f002a574dc22ba8,"{""d"":7,""model"":""measurement"",""p"":0.013}",
    139264,        22,         0,   0.403,pymatching,31f145f171069341c9c03bd8c5be13721d2af1d73cb9909ae960018268899e4e,"{""d"":7,""model"":""measurement"",""p"":0.015}",
    286720,        52,         0,   0.786,pymatching,31f145f171069341c9c03bd8c5be13721d2af1d73cb9909ae960018268899e4e,"{""d"":7,""model"":""measurement"",""p"":0.015}",
     46080,        32,         0,   0.576,pymatching,a55f0e7a0830d2f17c9d765550d48879eed9cb5a59262a721a9a7320f273d0a8,"{""d"":9,""model"":""phenomenological"",""p"":0.015}",
     48128,        28,         0,   0.206,pymatching,d66f15834c272d5f7a1fe10a9ebb2f2d69666a762b311eb71a46a4148ed18ca1,"{""d"":7,""model"":""phenomenological"",""p"":0.01}",
     35840,         1,         0,   0.209,pymatching,1938eb02fa174e4398af57ea22b7b299d6e80e0682a4886085d64e26cc5d8b28,"{""d"":9,""model"":""phenomenological"",""p"":0.005}",
     86016,         0,         0,   0.405,pymatching,f8b16c1db98fb154e268a37dcebc8c5eacbd03993daab091f051fc9a559c4e8e,"{""d"":9,""model"":""measurement"",""p"":0.01}",
    106496,         0,         0,   0.405,pymatching,d8cc9c2aa429a5713ed477b1939a2eff819cd7386a3ff93fdca7863794e89a3c,"{""d"":9,""model"":""measurement"",""p"":0.005}",
     75776,         2,         0,   0.405,pymatching,8407028e38ab80c5f461f56566276bae40a0814bc899a34e1aaa9345eb22cef3,"{""d"":9,""model"":""measurement"",""p"":0.013}",
     66560,         1,         0,   0.405,pymatching,86b3858361a196bf75ce5c91e577522977558d7accbb131be9c1cd69c3ad677c,"{""d"":9,""model"":""measurement"",""p"":0.015}",
     51200,        23,         0,   0.405,pymatching,8678eab7326d29e104480c44e90c8a2ae11ef0505db82d042f3a122b8db45a94,"{""d"":9,""model"":""measurement"",""p"":0.024}",
    220160,         0,         0,   0.788,pymatching,d8cc9c2aa429a5713ed477b1939a2eff819cd7386a3ff93fdca7863794e89a3c,"{""d"":9,""model"":""measurement"",""p"":0.005}",
    105472,         2,         0,   0.287,pymatching,75d3d4cd8b93c1e72262291e14d5974ff0fb81a218c070e38339f320ad2b4d1d,"{""d"":7,""model"":""phenomenological"",""p"":0.005}",
    148480,         3,         0,   0.791,pymatching,8407028e38ab80c5f461f56566276bae40a0814bc899a34e1aaa9345eb22cef3,"{""d"":9,""model"":""measurement"",""p"":0.013}",
    167936,         0,         0,   0.789,pymatching,f8b16c1db98fb154e268a37dcebc8c5eacbd03993daab091f051fc9a559c4e8e,"{""d"":9,""model"":""measurement"",""p"":0.01}",
     26624,        25,         0,   0.291,pymatching,71f0e8e60579fb78e4677335b45c87aae0f1d77fe4d0b974f4b8ab207eef994f,"{""d"":9,""model"":""measurement"",""p"":0.03}",
    128000,         3,         0,   0.789,pymatching,86b3858361a196bf75ce5c91e577522977558d7accbb131be9c1cd69c3ad677c,"{""d"":9,""model"":""measurement"",""p"":0.015}",
     95232,        33,         0,   0.795,pymatching,8678eab7326d29e104480c44e90c8a2ae11ef0505db82d042f3a122b8db45a94,"{""d"":9,""model"":""measurement"",""p"":0.024}",
     67584,        37,         0,   0.290,pymatching,d66f15834c272d5f7a1fe10a9ebb2f2d69666a762b311eb71a46a4148ed18ca1,"{""d"":7,""model"":""phenomenological"",""p"":0.01}",
    463872,        17,         0,    1.10,pymatching,586f9f9e4edf15d86c032507ab490a443e4976c49adfd4546d9fd533639467ef,"{""d"":7,""model"":""measurement"",""p"":0.01}",
    303104,         0,         0,    1.10,pymatching,d8cc9c2aa429a5713ed477b1939a2eff819cd7386a3ff93fdca7863794e89a3c,"{""d"":9,""model"":""measurement"",""p"":0.005}",
    606208,         2,         0,    1.09,pymatching,769b0381ba69a0542c9985f90da82846fd031e8eb69e3de4a1cce452c519a17f,"{""d"":7,""model"":""measurement"",""p"":0.005}",
    409600,        42,         0,    1.10,pymatching,188ca1ce397017a5ad1d1e345daf924e6f5d2ee6c3beaadb4f002a574dc22ba8,"{""d"":7,""model"":""measurement"",""p"":0.013}",
     50176,         0,         0,   0.293,pymatching,1938eb02fa174e4398af57ea22b7b299d6e80e0682a4886085d64e26cc5d8b28,"{""d"":9,""model"":""phenomenological"",""p"":0.005}",
   1651712,        68,         0,    1.07,pymatching,4cd6019316022fc0eb77e5937db2dcb0f4078e68e5c997ec33dd6d691e235ad4,"{""d"":5,""model"":""measurement"",""p"":0.005}",
    207872,         6,         0,    1.11,pymatching,8407028e38ab80c5f461f56566276bae40a0814bc899a34e1aaa9345eb22cef3,"{""d"":9,""model"":""measurement"",""p"":0.013}",
    375808,        74,         0,    1.10,pymatching,31f145f171069341c9c03bd8c5be13721d2af1d73cb9909ae960018268899e4e,"{""d"":7,""model"":""measurement"",""p"":0.015}",
    236544,         0,         0,    1.11,pymatching,f8b16c1db98fb154e268a37dcebc8c5eacbd03993daab091f051fc9a559c4e8e,"{""d"":9,""model"":""measurement"",""p"":0.01}",
     80896,       101,         0,   0.792,pymatching,71f0e8e60579fb78e4677335b45c87aae0f1d77fe4d0b974f4b8ab207eef994f,"{""d"":9,""model"":""measurement"",""p"":0.03}",
    191488,         7,         0,    1.11,pymatching,86b3858361a196bf75ce5c91e577522977558d7accbb131be9c1cd69c3ad677c,"{""d"":9,""model"":""measurement"",""p"":0.015}",
    141312,        59,         0,    1.11,pymatching,8678eab7326d29e104480c44e90c8a2ae11ef0505db82d042f3a122b8db45a94,"{""d"":9,""model"":""measurement"",""p"":0.024}",
    120832,       161,         0,    1.11,pymatching,71f0e8e60579fb78e4677335b45c87aae0f1d77fe4d0b974f4b8ab207eef994f,"{""d"":9,""model"":""measurement"",""p"":0.03}",
    409600,         9,         0,    1.10,pymatching,75d3d4cd8b93c1e72262291e14d5974ff0fb81a218c070e38339f320ad2b4d1d,"{""d"":7,""model"":""phenomenological"",""p"":0.005}",
    261120,       153,         0,    1.10,pymatching,d66f15834c272d5f7a1fe10a9ebb2f2d69666a762b311eb71a46a4148ed18ca1,"{""d"":7,""model"":""phenomenological"",""p"":0.01}",
    836608,        25,         0,   0.548,pymatching,4cd6019316022fc0eb77e5937db2dcb0f4078e68e5c997ec33dd6d691e235ad4,"{""d"":5,""model"":""measurement"",""p"":0.005}",
    289792,        10,         0,   0.784,pymatching,75d3d4cd8b93c1e72262291e14d5974ff0fb81a218c070e38339f320ad2b4d1d,"{""d"":7,""model"":""phenomenological"",""p"":0.005}",
    252928,        13,         0,   0.560,pymatching,586f9f9e4edf15d86c032507ab490a443e4976c49adfd4546d9fd533639467ef,"{""d"":7,""model"":""measurement"",""p"":0.01}",
    325632,         0,         0,   0.559,pymatching,769b0381ba69a0542c9985f90da82846fd031e8eb69e3de4a1cce452c519a17f,"{""d"":7,""model"":""measurement"",""p"":0.005}",
    222208,        29,         0,   0.563,pymatching,188ca1ce397017a5ad1d1e345daf924e6f5d2ee6c3beaadb4f002a574dc22ba8,"{""d"":7,""model"":""measurement"",""p"":0.013}",
    203776,         2,         0,    1.11,pymatching,1938eb02fa174e4398af57ea22b7b299d6e80e0682a4886085d64e26cc5d8b28,"{""d"":9,""model"":""phenomenological"",""p"":0.005}",
    184320,       115,         0,   0.788,pymatching,d66f15834c272d5f7a1fe10a9ebb2f2d69666a762b311eb71a46a4148ed18ca1,"{""d"":7,""model"":""phenomenological"",""p"":0.01}",
     14336,        11,         0,   0.061,pymatching,d66f15834c272d5f7a1fe10a9ebb2f2d69666a762b311eb71a46a4148ed18ca1,"{""d"":7,""model"":""phenomenological"",""p"":0.01}",
     53248,        34,         0,   0.231,pymatching,d66f15834c272d5f7a1fe10a9ebb2f2d69666a762b311eb71a46a4148ed18ca1,"{""d"":7,""model"":""phenomenological"",""p"":0.01}",
      1024,         0,         0,   0.004,pymatching,d66f15834c272d5f7a1fe10a9ebb2f2d69666a762b311eb71a46a4148ed18ca1,"{""d"":7,""model"":""phenomenological"",""p"":0.01}",
    192512,        40,         0,   0.561,pymatching,31f145f171069341c9c03bd8c5be13721d2af1d73cb9909ae960018268899e4e,"{""d"":7,""model"":""measurement"",""p"":0.015}",
      1297,         0,         0,   0.013,pymatching,b472c728ad4d530b896c209c587c8d35286cd7af1000ab881e02edca7db1d327,"{""d"":9,""model"":""phenomenological"",""p"":0.01}",
      1297,         1,         0,   0.019,pymatching,a55f0e7a0830d2f17c9d765550d48879eed9cb5a59262a721a9a7320f273d0a8,"{""d"":9,""model"":""phenomenological"",""p"":0.015}",
      1297,         1,         0,   0.031,pymatching,acd7e92885c6a4166f58f4411d2d7f1b77bde277a9bd5c98055a76611813b924,"{""d"":9,""model"":""phenomenological"",""p"":0.013}",
      2048,         1,         0,   0.019,pymatching,b472c728ad4d530b896c209c587c8d35286cd7af1000ab881e02edca7db1d327,"{""d"":9,""model"":""phenomenological"",""p"":0.01}",
    126976,         8,         0,    1.11,pymatching,b472c728ad4d530b896c209c587c8d35286cd7af1000ab881e02edca7db1d327,"{""d"":9,""model"":""phenomenological"",""p"":0.01}",
      2048,         3,         0,   0.027,pymatching,a55f0e7a0830d2f17c9d765550d48879eed9cb5a59262a721a9a7320f273d0a8,"{""d"":9,""model"":""phenomenological"",""p"":0.015}",
    146432,         8,         0,   0.401,pymatching,75d3d4cd8b93c1e72262291e14d5974ff0fb81a218c070e38339f320ad2b4d1d,"{""d"":7,""model"":""phenomenological"",""p"":0.005}",
     97280,        54,         0,    1.11,pymatching,acd7e92885c6a4166f58f4411d2d7f1b77bde277a9bd5c98055a76611813b924,"{""d"":9,""model"":""phenomenological"",""p"":0.013}",
      3072,         1,         0,   0.028,pymatching,b472c728ad4d530b896c209c587c8d35286cd7af1000ab881e02edca7db1d327,"{""d"":9,""model"":""phenomenological"",""p"":0.01}",
    119808,         0,         0,   0.564,pymatching,f8b16c1db98fb154e268a37dcebc8c5eacbd03993daab091f051fc9a559c4e8e,"{""d"":9,""model"":""measurement"",""p"":0.01}",
      1024,         0,         0,   0.037,pymatching,acd7e92885c6a4166f58f4411d2d7f1b77bde277a9bd5c98055a76611813b924,"{""d"":9,""model"":""phenomenological"",""p"":0.013}",
      2048,         3,         0,   0.027,pymatching,a55f0e7a0830d2f17c9d765550d48879eed9cb5a59262a721a9a7320f273d0a8,"{""d"":9,""model"":""phenomenological"",""p"":0.015}",
    147456,         0,         0,   0.565,pymatching,d8cc9c2aa429a5713ed477b1939a2eff819cd7386a3ff93fdca7863794e89a3c,"{""d"":9,""model"":""measurement"",""p"":0.005}",
      3072,         1,         0,   0.028,pymatching,b472c728ad4d530b896c209c587c8d35286cd7af1000ab881e02edca7db1d327,"{""d"":9,""model"":""phenomenological"",""p"":0.01}",
     89088,        91,         0,    1.11,pymatching,a55f0e7a0830d2f17c9d765550d48879eed9cb5a59262a721a9a7320f273d0a8,"{""d"":9,""model"":""phenomenological"",""p"":0.015}",
      2048,         1,         0,   0.027,pymatching,acd7e92885c6a4166f58f4411d2d7f1b77bde277a9bd5c98055a76611813b924,"{""d"":9,""model"":""phenomenological"",""p"":0.013}",
     33792,        52,         0,   0.404,pymatching,71f0e8e60579fb78e4677335b45c87aae0f1d77fe4d0b974f4b8ab207eef994f,"{""d"":9,""model"":""measurement"",""p"":0.03}",
     27648,        31,         0,   0.256,pymatching,71f0e8e60579fb78e4677335b45c87aae0f1d77fe4d0b974f4b8ab207eef994f,"{""d"":9,""model"":""measurement"",""p"":0.03}",
     33792,        38,         0,   0.326,pymatching,71f0e8e60579fb78e4677335b45c87aae0f1d77fe4d0b974f4b8ab207eef994f,"{""d"":9,""model"":""measurement"",""p"":0.03}",
      1024,         1,         0,   0.010,pymatching,71f0e8e60579fb78e4677335b45c87aae0f1d77fe4d0b974f4b8ab207eef994f,"{""d"":9,""model"":""measurement"",""p"":0.03}",
      3072,         2,         0,   0.038,pymatching,a55f0e7a0830d2f17c9d765550d48879eed9cb5a59262a721a9a7320f273d0a8,"{""d"":9,""model"":""phenomenological"",""p"":0.015}",
    135168,         0,         0,   0.793,pymatching,1938eb02fa174e4398af57ea22b7b299d6e80e0682a4886085d64e26cc5d8b28,"{""d"":9,""model"":""phenomenological"",""p"":0.005}",
      5393,         0,         0,   0.010,pymatching,769b0381ba69a0542c9985f90da82846fd031e8eb69e3de4a1cce452c519a17f,"{""d"":7,""model"":""measurement"",""p"":0.005}",
     13585,         0,         0,   0.010,pymatching,4cd6019316022fc0eb77e5937db2dcb0f4078e68e5c997ec33dd6d691e235ad4,"{""d"":5,""model"":""measurement"",""p"":0.005}",
      3072,         0,         0,   0.036,pymatching,acd7e92885c6a4166f58f4411d2d7f1b77bde277a9bd5c98055a76611813b924,"{""d"":9,""model"":""phenomenological"",""p"":0.013}",
      4369,         0,         0,   0.010,pymatching,586f9f9e4edf15d86c032507ab490a443e4976c49adfd4546d9fd533639467ef,"{""d"":7,""model"":""measurement"",""p"":0.01}",
      5120,         2,         0,   0.048,pymatching,b472c728ad4d530b896c209c587c8d35286cd7af1000ab881e02edca7db1d327,"{""d"":9,""model"":""phenomenological"",""p"":0.01}",
      8192,         0,         0,   0.014,pymatching,769b0381ba69a0542c9985f90da82846fd031e8eb69e3de4a1cce452c519a17f,"{""d"":7,""model"":""measurement"",""p"":0.005}",
     19456,         1,         0,   0.014,pymatching,4cd6019316022fc0eb77e5937db2dcb0f4078e68e5c997ec33dd6d691e235ad4,"{""d"":5,""model"":""measurement"",""p"":0.005}",
      6144,         0,         0,   0.014,pymatching,586f9f9e4edf15d86c032507ab490a443e4976c49adfd4546d9fd533639467ef,"{""d"":7,""model"":""measurement"",""p"":0.01}",
     86016,         9,         0,   0.793,pymatching,b472c728ad4d530b896c209c587c8d35286cd7af1000ab881e02edca7db1d327,"{""d"":9,""model"":""phenomenological"",""p"":0.01}",
     11264,         0,         0,   0.020,pymatching,769b0381ba69a0542c9985f90da82846fd031e8eb69e3de4a1cce452c519a17f,"{""d"":7,""model"":""measurement"",""p"":0.005}",
      4096,         3,         0,   0.051,pymatching,a55f0e7a0830d2f17c9d765550d48879eed9cb5a59262a721a9a7320f273d0a8,"{""d"":9,""model"":""phenomenological"",""p"":0.015}",
     27648,         0,         0,   0.019,pymatching,4cd6019316022fc0eb77e5937db2dcb0f4078e68e5c997ec33dd6d691e235ad4,"{""d"":5,""model"":""measurement"",""p"":0.005}",
     62464,         0,         0,   0.403,pymatching,1938eb02fa174e4398af57ea22b7b299d6e80e0682a4886085d64e26cc5d8b28,"{""d"":9,""model"":""phenomenological"",""p"":0.005}",
     60416,        29,         0,   0.779,pymatching,acd7e92885c6a4166f58f4411d2d7f1b77bde277a9bd5c98055a76611813b924,"{""d"":9,""model"":""phenomenological"",""p"":0.013}",
      9216,         0,         0,   0.021,pymatching,586f9f9e4edf15d86c032507ab490a443e4976c49adfd4546d9fd533639467ef,"{""d"":7,""model"":""measurement"",""p"":0.01}",
    105472,         1,         0,   0.566,pymatching,8407028e38ab80c5f461f56566276bae40a0814bc899a34e1aaa9345eb22cef3,"{""d"":9,""model"":""measurement"",""p"":0.013}",
     93184,         3,         0,   0.567,pymatching,86b3858361a196bf75ce5c91e577522977558d7accbb131be9c1cd69c3ad677c,"{""d"":9,""model"":""measurement"",""p"":0.015}",
     70656,        23,         0,   0.568,pymatching,8678eab7326d29e104480c44e90c8a2ae11ef0505db82d042f3a122b8db45a94,"{""d"":9,""model"":""measurement"",""p"":0.024}",
      4096,         0,         0,   0.048,pymatching,acd7e92885c6a4166f58f4411d2d7f1b77bde277a9bd5c98055a76611813b924,"{""d"":9,""model"":""phenomenological"",""p"":0.013}",
     16384,         0,         0,   0.029,pymatching,769b0381ba69a0542c9985f90da82846fd031e8eb69e3de4a1cce452c519a17f,"{""d"":7,""model"":""measurement"",""p"":0.005}",
     37888,         0,         0,   0.027,pymatching,4cd6019316022fc0eb77e5937db2dcb0f4078e68e5c997ec33dd6d691e235ad4,"{""d"":5,""model"":""measurement"",""p"":0.005}",
      6144,         1,         0,   0.057,pymatching,b472c728ad4d530b896c209c587c8d35286cd7af1000ab881e02edca7db1d327,"{""d"":9,""model"":""phenomenological"",""p"":0.01}",
     12288,         0,         0,   0.028,pymatching,586f9f9e4edf15d86c032507ab490a443e4976c49adfd4546d9fd533639467ef,"{""d"":7,""model"":""measurement"",""p"":0.01}",
      4096,         7,         0,   0.054,pymatching,a55f0e7a0830d2f17c9d765550d48879eed9cb5a59262a721a9a7320f273d0a8,"{""d"":9,""model"":""phenomenological"",""p"":0.015}",
     21504,         0,         0,   0.038,pymatching,769b0381ba69a0542c9985f90da82846fd031e8eb69e3de4a1cce452c519a17f,"{""d"":7,""model"":""measurement"",""p"":0.005}",
     52224,         1,         0,   0.038,pymatching,4cd6019316022fc0eb77e5937db2dcb0f4078e68e5c997ec33dd6d691e235ad4,"{""d"":5,""model"":""measurement"",""p"":0.005}",
     17408,         1,         0,   0.039,pymatching,586f9f9e4edf15d86c032507ab490a443e4976c49adfd4546d9fd533639467ef,"{""d"":7,""model"":""measurement"",""p"":0.01}",
      5120,         3,         0,   0.060,pymatching,acd7e92885c6a4166f58f4411d2d7f1b77bde277a9bd5c98055a76611813b924,"{""d"":9,""model"":""phenomenological"",""p"":0.013}",
     63488,        51,         0,   0.799,pymatching,a55f0e7a0830d2f17c9d765550d48879eed9cb5a59262a721a9a7320f273d0a8,"{""d"":9,""model"":""phenomenological"",""p"":0.015}",
      8192,         2,         0,   0.076,pymatching,b472c728ad4d530b896c209c587c8d35286cd7af1000ab881e02edca7db1d327,"{""d"":9,""model"":""phenomenological"",""p"":0.01}",
     30720,         0,         0,   0.054,pymatching,769b0381ba69a0542c9985f90da82846fd031e8eb69e3de4a1cce452c519a17f,"{""d"":7,""model"":""measurement"",""p"":0.005}",
     73728,         4,         0,   0.052,pymatching,4cd6019316022fc0eb77e5937db2dcb0f4078e68e5c997ec33dd6d691e235ad4,"{""d"":5,""model"":""measurement"",""p"":0.005}",
     24576,         5,         0,   0.055,pymatching,586f9f9e4edf15d86c032507ab490a443e4976c49adfd4546d9fd533639467ef,"{""d"":7,""model"":""measurement"",""p"":0.01}",
      6144,         3,         0,   0.081,pymatching,a55f0e7a0830d2f17c9d765550d48879eed9cb5a59262a721a9a7320f273d0a8,"{""d"":9,""model"":""phenomenological"",""p"":0.015}",
      7168,         4,         0,   0.084,pymatching,acd7e92885c6a4166f58f4411d2d7f1b77bde277a9bd5c98055a76611813b924,"{""d"":9,""model"":""phenomenological"",""p"":0.013}",
    102400,         6,         0,   0.073,pymatching,4cd6019316022fc0eb77e5937db2dcb0f4078e68e5c997ec33dd6d691e235ad4,"{""d"":5,""model"":""measurement"",""p"":0.005}",
     43008,         0,         0,   0.076,pymatching,769b0381ba69a0542c9985f90da82846fd031e8eb69e3de4a1cce452c519a17f,"{""d"":7,""model"":""measurement"",""p"":0.005}",
     33792,         1,         0,   0.076,pymatching,586f9f9e4edf15d86c032507ab490a443e4976c49adfd4546d9fd533639467ef,"{""d"":7,""model"":""measurement"",""p"":0.01}",
     12288,         1,         0,   0.113,pymatching,b472c728ad4d530b896c209c587c8d35286cd7af1000ab881e02edca7db1d327,"{""d"":9,""model"":""phenomenological"",""p"":0.01}",
      8192,         6,         0,   0.109,pymatching,a55f0e7a0830d2f17c9d765550d48879eed9cb5a59262a721a9a7320f273d0a8,"{""d"":9,""model"":""phenomenological"",""p"":0.015}",
      9216,         3,         0,   0.107,pymatching,acd7e92885c6a4166f58f4411d2d7f1b77bde277a9bd5c98055a76611813b924,"{""d"":9,""model"":""phenomenological"",""p"":0.013}",
   1522688,        51,         0,    1.07,pymatching,4cd6019316022fc0eb77e5937db2dcb0f4078e68e5c997ec33dd6d691e235ad4,"{""d"":5,""model"":""measurement"",""p"":0.005}",
    143360,         5,         0,   0.102,pymatching,4cd6019316022fc0eb77e5937db2dcb0f4078e68e5c997ec33dd6d691e235ad4,"{""d"":5,""model"":""measurement"",""p"":0.005}",
     59392,         0,         0,   0.104,pymatching,769b0381ba69a0542c9985f90da82846fd031e8eb69e3de4a1cce452c519a17f,"{""d"":7,""model"":""measurement"",""p"":0.005}",
     47104,         1,         0,   0.106,pymatching,586f9f9e4edf15d86c032507ab490a443e4976c49adfd4546d9fd533639467ef,"{""d"":7,""model"":""measurement"",""p"":0.01}",
    631808,         1,         0,    1.09,pymatching,769b0381ba69a0542c9985f90da82846fd031e8eb69e3de4a1cce452c519a17f,"{""d"":7,""model"":""measurement"",""p"":0.005}",
    457728,        24,         0,    1.10,pymatching,586f9f9e4edf15d86c032507ab490a443e4976c49adfd4546d9fd533639467ef,"{""d"":7,""model"":""measurement"",""p"":0.01}",
    407552,        39,         0,    1.10,pymatching,188ca1ce397017a5ad1d1e345daf924e6f5d2ee6c3beaadb4f002a574dc22ba8,"{""d"":7,""model"":""measurement"",""p"":0.013}",
     16384,         2,         0,   0.153,pymatching,b472c728ad4d530b896c209c587c8d35286cd7af1000ab881e02edca7db1d327,"{""d"":9,""model"":""phenomenological"",""p"":0.01}",
    397312,        82,         0,    1.10,pymatching,31f145f171069341c9c03bd8c5be13721d2af1d73cb9909ae960018268899e4e,"{""d"":7,""model"":""measurement"",""p"":0.015}",
     11264,        13,         0,   0.150,pymatching,a55f0e7a0830d2f17c9d765550d48879eed9cb5a59262a721a9a7320f273d0a8,"{""d"":9,""model"":""phenomenological"",""p"":0.015}",
     13312,         9,         0,   0.158,pymatching,acd7e92885c6a4166f58f4411d2d7f1b77bde277a9bd5c98055a76611813b924,"{""d"":9,""model"":""phenomenological"",""p"":0.013}",
    200704,         6,         0,   0.143,pymatching,4cd6019316022fc0eb77e5937db2dcb0f4078e68e5c997ec33dd6d691e235ad4,"{""d"":5,""model"":""measurement"",""p"":0.005}",
     82944,         0,         0,   0.146,pymatching,769b0381ba69a0542c9985f90da82846fd031e8eb69e3de4a1cce452c519a17f,"{""d"":7,""model"":""measurement"",""p"":0.005}",
    202752,        13,         0,   0.560,pymatching,75d3d4cd8b93c1e72262291e14d5974ff0fb81a218c070e38339f320ad2b4d1d,"{""d"":7,""model"":""phenomenological"",""p"":0.005}",
     65536,         3,         0,   0.148,pymatching,586f9f9e4edf15d86c032507ab490a443e4976c49adfd4546d9fd533639467ef,"{""d"":7,""model"":""measurement"",""p"":0.01}",
   1157120,        47,         0,   0.766,pymatching,4cd6019316022fc0eb77e5937db2dcb0f4078e68e5c997ec33dd6d691e235ad4,"{""d"":5,""model"":""measurement"",""p"":0.005}",
     96256,         2,         0,   0.566,pymatching,1938eb02fa174e4398af57ea22b7b299d6e80e0682a4886085d64e26cc5d8b28,"{""d"":9,""model"":""phenomenological"",""p"":0.005}",
    345088,        15,         0,   0.784,pymatching,586f9f9e4edf15d86c032507ab490a443e4976c49adfd4546d9fd533639467ef,"{""d"":7,""model"":""measurement"",""p"":0.01}",
     22528,         1,         0,   0.210,pymatching,b472c728ad4d530b896c209c587c8d35286cd7af1000ab881e02edca7db1d327,"{""d"":9,""model"":""phenomenological"",""p"":0.01}",
    449536,         1,         0,   0.782,pymatching,769b0381ba69a0542c9985f90da82846fd031e8eb69e3de4a1cce452c519a17f,"{""d"":7,""model"":""measurement"",""p"":0.005}",
    309248,        26,         0,   0.786,pymatching,188ca1ce397017a5ad1d1e345daf924e6f5d2ee6c3beaadb4f002a574dc22ba8,"{""d"":7,""model"":""measurement"",""p"":0.013}",
    306176,         0,         0,    1.10,pymatching,d8cc9c2aa429a5713ed477b1939a2eff819cd7386a3ff93fdca7863794e89a3c,"{""d"":9,""model"":""measurement"",""p"":0.005}",
     16384,        17,         0,   0.218,pymatching,a55f0e7a0830d2f17c9d765550d48879eed9cb5a59262a721a9a7320f273d0a8,"{""d"":9,""model"":""phenomenological"",""p"":0.015}",
    205824,         7,         0,    1.11,pymatching,8407028e38ab80c5f461f56566276bae40a0814bc899a34e1aaa9345eb22cef3,"{""d"":9,""model"":""measurement"",""p"":0.013}",
    234496,         3,         0,    1.11,pymatching,f8b16c1db98fb154e268a37dcebc8c5eacbd03993daab091f051fc9a559c4e8e,"{""d"":9,""model"":""measurement"",""p"":0.01}",
    267264,        55,         0,   0.787,pymatching,31f145f171069341c9c03bd8c5be13721d2af1d73cb9909ae960018268899e4e,"{""d"":7,""model"":""measurement"",""p"":0.015}",
     17408,         8,         0,   0.208,pymatching,acd7e92885c6a4166f58f4411d2d7f1b77bde277a9bd5c98055a76611813b924,"{""d"":9,""model"":""phenomenological"",""p"":0.013}",
    176128,         7,         0,    1.11,pymatching,86b3858361a196bf75ce5c91e577522977558d7accbb131be9c1cd69c3ad677c,"{""d"":9,""model"":""measurement"",""p"":0.015}",
    276480,        11,         0,   0.199,pymatching,4cd6019316022fc0eb77e5937db2dcb0f4078e68e5c997ec33dd6d691e235ad4,"{""d"":5,""model"":""measurement"",""p"":0.005}",
    115712,         2,         0,   0.204,pymatching,769b0381ba69a0542c9985f90da82846fd031e8eb69e3de4a1cce452c519a17f,"{""d"":7,""model"":""measurement"",""p"":0.005}",
    130048,        50,         0,    1.11,pymatching,8678eab7326d29e104480c44e90c8a2ae11ef0505db82d042f3a122b8db45a94,"{""d"":9,""model"":""measurement"",""p"":0.024}",
     91136,         6,         0,   0.206,pymatching,586f9f9e4edf15d86c032507ab490a443e4976c49adfd4546d9fd533639467ef,"{""d"":7,""model"":""measurement"",""p"":0.01}",
    165888,         0,         0,   0.788,pymatching,f8b16c1db98fb154e268a37dcebc8c5eacbd03993daab091f051fc9a559c4e8e,"{""d"":9,""model"":""measurement"",""p"":0.01}",
    202752,         0,         0,   0.788,pymatching,d8cc9c2aa429a5713ed477b1939a2eff819cd7386a3ff93fdca7863794e89a3c,"{""d"":9,""model"":""measurement"",""p"":0.005}",
    146432,         4,         0,   0.793,pymatching,8407028e38ab80c5f461f56566276bae40a0814bc899a34e1aaa9345eb22cef3,"{""d"":9,""model"":""measurement"",""p"":0.013}",
    126976,         8,         0,   0.792,pymatching,86b3858361a196bf75ce5c91e577522977558d7accbb131be9c1cd69c3ad677c,"{""d"":9,""model"":""measurement"",""p"":0.015}",
     98304,        42,         0,   0.794,pymatching,8678eab7326d29e104480c44e90c8a2ae11ef0505db82d042f3a122b8db45a94,"{""d"":9,""model"":""measurement"",""p"":0.024}",
     31744,         1,         0,   0.296,pymatching,b472c728ad4d530b896c209c587c8d35286cd7af1000ab881e02edca7db1d327,"{""d"":9,""model"":""phenomenological"",""p"":0.01}",
    393216,        19,         0,    1.10,pymatching,75d3d4cd8b93c1e72262291e14d5974ff0fb81a218c070e38339f320ad2b4d1d,"{""d"":7,""model"":""phenomenological"",""p"":0.005}",
     22528,        19,         0,   0.302,pymatching,a55f0e7a0830d2f17c9d765550d48879eed9cb5a59262a721a9a7320f273d0a8,"{""d"":9,""model"":""phenomenological"",""p"":0.015}",
     24576,        18,         0,   0.291,pymatching,acd7e92885c6a4166f58f4411d2d7f1b77bde277a9bd5c98055a76611813b924,"{""d"":9,""model"":""phenomenological"",""p"":0.013}",
    389120,        11,         0,   0.279,pymatching,4cd6019316022fc0eb77e5937db2dcb0f4078e68e5c997ec33dd6d691e235ad4,"{""d"":5,""model"":""measurement"",""p"":0.005}",
    161792,         0,         0,   0.286,pymatching,769b0381ba69a0542c9985f90da82846fd031e8eb69e3de4a1cce452c519a17f,"{""d"":7,""model"":""measurement"",""p"":0.005}",
    126976,         9,         0,   0.286,pymatching,586f9f9e4edf15d86c032507ab490a443e4976c49adfd4546d9fd533639467ef,"{""d"":7,""model"":""measurement"",""p"":0.01}",
    186368,         2,         0,    1.11,pymatching,1938eb02fa174e4398af57ea22b7b299d6e80e0682a4886085d64e26cc5d8b28,"{""d"":9,""model"":""phenomenological"",""p"":0.005}",
    117760,        12,         0,    1.11,pymatching,b472c728ad4d530b896c209c587c8d35286cd7af1000ab881e02edca7db1d327,"{""d"":9,""model"":""phenomenological"",""p"":0.01}",
     94208,        34,         0,    1.11,pymatching,acd7e92885c6a4166f58f4411d2d7f1b77bde277a9bd5c98055a76611813b924,"{""d"":9,""model"":""phenomenological"",""p"":0.013}",
    630784,        30,         0,    1.53,pymatching,586f9f9e4edf15d86c032507ab490a443e4976c49adfd4546d9fd533639467ef,"{""d"":7,""model"":""measurement"",""p"":0.01}",
    418816,         0,         0,    1.54,pymatching,d8cc9c2aa429a5713ed477b1939a2eff819cd7386a3ff93fdca7863794e89a3c,"{""d"":9,""model"":""measurement"",""p"":0.005}",
   2286592,        69,         0,    1.50,pymatching,4cd6019316022fc0eb77e5937db2dcb0f4078e68e5c997ec33dd6d691e235ad4,"{""d"":5,""model"":""measurement"",""p"":0.005}",
    813056,         3,         0,    1.53,pymatching,769b0381ba69a0542c9985f90da82846fd031e8eb69e3de4a1cce452c519a17f,"{""d"":7,""model"":""measurement"",""p"":0.005}",
    562176,        65,         0,    1.54,pymatching,188ca1ce397017a5ad1d1e345daf924e6f5d2ee6c3beaadb4f002a574dc22ba8,"{""d"":7,""model"":""measurement"",""p"":0.013}",
    287744,         5,         0,    1.55,pymatching,8407028e38ab80c5f461f56566276bae40a0814bc899a34e1aaa9345eb22cef3,"{""d"":9,""model"":""measurement"",""p"":0.013}",
    516096,        87,         0,    1.54,pymatching,31f145f171069341c9c03bd8c5be13721d2af1d73cb9909ae960018268899e4e,"{""d"":7,""model"":""measurement"",""p"":0.015}",
    326656,         2,         0,    1.55,pymatching,f8b16c1db98fb154e268a37dcebc8c5eacbd03993daab091f051fc9a559c4e8e,"{""d"":9,""model"":""measurement"",""p"":0.01}",
    265216,        16,         0,    1.55,pymatching,86b3858361a196bf75ce5c91e577522977558d7accbb131be9c1cd69c3ad677c,"{""d"":9,""model"":""measurement"",""p"":0.015}",
     88064,        79,         0,    1.12,pymatching,a55f0e7a0830d2f17c9d765550d48879eed9cb5a59262a721a9a7320f273d0a8,"{""d"":9,""model"":""phenomenological"",""p"":0.015}",
    196608,        92,         0,    1.55,pymatching,8678eab7326d29e104480c44e90c8a2ae11ef0505db82d042f3a122b8db45a94,"{""d"":9,""model"":""measurement"",""p"":0.024}",
    281600,         7,         0,   0.784,pymatching,75d3d4cd8b93c1e72262291e14d5974ff0fb81a218c070e38339f320ad2b4d1d,"{""d"":7,""model"":""phenomenological"",""p"":0.005}",
     43008,         7,         0,   0.405,pymatching,b472c728ad4d530b896c209c587c8d35286cd7af1000ab881e02edca7db1d327,"{""d"":9,""model"":""phenomenological"",""p"":0.01}",
    560128,        13,         0,    1.54,pymatching,75d3d4cd8b93c1e72262291e14d5974ff0fb81a218c070e38339f320ad2b4d1d,"{""d"":7,""model"":""phenomenological"",""p"":0.005}",
     30720,        32,         0,   0.414,pymatching,a55f0e7a0830d2f17c9d765550d48879eed9cb5a59262a721a9a7320f273d0a8,"{""d"":9,""model"":""phenomenological"",""p"":0.015}",
     34816,        11,         0,   0.412,pymatching,acd7e92885c6a4166f58f4411d2d7f1b77bde277a9bd5c98055a76611813b924,"{""d"":9,""model"":""phenomenological"",""p"":0.013}",
    541696,        20,         0,   0.391,pymatching,4cd6019316022fc0eb77e5937db2dcb0f4078e68e5c997ec33dd6d691e235ad4,"{""d"":5,""model"":""measurement"",""p"":0.005}",
    225280,         0,         0,   0.399,pymatching,769b0381ba69a0542c9985f90da82846fd031e8eb69e3de4a1cce452c519a17f,"{""d"":7,""model"":""measurement"",""p"":0.005}",
    177152,         9,         0,   0.401,pymatching,586f9f9e4edf15d86c032507ab490a443e4976c49adfd4546d9fd533639467ef,"{""d"":7,""model"":""measurement"",""p"":0.01}",
    134144,         1,         0,   0.793,pymatching,1938eb02fa174e4398af57ea22b7b299d6e80e0682a4886085d64e26cc5d8b28,"{""d"":9,""model"":""phenomenological"",""p"":0.005}",
    281600,         1,         0,    1.55,pymatching,1938eb02fa174e4398af57ea22b7b299d6e80e0682a4886085d64e26cc5d8b28,"{""d"":9,""model"":""phenomenological"",""p"":0.005}",
    176128,        20,         0,    1.55,pymatching,b472c728ad4d530b896c209c587c8d35286cd7af1000ab881e02edca7db1d327,"{""d"":9,""model"":""phenomenological"",""p"":0.01}",
    132096,        75,         0,    1.55,pymatching,acd7e92885c6a4166f58f4411d2d7f1b77bde277a9bd5c98055a76611813b924,"{""d"":9,""model"":""phenomenological"",""p"":0.013}",
    123904,       141,         0,    1.56,pymatching,a55f0e7a0830d2f17c9d765550d48879eed9cb5a59262a721a9a7320f273d0a8,"{""d"":9,""model"":""phenomenological"",""p"":0.015}",
   1619968,        63,         0,    1.07,pymatching,4cd6019316022fc0eb77e5937db2dcb0f4078e68e5c997ec33dd6d691e235ad4,"{""d"":5,""model"":""measurement"",""p"":0.005}",
    491520,         9,         0,    1.10,pymatching,586f9f9e4edf15d86c032507ab490a443e4976c49adfd4546d9fd533639467ef,"{""d"":7,""model"":""measurement"",""p"":0.01}",
    617472,         0,         0,    1.09,pymatching,769b0381ba69a0542c9985f90da82846fd031e8eb69e3de4a1cce452c519a17f,"{""d"":7,""model"":""measurement"",""p"":0.005}",
    429056,        45,         0,    1.10,pymatching,188ca1ce397017a5ad1d1e345daf924e6f5d2ee6c3beaadb4f002a574dc22ba8,"{""d"":7,""model"":""measurement"",""p"":0.013}",
    368640,        84,         0,    1.10,pymatching,31f145f171069341c9c03bd8c5be13721d2af1d73cb9909ae960018268899e4e,"{""d"":7,""model"":""measurement"",""p"":0.015}",
    232448,         4,         0,    1.11,pymatching,f8b16c1db98fb154e268a37dcebc8c5eacbd03993daab091f051fc9a559c4e8e,"{""d"":9,""model"":""measurement"",""p"":0.01}",
    279552,         0,         0,    1.10,pymatching,d8cc9c2aa429a5713ed477b1939a2eff819cd7386a3ff93fdca7863794e89a3c,"{""d"":9,""model"":""measurement"",""p"":0.005}",
   2093056,        83,         0,    1.50,pymatching,4cd6019316022fc0eb77e5937db2dcb0f4078e68e5c997ec33dd6d691e235ad4,"{""d"":5,""model"":""measurement"",""p"":0.005}",
     59392,         6,         0,   0.566,pymatching,b472c728ad4d530b896c209c587c8d35286cd7af1000ab881e02edca7db1d327,"{""d"":9,""model"":""phenomenological"",""p"":0.01}",
    876544,         2,         0,    1.53,pymatching,769b0381ba69a0542c9985f90da82846fd031e8eb69e3de4a1cce452c519a17f,"{""d"":7,""model"":""measurement"",""p"":0.005}",
    627712,        13,         0,    1.53,pymatching,586f9f9e4edf15d86c032507ab490a443e4976c49adfd4546d9fd533639467ef,"{""d"":7,""model"":""measurement"",""p"":0.01}",
     41984,        37,         0,   0.570,pymatching,a55f0e7a0830d2f17c9d765550d48879eed9cb5a59262a721a9a7320f273d0a8,"{""d"":9,""model"":""phenomenological"",""p"":0.015}",
     47104,        31,         0,   0.565,pymatching,acd7e92885c6a4166f58f4411d2d7f1b77bde277a9bd5c98055a76611813b924,"{""d"":9,""model"":""phenomenological"",""p"":0.013}",
    557056,        57,         0,    1.54,pymatching,188ca1ce397017a5ad1d1e345daf924e6f5d2ee6c3beaadb4f002a574dc22ba8,"{""d"":7,""model"":""measurement"",""p"":0.013}",
    750592,        33,         0,   0.547,pymatching,4cd6019316022fc0eb77e5937db2dcb0f4078e68e5c997ec33dd6d691e235ad4,"{""d"":5,""model"":""measurement"",""p"":0.005}",
    203776,         7,         0,    1.11,pymatching,8407028e38ab80c5f461f56566276bae40a0814bc899a34e1aaa9345eb22cef3,"{""d"":9,""model"":""measurement"",""p"":0.013}",
    175104,        14,         0,    1.11,pymatching,86b3858361a196bf75ce5c91e577522977558d7accbb131be9c1cd69c3ad677c,"{""d"":9,""model"":""measurement"",""p"":0.015}",
    314368,         1,         0,   0.558,pymatching,769b0381ba69a0542c9985f90da82846fd031e8eb69e3de4a1cce452c519a17f,"{""d"":7,""model"":""measurement"",""p"":0.005}",
    139264,        56,         0,    1.11,pymatching,8678eab7326d29e104480c44e90c8a2ae11ef0505db82d042f3a122b8db45a94,"{""d"":9,""model"":""measurement"",""p"":0.024}",
    246784,        12,         0,   0.560,pymatching,586f9f9e4edf15d86c032507ab490a443e4976c49adfd4546d9fd533639467ef,"{""d"":7,""model"":""measurement"",""p"":0.01}",
    551936,       115,         0,    1.54,pymatching,31f145f171069341c9c03bd8c5be13721d2af1d73cb9909ae960018268899e4e,"{""d"":7,""model"":""measurement"",""p"":0.015}",
    417792,         0,         0,    1.54,pymatching,d8cc9c2aa429a5713ed477b1939a2eff819cd7386a3ff93fdca7863794e89a3c,"{""d"":9,""model"":""measurement"",""p"":0.005}",
    285696,         6,         0,    1.55,pymatching,8407028e38ab80c5f461f56566276bae40a0814bc899a34e1aaa9345eb22cef3,"{""d"":9,""model"":""measurement"",""p"":0.013}",
    324608,         4,         0,    1.55,pymatching,f8b16c1db98fb154e268a37dcebc8c5eacbd03993daab091f051fc9a559c4e8e,"{""d"":9,""model"":""measurement"",""p"":0.01}",
    242688,         8,         0,    1.55,pymatching,86b3858361a196bf75ce5c91e577522977558d7accbb131be9c1cd69c3ad677c,"{""d"":9,""model"":""measurement"",""p"":0.015}",
    180224,        76,         0,    1.55,pymatching,8678eab7326d29e104480c44e90c8a2ae11ef0505db82d042f3a122b8db45a94,"{""d"":9,""model"":""measurement"",""p"":0.024}",
    389120,        15,         0,    1.10,pymatching,75d3d4cd8b93c1e72262291e14d5974ff0fb81a218c070e38339f320ad2b4d1d,"{""d"":7,""model"":""phenomenological"",""p"":0.005}",
    522240,        11,         0,    1.54,pymatching,75d3d4cd8b93c1e72262291e14d5974ff0fb81a218c070e38339f320ad2b4d1d,"{""d"":7,""model"":""phenomenological"",""p"":0.005}",
    184320,         0,         0,    1.11,pymatching,1938eb02fa174e4398af57ea22b7b299d6e80e0682a4886085d64e26cc5d8b28,"{""d"":9,""model"":""phenomenological"",""p"":0.005}",
    256000,         1,         0,    1.55,pymatching,1938eb02fa174e4398af57ea22b7b299d6e80e0682a4886085d64e26cc5d8b28,"{""d"":9,""model"":""phenomenological"",""p"":0.005}",
    161792,        25,         0,    1.55,pymatching,b472c728ad4d530b896c209c587c8d35286cd7af1000ab881e02edca7db1d327,"{""d"":9,""model"":""phenomenological"",""p"":0.01}",
     82944,        13,         0,   0.797,pymatching,b472c728ad4d530b896c209c587c8d35286cd7af1000ab881e02edca7db1d327,"{""d"":9,""model"":""phenomenological"",""p"":0.01}",
    129024,        54,         0,    1.56,pymatching,acd7e92885c6a4166f58f4411d2d7f1b77bde277a9bd5c98055a76611813b924,"{""d"":9,""model"":""phenomenological"",""p"":0.013}",
   1033216,        44,         0,   0.763,pymatching,4cd6019316022fc0eb77e5937db2dcb0f4078e68e5c997ec33dd6d691e235ad4,"{""d"":5,""model"":""measurement"",""p"":0.005}",
     51200,        45,         0,   0.812,pymatching,a55f0e7a0830d2f17c9d765550d48879eed9cb5a59262a721a9a7320f273d0a8,"{""d"":9,""model"":""phenomenological"",""p"":0.015}",
    438272,         1,         0,   0.781,pymatching,769b0381ba69a0542c9985f90da82846fd031e8eb69e3de4a1cce452c519a17f,"{""d"":7,""model"":""measurement"",""p"":0.005}",
     59392,        28,         0,   0.808,pymatching,acd7e92885c6a4166f58f4411d2d7f1b77bde277a9bd5c98055a76611813b924,"{""d"":9,""model"":""phenomenological"",""p"":0.013}",
    331776,        14,         0,   0.784,pymatching,586f9f9e4edf15d86c032507ab490a443e4976c49adfd4546d9fd533639467ef,"{""d"":7,""model"":""measurement"",""p"":0.01}",
    121856,       128,         0,    1.56,pymatching,a55f0e7a0830d2f17c9d765550d48879eed9cb5a59262a721a9a7320f273d0a8,"{""d"":9,""model"":""phenomenological"",""p"":0.015}",
      3072,         2,         0,   0.062,pymatching,a55f0e7a0830d2f17c9d765550d48879eed9cb5a59262a721a9a7320f273d0a8,"{""d"":9,""model"":""phenomenological"",""p"":0.015}",
      1024,         1,         0,   0.013,pymatching,a55f0e7a0830d2f17c9d765550d48879eed9cb5a59262a721a9a7320f273d0a8,"{""d"":9,""model"":""phenomenological"",""p"":0.015}",
    101376,        91,         0,    1.29,pymatching,a55f0e7a0830d2f17c9d765550d48879eed9cb5a59262a721a9a7320f273d0a8,"{""d"":9,""model"":""phenomenological"",""p"":0.015}",
      2321,         0,         0,   0.010,pymatching,d8cc9c2aa429a5713ed477b1939a2eff819cd7386a3ff93fdca7863794e89a3c,"{""d"":9,""model"":""measurement"",""p"":0.005}",
      3345,         2,         0,   0.010,pymatching,188ca1ce397017a5ad1d1e345daf924e6f5d2ee6c3beaadb4f002a574dc22ba8,"{""d"":7,""model"":""measurement"",""p"":0.013}",
      3345,         2,         0,   0.010,pymatching,31f145f171069341c9c03bd8c5be13721d2af1d73cb9909ae960018268899e4e,"{""d"":7,""model"":""measurement"",""p"":0.015}",
      4096,         0,         0,   0.016,pymatching,d8cc9c2aa429a5713ed477b1939a2eff819cd7386a3ff93fdca7863794e89a3c,"{""d"":9,""model"":""measurement"",""p"":0.005}",
      1024,         0,         0,   0.019,pymatching,31f145f171069341c9c03bd8c5be13721d2af1d73cb9909ae960018268899e4e,"{""d"":7,""model"":""measurement"",""p"":0.015}",
      4096,         1,         0,   0.028,pymatching,188ca1ce397017a5ad1d1e345daf924e6f5d2ee6c3beaadb4f002a574dc22ba8,"{""d"":7,""model"":""measurement"",""p"":0.013}",
      5120,         0,         0,   0.020,pymatching,d8cc9c2aa429a5713ed477b1939a2eff819cd7386a3ff93fdca7863794e89a3c,"{""d"":9,""model"":""measurement"",""p"":0.005}",
      7168,         4,         0,   0.020,pymatching,31f145f171069341c9c03bd8c5be13721d2af1d73cb9909ae960018268899e4e,"{""d"":7,""model"":""measurement"",""p"":0.015}",
      4096,         0,         0,   0.028,pymatching,188ca1ce397017a5ad1d1e345daf924e6f5d2ee6c3beaadb4f002a574dc22ba8,"{""d"":7,""model"":""measurement"",""p"":0.013}",
      8192,         0,         0,   0.030,pymatching,d8cc9c2aa429a5713ed477b1939a2eff819cd7386a3ff93fdca7863794e89a3c,"{""d"":9,""model"":""measurement"",""p"":0.005}",
      5120,         1,         0,   0.031,pymatching,31f145f171069341c9c03bd8c5be13721d2af1d73cb9909ae960018268899e4e,"{""d"":7,""model"":""measurement"",""p"":0.015}",
      5120,         1,         0,   0.033,pymatching,188ca1ce397017a5ad1d1e345daf924e6f5d2ee6c3beaadb4f002a574dc22ba8,"{""d"":7,""model"":""measurement"",""p"":0.013}",
     10240,         0,         0,   0.038,pymatching,d8cc9c2aa429a5713ed477b1939a2eff819cd7386a3ff93fdca7863794e89a3c,"{""d"":9,""model"":""measurement"",""p"":0.005}",
      8192,         1,         0,   0.040,pymatching,31f145f171069341c9c03bd8c5be13721d2af1d73cb9909ae960018268899e4e,"{""d"":7,""model"":""measurement"",""p"":0.015}",
     14336,         0,         0,   0.053,pymatching,d8cc9c2aa429a5713ed477b1939a2eff819cd7386a3ff93fdca7863794e89a3c,"{""d"":9,""model"":""measurement"",""p"":0.005}",
     10240,         0,         0,   0.069,pymatching,188ca1ce397017a5ad1d1e345daf924e6f5d2ee6c3beaadb4f002a574dc22ba8,"{""d"":7,""model"":""measurement"",""p"":0.013}",
      8192,         1,         0,   0.039,pymatching,31f145f171069341c9c03bd8c5be13721d2af1d73cb9909ae960018268899e4e,"{""d"":7,""model"":""measurement"",""p"":0.015}",
     16384,         2,         0,   0.055,pymatching,188ca1ce397017a5ad1d1e345daf924e6f5d2ee6c3beaadb4f002a574dc22ba8,"{""d"":7,""model"":""measurement"",""p"":0.013}",
     19456,         0,         0,   0.075,pymatching,d8cc9c2aa429a5713ed477b1939a2eff819cd7386a3ff93fdca7863794e89a3c,"{""d"":9,""model"":""measurement"",""p"":0.005}",
     22528,         2,         0,   0.076,pymatching,31f145f171069341c9c03bd8c5be13721d2af1d73cb9909ae960018268899e4e,"{""d"":7,""model"":""measurement"",""p"":0.015}",
     19456,         5,         0,   0.054,pymatching,31f145f171069341c9c03bd8c5be13721d2af1d73cb9909ae960018268899e4e,"{""d"":7,""model"":""measurement"",""p"":0.015}",
    628736,       105,         0,    1.92,pymatching,31f145f171069341c9c03bd8c5be13721d2af1d73cb9909ae960018268899e4e,"{""d"":7,""model"":""measurement"",""p"":0.015}",
    407552,        74,         0,    1.15,pymatching,31f145f171069341c9c03bd8c5be13721d2af1d73cb9909ae960018268899e4e,"{""d"":7,""model"":""measurement"",""p"":0.015}",
    445440,        83,         0,    1.35,pymatching,31f145f171069341c9c03bd8c5be13721d2af1d73cb9909ae960018268899e4e,"{""d"":7,""model"":""measurement"",""p"":0.015}",
     24576,         2,         0,   0.087,pymatching,188ca1ce397017a5ad1d1e345daf924e6f5d2ee6c3beaadb4f002a574dc22ba8,"{""d"":7,""model"":""measurement"",""p"":0.013}",
      2321,         0,         0,   0.014,pymatching,8407028e38ab80c5f461f56566276bae40a0814bc899a34e1aaa9345eb22cef3,"{""d"":9,""model"":""measurement"",""p"":0.013}",
      2321,         0,         0,   0.016,pymatching,86b3858361a196bf75ce5c91e577522977558d7accbb131be9c1cd69c3ad677c,"{""d"":9,""model"":""measurement"",""p"":0.015}",
      1297,         2,         0,   0.014,pymatching,8678eab7326d29e104480c44e90c8a2ae11ef0505db82d042f3a122b8db45a94,"{""d"":9,""model"":""measurement"",""p"":0.024}",
     23552,         0,         0,   0.107,pymatching,d8cc9c2aa429a5713ed477b1939a2eff819cd7386a3ff93fdca7863794e89a3c,"{""d"":9,""model"":""measurement"",""p"":0.005}",
      3072,         1,         0,   0.017,pymatching,8407028e38ab80c5f461f56566276bae40a0814bc899a34e1aaa9345eb22cef3,"{""d"":9,""model"":""measurement"",""p"":0.013}",
      2321,         0,         0,   0.029,pymatching,f8b16c1db98fb154e268a37dcebc8c5eacbd03993daab091f051fc9a559c4e8e,"{""d"":9,""model"":""measurement"",""p"":0.01}",
      3072,         0,         0,   0.020,pymatching,86b3858361a196bf75ce5c91e577522977558d7accbb131be9c1cd69c3ad677c,"{""d"":9,""model"":""measurement"",""p"":0.015}",
      2048,         0,         0,   0.019,pymatching,8678eab7326d29e104480c44e90c8a2ae11ef0505db82d042f3a122b8db45a94,"{""d"":9,""model"":""measurement"",""p"":0.024}",
      4096,         0,         0,   0.023,pymatching,8407028e38ab80c5f461f56566276bae40a0814bc899a34e1aaa9345eb22cef3,"{""d"":9,""model"":""measurement"",""p"":0.013}",
      3072,         0,         0,   0.020,pymatching,86b3858361a196bf75ce5c91e577522977558d7accbb131be9c1cd69c3ad677c,"{""d"":9,""model"":""measurement"",""p"":0.015}",
      2048,         0,         0,   0.024,pymatching,f8b16c1db98fb154e268a37dcebc8c5eacbd03993daab091f051fc9a559c4e8e,"{""d"":9,""model"":""measurement"",""p"":0.01}",
      3072,         0,         0,   0.027,pymatching,8678eab7326d29e104480c44e90c8a2ae11ef0505db82d042f3a122b8db45a94,"{""d"":9,""model"":""measurement"",""p"":0.024}",
      5120,         0,         0,   0.029,pymatching,8407028e38ab80c5f461f56566276bae40a0814bc899a34e1aaa9345eb22cef3,"{""d"":9,""model"":""measurement"",""p"":0.013}",
      2048,         0,         0,   0.025,pymatching,f8b16c1db98fb154e268a37dcebc8c5eacbd03993daab091f051fc9a559c4e8e,"{""d"":9,""model"":""measurement"",""p"":0.01}",
      4096,         0,         0,   0.028,pymatching,86b3858361a196bf75ce5c91e577522977558d7accbb131be9c1cd69c3ad677c,"{""d"":9,""model"":""measurement"",""p"":0.015}",
     28672,         7,         0,   0.104,pymatching,188ca1ce397017a5ad1d1e345daf924e6f5d2ee6c3beaadb4f002a574dc22ba8,"{""d"":7,""model"":""measurement"",""p"":0.013}",
      4096,         1,         0,   0.036,pymatching,8678eab7326d29e104480c44e90c8a2ae11ef0505db82d042f3a122b8db45a94,"{""d"":9,""model"":""measurement"",""p"":0.024}",
   2250752,        67,         0,    1.50,pymatching,4cd6019316022fc0eb77e5937db2dcb0f4078e68e5c997ec33dd6d691e235ad4,"{""d"":5,""model"":""measurement"",""p"":0.005}",
      3072,         0,         0,   0.038,pymatching,f8b16c1db98fb154e268a37dcebc8c5eacbd03993daab091f051fc9a559c4e8e,"{""d"":9,""model"":""measurement"",""p"":0.01}",
      7168,         0,         0,   0.040,pymatching,8407028e38ab80c5f461f56566276bae40a0814bc899a34e1aaa9345eb22cef3,"{""d"":9,""model"":""measurement"",""p"":0.013}",
    638976,        28,         0,    1.54,pymatching,586f9f9e4edf15d86c032507ab490a443e4976c49adfd4546d9fd533639467ef,"{""d"":7,""model"":""measurement"",""p"":0.01}",
      6144,         0,         0,   0.040,pymatching,86b3858361a196bf75ce5c91e577522977558d7accbb131be9c1cd69c3ad677c,"{""d"":9,""model"":""measurement"",""p"":0.015}",
    859136,         1,         0,    1.53,pymatching,769b0381ba69a0542c9985f90da82846fd031e8eb69e3de4a1cce452c519a17f,"{""d"":7,""model"":""measurement"",""p"":0.005}",
    595968,        78,         0,    1.54,pymatching,188ca1ce397017a5ad1d1e345daf924e6f5d2ee6c3beaadb4f002a574dc22ba8,"{""d"":7,""model"":""measurement"",""p"":0.013}",
      5120,         1,         0,   0.045,pymatching,8678eab7326d29e104480c44e90c8a2ae11ef0505db82d042f3a122b8db45a94,"{""d"":9,""model"":""measurement"",""p"":0.024}",
      6144,         0,         0,   0.039,pymatching,f8b16c1db98fb154e268a37dcebc8c5eacbd03993daab091f051fc9a559c4e8e,"{""d"":9,""model"":""measurement"",""p"":0.01}",
     38912,         0,         0,   0.147,pymatching,d8cc9c2aa429a5713ed477b1939a2eff819cd7386a3ff93fdca7863794e89a3c,"{""d"":9,""model"":""measurement"",""p"":0.005}",
      8192,         0,         0,   0.054,pymatching,86b3858361a196bf75ce5c91e577522977558d7accbb131be9c1cd69c3ad677c,"{""d"":9,""model"":""measurement"",""p"":0.015}",
     10240,         0,         0,   0.057,pymatching,8407028e38ab80c5f461f56566276bae40a0814bc899a34e1aaa9345eb22cef3,"{""d"":9,""model"":""measurement"",""p"":0.013}",
    865280,        32,         0,    2.15,pymatching,586f9f9e4edf15d86c032507ab490a443e4976c49adfd4546d9fd533639467ef,"{""d"":7,""model"":""measurement"",""p"":0.01}",
      6144,         4,         0,   0.054,pymatching,8678eab7326d29e104480c44e90c8a2ae11ef0505db82d042f3a122b8db45a94,"{""d"":9,""model"":""measurement"",""p"":0.024}",
   3070976,        95,         0,    2.09,pymatching,4cd6019316022fc0eb77e5937db2dcb0f4078e68e5c997ec33dd6d691e235ad4,"{""d"":5,""model"":""measurement"",""p"":0.005}",
   1131520,         0,         0,    2.14,pymatching,769b0381ba69a0542c9985f90da82846fd031e8eb69e3de4a1cce452c519a17f,"{""d"":7,""model"":""measurement"",""p"":0.005}",
      1024,         0,         0,   0.001,pymatching,4cd6019316022fc0eb77e5937db2dcb0f4078e68e5c997ec33dd6d691e235ad4,"{""d"":5,""model"":""measurement"",""p"":0.005}",
   1981440,        75,         0,    1.45,pymatching,4cd6019316022fc0eb77e5937db2dcb0f4078e68e5c997ec33dd6d691e235ad4,"{""d"":5,""model"":""measurement"",""p"":0.005}",
    572416,         1,         0,    2.16,pymatching,d8cc9c2aa429a5713ed477b1939a2eff819cd7386a3ff93fdca7863794e89a3c,"{""d"":9,""model"":""measurement"",""p"":0.005}",
    766976,        83,         0,    2.15,pymatching,188ca1ce397017a5ad1d1e345daf924e6f5d2ee6c3beaadb4f002a574dc22ba8,"{""d"":7,""model"":""measurement"",""p"":0.013}",
    805888,        34,         0,   0.591,pymatching,4cd6019316022fc0eb77e5937db2dcb0f4078e68e5c997ec33dd6d691e235ad4,"{""d"":5,""model"":""measurement"",""p"":0.005}",
    143360,         4,         0,   0.097,pymatching,4cd6019316022fc0eb77e5937db2dcb0f4078e68e5c997ec33dd6d691e235ad4,"{""d"":5,""model"":""measurement"",""p"":0.005}",
     11264,         1,         0,   0.054,pymatching,f8b16c1db98fb154e268a37dcebc8c5eacbd03993daab091f051fc9a559c4e8e,"{""d"":9,""model"":""measurement"",""p"":0.01}",
    398336,        10,         0,    2.17,pymatching,8407028e38ab80c5f461f56566276bae40a0814bc899a34e1aaa9345eb22cef3,"{""d"":9,""model"":""measurement"",""p"":0.013}",
    452608,         1,         0,    2.17,pymatching,f8b16c1db98fb154e268a37dcebc8c5eacbd03993daab091f051fc9a559c4e8e,"{""d"":9,""model"":""measurement"",""p"":0.01}",
      3345,         0,         0,   0.010,pymatching,75d3d4cd8b93c1e72262291e14d5974ff0fb81a218c070e38339f320ad2b4d1d,"{""d"":7,""model"":""phenomenological"",""p"":0.005}",
      2321,         0,         0,   0.015,pymatching,1938eb02fa174e4398af57ea22b7b299d6e80e0682a4886085d64e26cc5d8b28,"{""d"":9,""model"":""phenomenological"",""p"":0.005}",
     50176,         6,         0,   0.146,pymatching,188ca1ce397017a5ad1d1e345daf924e6f5d2ee6c3beaadb4f002a574dc22ba8,"{""d"":7,""model"":""measurement"",""p"":0.013}",
      1297,         0,         0,   0.014,pymatching,b472c728ad4d530b896c209c587c8d35286cd7af1000ab881e02edca7db1d327,"{""d"":9,""model"":""phenomenological"",""p"":0.01}",
      1297,         1,         0,   0.017,pymatching,acd7e92885c6a4166f58f4411d2d7f1b77bde277a9bd5c98055a76611813b924,"{""d"":9,""model"":""phenomenological"",""p"":0.013}",
    367616,        20,         0,    2.17,pymatching,86b3858361a196bf75ce5c91e577522977558d7accbb131be9c1cd69c3ad677c,"{""d"":9,""model"":""measurement"",""p"":0.015}",
      5120,         0,         0,   0.015,pymatching,75d3d4cd8b93c1e72262291e14d5974ff0fb81a218c070e38339f320ad2b4d1d,"{""d"":7,""model"":""phenomenological"",""p"":0.005}",
    321536,         2,         0,    1.55,pymatching,f8b16c1db98fb154e268a37dcebc8c5eacbd03993daab091f051fc9a559c4e8e,"{""d"":9,""model"":""measurement"",""p"":0.01}",
      3072,         0,         0,   0.017,pymatching,1938eb02fa174e4398af57ea22b7b299d6e80e0682a4886085d64e26cc5d8b28,"{""d"":9,""model"":""phenomenological"",""p"":0.005}",
    369664,         0,         0,    1.54,pymatching,d8cc9c2aa429a5713ed477b1939a2eff819cd7386a3ff93fdca7863794e89a3c,"{""d"":9,""model"":""measurement"",""p"":0.005}",
     13312,         1,         0,   0.075,pymatching,8407028e38ab80c5f461f56566276bae40a0814bc899a34e1aaa9345eb22cef3,"{""d"":9,""model"":""measurement"",""p"":0.013}",
    262144,       106,         0,    2.15,pymatching,8678eab7326d29e104480c44e90c8a2ae11ef0505db82d042f3a122b8db45a94,"{""d"":9,""model"":""measurement"",""p"":0.024}",
      2048,         0,         0,   0.020,pymatching,b472c728ad4d530b896c209c587c8d35286cd7af1000ab881e02edca7db1d327,"{""d"":9,""model"":""phenomenological"",""p"":0.01}",
     11264,         1,         0,   0.078,pymatching,86b3858361a196bf75ce5c91e577522977558d7accbb131be9c1cd69c3ad677c,"{""d"":9,""model"":""measurement"",""p"":0.015}",
      7168,         0,         0,   0.019,pymatching,75d3d4cd8b93c1e72262291e14d5974ff0fb81a218c070e38339f320ad2b4d1d,"{""d"":7,""model"":""phenomenological"",""p"":0.005}",
      2048,         0,         0,   0.026,pymatching,acd7e92885c6a4166f58f4411d2d7f1b77bde277a9bd5c98055a76611813b924,"{""d"":9,""model"":""phenomenological"",""p"":0.013}",
      2048,         0,         0,   0.020,pymatching,b472c728ad4d530b896c209c587c8d35286cd7af1000ab881e02edca7db1d327,"{""d"":9,""model"":""phenomenological"",""p"":0.01}",
      4096,         0,         0,   0.023,pymatching,1938eb02fa174e4398af57ea22b7b299d6e80e0682a4886085d64e26cc5d8b28,"{""d"":9,""model"":""phenomenological"",""p"":0.005}",
      9216,         2,         0,   0.082,pymatching,8678eab7326d29e104480c44e90c8a2ae11ef0505db82d042f3a122b8db45a94,"{""d"":9,""model"":""measurement"",""p"":0.024}",
     10240,         0,         0,   0.027,pymatching,75d3d4cd8b93c1e72262291e14d5974ff0fb81a218c070e38339f320ad2b4d1d,"{""d"":7,""model"":""phenomenological"",""p"":0.005}",
      2048,         0,         0,   0.027,pymatching,acd7e92885c6a4166f58f4411d2d7f1b77bde277a9bd5c98055a76611813b924,"{""d"":9,""model"":""phenomenological"",""p"":0.013}",
     16384,         0,         0,   0.079,pymatching,f8b16c1db98fb154e268a37dcebc8c5eacbd03993daab091f051fc9a559c4e8e,"{""d"":9,""model"":""measurement"",""p"":0.01}",
      5120,         0,         0,   0.029,pymatching,1938eb02fa174e4398af57ea22b7b299d6e80e0682a4886085d64e26cc5d8b28,"{""d"":9,""model"":""phenomenological"",""p"":0.005}",
      3072,         0,         0,   0.030,pymatching,b472c728ad4d530b896c209c587c8d35286cd7af1000ab881e02edca7db1d327,"{""d"":9,""model"":""phenomenological"",""p"":0.01}",
      3072,         1,         0,   0.039,pymatching,acd7e92885c6a4166f58f4411d2d7f1b77bde277a9bd5c98055a76611813b924,"{""d"":9,""model"":""phenomenological"",""p"":0.013}",
     15360,         0,         0,   0.040,pymatching,75d3d4cd8b93c1e72262291e14d5974ff0fb81a218c070e38339f320ad2b4d1d,"{""d"":7,""model"":""phenomenological"",""p"":0.005}",
      7168,         0,         0,   0.040,pymatching,1938eb02fa174e4398af57ea22b7b299d6e80e0682a4886085d64e26cc5d8b28,"{""d"":9,""model"":""phenomenological"",""p"":0.005}",
      4096,         3,         0,   0.040,pymatching,b472c728ad4d530b896c209c587c8d35286cd7af1000ab881e02edca7db1d327,"{""d"":9,""model"":""phenomenological"",""p"":0.01}",
    686080,        30,         0,    2.12,pymatching,75d3d4cd8b93c1e72262291e14d5974ff0fb81a218c070e38339f320ad2b4d1d,"{""d"":7,""model"":""phenomenological"",""p"":0.005}",
    280576,         9,         0,    1.55,pymatching,8407028e38ab80c5f461f56566276bae40a0814bc899a34e1aaa9345eb22cef3,"{""d"":9,""model"":""measurement"",""p"":0.013}",
    236544,        13,         0,    1.54,pymatching,86b3858361a196bf75ce5c91e577522977558d7accbb131be9c1cd69c3ad677c,"{""d"":9,""model"":""measurement"",""p"":0.015}",
    171008,        69,         0,    1.54,pymatching,8678eab7326d29e104480c44e90c8a2ae11ef0505db82d042f3a122b8db45a94,"{""d"":9,""model"":""measurement"",""p"":0.024}",
     19456,         0,         0,   0.109,pymatching,8407028e38ab80c5f461f56566276bae40a0814bc899a34e1aaa9345eb22cef3,"{""d"":9,""model"":""measurement"",""p"":0.013}",
     16384,         2,         0,   0.107,pymatching,86b3858361a196bf75ce5c91e577522977558d7accbb131be9c1cd69c3ad677c,"{""d"":9,""model"":""measurement"",""p"":0.015}",
     54272,         0,         0,   0.204,pymatching,d8cc9c2aa429a5713ed477b1939a2eff819cd7386a3ff93fdca7863794e89a3c,"{""d"":9,""model"":""measurement"",""p"":0.005}",
      4096,         2,         0,   0.050,pymatching,acd7e92885c6a4166f58f4411d2d7f1b77bde277a9bd5c98055a76611813b924,"{""d"":9,""model"":""phenomenological"",""p"":0.013}",
     20480,         0,         0,   0.055,pymatching,75d3d4cd8b93c1e72262291e14d5974ff0fb81a218c070e38339f320ad2b4d1d,"{""d"":7,""model"":""phenomenological"",""p"":0.005}",
     12288,         8,         0,   0.110,pymatching,8678eab7326d29e104480c44e90c8a2ae11ef0505db82d042f3a122b8db45a94,"{""d"":9,""model"":""measurement"",""p"":0.024}",
     10240,         0,         0,   0.057,pymatching,1938eb02fa174e4398af57ea22b7b299d6e80e0682a4886085d64e26cc5d8b28,"{""d"":9,""model"":""phenomenological"",""p"":0.005}",
     22528,         0,         0,   0.109,pymatching,f8b16c1db98fb154e268a37dcebc8c5eacbd03993daab091f051fc9a559c4e8e,"{""d"":9,""model"":""measurement"",""p"":0.01}",
      6144,         1,         0,   0.060,pymatching,b472c728ad4d530b896c209c587c8d35286cd7af1000ab881e02edca7db1d327,"{""d"":9,""model"":""phenomenological"",""p"":0.01}",
    390144,         2,         0,    2.17,pymatching,1938eb02fa174e4398af57ea22b7b299d6e80e0682a4886085d64e26cc5d8b28,"{""d"":9,""model"":""phenomenological"",""p"":0.005}",
     59392,         6,         0,   0.206,pymatching,188ca1ce397017a5ad1d1e345daf924e6f5d2ee6c3beaadb4f002a574dc22ba8,"{""d"":7,""model"":""measurement"",""p"":0.013}",
      5120,         5,         0,   0.063,pymatching,acd7e92885c6a4166f58f4411d2d7f1b77bde277a9bd5c98055a76611813b924,"{""d"":9,""model"":""phenomenological"",""p"":0.013}",
     28672,         2,         0,   0.076,pymatching,75d3d4cd8b93c1e72262291e14d5974ff0fb81a218c070e38339f320ad2b4d1d,"{""d"":7,""model"":""phenomenological"",""p"":0.005}",
     14336,         0,         0,   0.080,pymatching,1938eb02fa174e4398af57ea22b7b299d6e80e0682a4886085d64e26cc5d8b28,"{""d"":9,""model"":""phenomenological"",""p"":0.005}",
    243712,        25,         0,    2.17,pymatching,b472c728ad4d530b896c209c587c8d35286cd7af1000ab881e02edca7db1d327,"{""d"":9,""model"":""phenomenological"",""p"":0.01}",
      8192,         2,         0,   0.081,pymatching,b472c728ad4d530b896c209c587c8d35286cd7af1000ab881e02edca7db1d327,"{""d"":9,""model"":""phenomenological"",""p"":0.01}",
    174080,        77,         0,    2.17,pymatching,acd7e92885c6a4166f58f4411d2d7f1b77bde277a9bd5c98055a76611813b924,"{""d"":9,""model"":""phenomenological"",""p"":0.013}",
     26624,         1,         0,   0.149,pymatching,8407028e38ab80c5f461f56566276bae40a0814bc899a34e1aaa9345eb22cef3,"{""d"":9,""model"":""measurement"",""p"":0.013}",
     22528,         1,         0,   0.148,pymatching,86b3858361a196bf75ce5c91e577522977558d7accbb131be9c1cd69c3ad677c,"{""d"":9,""model"":""measurement"",""p"":0.015}",
      6144,         5,         0,   0.075,pymatching,acd7e92885c6a4166f58f4411d2d7f1b77bde277a9bd5c98055a76611813b924,"{""d"":9,""model"":""phenomenological"",""p"":0.013}",
     16384,         9,         0,   0.147,pymatching,8678eab7326d29e104480c44e90c8a2ae11ef0505db82d042f3a122b8db45a94,"{""d"":9,""model"":""measurement"",""p"":0.024}",
     30720,         0,         0,   0.149,pymatching,f8b16c1db98fb154e268a37dcebc8c5eacbd03993daab091f051fc9a559c4e8e,"{""d"":9,""model"":""measurement"",""p"":0.01}",
     39936,         2,         0,   0.105,pymatching,75d3d4cd8b93c1e72262291e14d5974ff0fb81a218c070e38339f320ad2b4d1d,"{""d"":7,""model"":""phenomenological"",""p"":0.005}",
     19456,         0,         0,   0.109,pymatching,1938eb02fa174e4398af57ea22b7b299d6e80e0682a4886085d64e26cc5d8b28,"{""d"":9,""model"":""phenomenological"",""p"":0.005}",
     11264,         2,         0,   0.110,pymatching,b472c728ad4d530b896c209c587c8d35286cd7af1000ab881e02edca7db1d327,"{""d"":9,""model"":""phenomenological"",""p"":0.01}",
      9216,         5,         0,   0.114,pymatching,acd7e92885c6a4166f58f4411d2d7f1b77bde277a9bd5c98055a76611813b924,"{""d"":9,""model"":""phenomenological"",""p"":0.013}",
    111616,        13,         0,    1.11,pymatching,b472c728ad4d530b896c209c587c8d35286cd7af1000ab881e02edca7db1d327,"{""d"":9,""model"":""phenomenological"",""p"":0.01}",
     76800,         0,         0,   0.287,pymatching,d8cc9c2aa429a5713ed477b1939a2eff819cd7386a3ff93fdca7863794e89a3c,"{""d"":9,""model"":""measurement"",""p"":0.005}",
    610304,         3,         0,    1.09,pymatching,769b0381ba69a0542c9985f90da82846fd031e8eb69e3de4a1cce452c519a17f,"{""d"":7,""model"":""measurement"",""p"":0.005}",
     79872,        31,         0,    1.11,pymatching,acd7e92885c6a4166f58f4411d2d7f1b77bde277a9bd5c98055a76611813b924,"{""d"":9,""model"":""phenomenological"",""p"":0.013}",
    462848,        25,         0,    1.09,pymatching,586f9f9e4edf15d86c032507ab490a443e4976c49adfd4546d9fd533639467ef,"{""d"":7,""model"":""measurement"",""p"":0.01}",
     55296,         1,         0,   0.147,pymatching,75d3d4cd8b93c1e72262291e14d5974ff0fb81a218c070e38339f320ad2b4d1d,"{""d"":7,""model"":""phenomenological"",""p"":0.005}",
     36864,         2,         0,   0.206,pymatching,8407028e38ab80c5f461f56566276bae40a0814bc899a34e1aaa9345eb22cef3,"{""d"":9,""model"":""measurement"",""p"":0.013}",
     31744,         2,         0,   0.209,pymatching,86b3858361a196bf75ce5c91e577522977558d7accbb131be9c1cd69c3ad677c,"{""d"":9,""model"":""measurement"",""p"":0.015}",
     95232,        16,         0,   0.286,pymatching,188ca1ce397017a5ad1d1e345daf924e6f5d2ee6c3beaadb4f002a574dc22ba8,"{""d"":7,""model"":""measurement"",""p"":0.013}",
     26624,         0,         0,   0.149,pymatching,1938eb02fa174e4398af57ea22b7b299d6e80e0682a4886085d64e26cc5d8b28,"{""d"":9,""model"":""phenomenological"",""p"":0.005}",
     15360,         1,         0,   0.152,pymatching,b472c728ad4d530b896c209c587c8d35286cd7af1000ab881e02edca7db1d327,"{""d"":9,""model"":""phenomenological"",""p"":0.01}",
     23552,         7,         0,   0.211,pymatching,8678eab7326d29e104480c44e90c8a2ae11ef0505db82d042f3a122b8db45a94,"{""d"":9,""model"":""measurement"",""p"":0.024}",
     43008,         1,         0,   0.209,pymatching,f8b16c1db98fb154e268a37dcebc8c5eacbd03993daab091f051fc9a559c4e8e,"{""d"":9,""model"":""measurement"",""p"":0.01}",
     12288,         6,         0,   0.152,pymatching,acd7e92885c6a4166f58f4411d2d7f1b77bde277a9bd5c98055a76611813b924,"{""d"":9,""model"":""phenomenological"",""p"":0.013}",
    531456,        21,         0,    1.54,pymatching,75d3d4cd8b93c1e72262291e14d5974ff0fb81a218c070e38339f320ad2b4d1d,"{""d"":7,""model"":""phenomenological"",""p"":0.005}",
    252928,         2,         0,    1.55,pymatching,1938eb02fa174e4398af57ea22b7b299d6e80e0682a4886085d64e26cc5d8b28,"{""d"":9,""model"":""phenomenological"",""p"":0.005}",
     77824,         0,         0,   0.205,pymatching,75d3d4cd8b93c1e72262291e14d5974ff0fb81a218c070e38339f320ad2b4d1d,"{""d"":7,""model"":""phenomenological"",""p"":0.005}",
   1212416,         5,         0,    2.14,pymatching,769b0381ba69a0542c9985f90da82846fd031e8eb69e3de4a1cce452c519a17f,"{""d"":7,""model"":""measurement"",""p"":0.005}",
    726016,        29,         0,    2.15,pymatching,586f9f9e4edf15d86c032507ab490a443e4976c49adfd4546d9fd533639467ef,"{""d"":7,""model"":""measurement"",""p"":0.01}",
     36864,         1,         0,   0.206,pymatching,1938eb02fa174e4398af57ea22b7b299d6e80e0682a4886085d64e26cc5d8b28,"{""d"":9,""model"":""phenomenological"",""p"":0.005}",
     22528,         2,         0,   0.215,pymatching,b472c728ad4d530b896c209c587c8d35286cd7af1000ab881e02edca7db1d327,"{""d"":9,""model"":""phenomenological"",""p"":0.01}",
    741376,        99,         0,    2.14,pymatching,188ca1ce397017a5ad1d1e345daf924e6f5d2ee6c3beaadb4f002a574dc22ba8,"{""d"":7,""model"":""measurement"",""p"":0.013}",
     17408,         5,         0,   0.215,pymatching,acd7e92885c6a4166f58f4411d2d7f1b77bde277a9bd5c98055a76611813b924,"{""d"":9,""model"":""phenomenological"",""p"":0.013}",
     44032,         2,         0,   0.293,pymatching,86b3858361a196bf75ce5c91e577522977558d7accbb131be9c1cd69c3ad677c,"{""d"":9,""model"":""measurement"",""p"":0.015}",
     41984,         0,         0,   0.300,pymatching,8407028e38ab80c5f461f56566276bae40a0814bc899a34e1aaa9345eb22cef3,"{""d"":9,""model"":""measurement"",""p"":0.013}",
     32768,         9,         0,   0.293,pymatching,8678eab7326d29e104480c44e90c8a2ae11ef0505db82d042f3a122b8db45a94,"{""d"":9,""model"":""measurement"",""p"":0.024}",
     59392,         1,         0,   0.287,pymatching,f8b16c1db98fb154e268a37dcebc8c5eacbd03993daab091f051fc9a559c4e8e,"{""d"":9,""model"":""measurement"",""p"":0.01}",
     90112,         0,         0,   0.401,pymatching,d8cc9c2aa429a5713ed477b1939a2eff819cd7386a3ff93fdca7863794e89a3c,"{""d"":9,""model"":""measurement"",""p"":0.005}",
     88064,        11,         0,   0.405,pymatching,188ca1ce397017a5ad1d1e345daf924e6f5d2ee6c3beaadb4f002a574dc22ba8,"{""d"":7,""model"":""measurement"",""p"":0.013}",
    561152,         0,         0,    2.16,pymatching,d8cc9c2aa429a5713ed477b1939a2eff819cd7386a3ff93fdca7863794e89a3c,"{""d"":9,""model"":""measurement"",""p"":0.005}",
    109568,         2,         0,   0.287,pymatching,75d3d4cd8b93c1e72262291e14d5974ff0fb81a218c070e38339f320ad2b4d1d,"{""d"":7,""model"":""phenomenological"",""p"":0.005}",
    398336,        10,         0,    2.17,pymatching,8407028e38ab80c5f461f56566276bae40a0814bc899a34e1aaa9345eb22cef3,"{""d"":9,""model"":""measurement"",""p"":0.013}",
    425984,         4,         0,    2.16,pymatching,f8b16c1db98fb154e268a37dcebc8c5eacbd03993daab091f051fc9a559c4e8e,"{""d"":9,""model"":""measurement"",""p"":0.01}",
     51200,         0,         0,   0.288,pymatching,1938eb02fa174e4398af57ea22b7b299d6e80e0682a4886085d64e26cc5d8b28,"{""d"":9,""model"":""phenomenological"",""p"":0.005}",
    331776,        16,         0,    2.16,pymatching,86b3858361a196bf75ce5c91e577522977558d7accbb131be9c1cd69c3ad677c,"{""d"":9,""model"":""measurement"",""p"":0.015}",
     30720,         5,         0,   0.297,pymatching,b472c728ad4d530b896c209c587c8d35286cd7af1000ab881e02edca7db1d327,"{""d"":9,""model"":""phenomenological"",""p"":0.01}",
    245760,       103,         0,    2.17,pymatching,8678eab7326d29e104480c44e90c8a2ae11ef0505db82d042f3a122b8db45a94,"{""d"":9,""model"":""measurement"",""p"":0.024}",
    126976,        58,         0,    1.02,pymatching,8678eab7326d29e104480c44e90c8a2ae11ef0505db82d042f3a122b8db45a94,"{""d"":9,""model"":""measurement"",""p"":0.024}",
    110592,        43,         0,   0.924,pymatching,8678eab7326d29e104480c44e90c8a2ae11ef0505db82d042f3a122b8db45a94,"{""d"":9,""model"":""measurement"",""p"":0.024}",
     26624,         4,         0,   0.239,pymatching,8678eab7326d29e104480c44e90c8a2ae11ef0505db82d042f3a122b8db45a94,"{""d"":9,""model"":""measurement"",""p"":0.024}",
      1024,         0,         0,   0.009,pymatching,8678eab7326d29e104480c44e90c8a2ae11ef0505db82d042f3a122b8db45a94,"{""d"":9,""model"":""measurement"",""p"":0.024}",
     23552,        18,         0,   0.291,pymatching,acd7e92885c6a4166f58f4411d2d7f1b77bde277a9bd5c98055a76611813b924,"{""d"":9,""model"":""phenomenological"",""p"":0.013}",
      4369,         0,         0,   0.011,pymatching,586f9f9e4edf15d86c032507ab490a443e4976c49adfd4546d9fd533639467ef,"{""d"":7,""model"":""measurement"",""p"":0.01}",
      4369,         0,         0,   0.012,pymatching,188ca1ce397017a5ad1d1e345daf924e6f5d2ee6c3beaadb4f002a574dc22ba8,"{""d"":7,""model"":""measurement"",""p"":0.013}",
      5393,         0,         0,   0.011,pymatching,769b0381ba69a0542c9985f90da82846fd031e8eb69e3de4a1cce452c519a17f,"{""d"":7,""model"":""measurement"",""p"":0.005}",
      2321,         0,         0,   0.011,pymatching,d8cc9c2aa429a5713ed477b1939a2eff819cd7386a3ff93fdca7863794e89a3c,"{""d"":9,""model"":""measurement"",""p"":0.005}",
      6144,         0,         0,   0.014,pymatching,586f9f9e4edf15d86c032507ab490a443e4976c49adfd4546d9fd533639467ef,"{""d"":7,""model"":""measurement"",""p"":0.01}",
      5120,         0,         0,   0.013,pymatching,188ca1ce397017a5ad1d1e345daf924e6f5d2ee6c3beaadb4f002a574dc22ba8,"{""d"":7,""model"":""measurement"",""p"":0.013}",
      7168,         0,         0,   0.014,pymatching,769b0381ba69a0542c9985f90da82846fd031e8eb69e3de4a1cce452c519a17f,"{""d"":7,""model"":""measurement"",""p"":0.005}",
      4096,         0,         0,   0.017,pymatching,d8cc9c2aa429a5713ed477b1939a2eff819cd7386a3ff93fdca7863794e89a3c,"{""d"":9,""model"":""measurement"",""p"":0.005}",
      8192,         1,         0,   0.019,pymatching,586f9f9e4edf15d86c032507ab490a443e4976c49adfd4546d9fd533639467ef,"{""d"":7,""model"":""measurement"",""p"":0.01}",
      7168,         0,         0,   0.019,pymatching,188ca1ce397017a5ad1d1e345daf924e6f5d2ee6c3beaadb4f002a574dc22ba8,"{""d"":7,""model"":""measurement"",""p"":0.013}",
     10240,         0,         0,   0.021,pymatching,769b0381ba69a0542c9985f90da82846fd031e8eb69e3de4a1cce452c519a17f,"{""d"":7,""model"":""measurement"",""p"":0.005}",
      5120,         0,         0,   0.022,pymatching,d8cc9c2aa429a5713ed477b1939a2eff819cd7386a3ff93fdca7863794e89a3c,"{""d"":9,""model"":""measurement"",""p"":0.005}",
     12288,         0,         0,   0.028,pymatching,586f9f9e4edf15d86c032507ab490a443e4976c49adfd4546d9fd533639467ef,"{""d"":7,""model"":""measurement"",""p"":0.01}",
     10240,         0,         0,   0.027,pymatching,188ca1ce397017a5ad1d1e345daf924e6f5d2ee6c3beaadb4f002a574dc22ba8,"{""d"":7,""model"":""measurement"",""p"":0.013}",
     14336,         0,         0,   0.029,pymatching,769b0381ba69a0542c9985f90da82846fd031e8eb69e3de4a1cce452c519a17f,"{""d"":7,""model"":""measurement"",""p"":0.005}",
      7168,         0,         0,   0.030,pymatching,d8cc9c2aa429a5713ed477b1939a2eff819cd7386a3ff93fdca7863794e89a3c,"{""d"":9,""model"":""measurement"",""p"":0.005}",
     16384,         0,         0,   0.038,pymatching,586f9f9e4edf15d86c032507ab490a443e4976c49adfd4546d9fd533639467ef,"{""d"":7,""model"":""measurement"",""p"":0.01}",
     14336,         1,         0,   0.038,pymatching,188ca1ce397017a5ad1d1e345daf924e6f5d2ee6c3beaadb4f002a574dc22ba8,"{""d"":7,""model"":""measurement"",""p"":0.013}",
     19456,         0,         0,   0.039,pymatching,769b0381ba69a0542c9985f90da82846fd031e8eb69e3de4a1cce452c519a17f,"{""d"":7,""model"":""measurement"",""p"":0.005}",
      9216,         0,         0,   0.038,pymatching,d8cc9c2aa429a5713ed477b1939a2eff819cd7386a3ff93fdca7863794e89a3c,"{""d"":9,""model"":""measurement"",""p"":0.005}",
     67584,         1,         0,   0.403,pymatching,8407028e38ab80c5f461f56566276bae40a0814bc899a34e1aaa9345eb22cef3,"{""d"":9,""model"":""measurement"",""p"":0.013}",
     61440,         2,         0,   0.407,pymatching,86b3858361a196bf75ce5c91e577522977558d7accbb131be9c1cd69c3ad677c,"{""d"":9,""model"":""measurement"",""p"":0.015}",
     82944,         0,         0,   0.403,pymatching,f8b16c1db98fb154e268a37dcebc8c5eacbd03993daab091f051fc9a559c4e8e,"{""d"":9,""model"":""measurement"",""p"":0.01}",
     23552,         0,         0,   0.055,pymatching,586f9f9e4edf15d86c032507ab490a443e4976c49adfd4546d9fd533639467ef,"{""d"":7,""model"":""measurement"",""p"":0.01}",
     20480,         3,         0,   0.054,pymatching,188ca1ce397017a5ad1d1e345daf924e6f5d2ee6c3beaadb4f002a574dc22ba8,"{""d"":7,""model"":""measurement"",""p"":0.013}",
     26624,         0,         0,   0.053,pymatching,769b0381ba69a0542c9985f90da82846fd031e8eb69e3de4a1cce452c519a17f,"{""d"":7,""model"":""measurement"",""p"":0.005}",
     12288,         0,         0,   0.052,pymatching,d8cc9c2aa429a5713ed477b1939a2eff819cd7386a3ff93fdca7863794e89a3c,"{""d"":9,""model"":""measurement"",""p"":0.005}",
    727040,        27,         0,    2.15,pymatching,75d3d4cd8b93c1e72262291e14d5974ff0fb81a218c070e38339f320ad2b4d1d,"{""d"":7,""model"":""phenomenological"",""p"":0.005}",
     32768,         3,         0,   0.076,pymatching,586f9f9e4edf15d86c032507ab490a443e4976c49adfd4546d9fd533639467ef,"{""d"":7,""model"":""measurement"",""p"":0.01}",
     28672,         7,         0,   0.076,pymatching,188ca1ce397017a5ad1d1e345daf924e6f5d2ee6c3beaadb4f002a574dc22ba8,"{""d"":7,""model"":""measurement"",""p"":0.013}",
     37888,         0,         0,   0.076,pymatching,769b0381ba69a0542c9985f90da82846fd031e8eb69e3de4a1cce452c519a17f,"{""d"":7,""model"":""measurement"",""p"":0.005}",
     18432,         0,         0,   0.078,pymatching,d8cc9c2aa429a5713ed477b1939a2eff819cd7386a3ff93fdca7863794e89a3c,"{""d"":9,""model"":""measurement"",""p"":0.005}",
    151552,         5,         0,   0.400,pymatching,75d3d4cd8b93c1e72262291e14d5974ff0fb81a218c070e38339f320ad2b4d1d,"{""d"":7,""model"":""phenomenological"",""p"":0.005}",
    149504,         0,         0,   0.562,pymatching,d8cc9c2aa429a5713ed477b1939a2eff819cd7386a3ff93fdca7863794e89a3c,"{""d"":9,""model"":""measurement"",""p"":0.005}",
     72704,         1,         0,   0.406,pymatching,1938eb02fa174e4398af57ea22b7b299d6e80e0682a4886085d64e26cc5d8b28,"{""d"":9,""model"":""phenomenological"",""p"":0.005}",
     45056,         2,         0,   0.105,pymatching,586f9f9e4edf15d86c032507ab490a443e4976c49adfd4546d9fd533639467ef,"{""d"":7,""model"":""measurement"",""p"":0.01}",
     39936,         4,         0,   0.105,pymatching,188ca1ce397017a5ad1d1e345daf924e6f5d2ee6c3beaadb4f002a574dc22ba8,"{""d"":7,""model"":""measurement"",""p"":0.013}",
     52224,         0,         0,   0.105,pymatching,769b0381ba69a0542c9985f90da82846fd031e8eb69e3de4a1cce452c519a17f,"{""d"":7,""model"":""measurement"",""p"":0.005}",
     25600,         0,         0,   0.108,pymatching,d8cc9c2aa429a5713ed477b1939a2eff819cd7386a3ff93fdca7863794e89a3c,"{""d"":9,""model"":""measurement"",""p"":0.005}",
     40960,         7,         0,   0.408,pymatching,b472c728ad4d530b896c209c587c8d35286cd7af1000ab881e02edca7db1d327,"{""d"":9,""model"":""phenomenological"",""p"":0.01}",
    353280,         1,         0,    2.17,pymatching,1938eb02fa174e4398af57ea22b7b299d6e80e0682a4886085d64e26cc5d8b28,"{""d"":9,""model"":""phenomenological"",""p"":0.005}",
    220160,        28,         0,    2.17,pymatching,b472c728ad4d530b896c209c587c8d35286cd7af1000ab881e02edca7db1d327,"{""d"":9,""model"":""phenomenological"",""p"":0.01}",
     32768,        17,         0,   0.408,pymatching,acd7e92885c6a4166f58f4411d2d7f1b77bde277a9bd5c98055a76611813b924,"{""d"":9,""model"":""phenomenological"",""p"":0.013}",
    181248,        24,         0,   0.561,pymatching,188ca1ce397017a5ad1d1e345daf924e6f5d2ee6c3beaadb4f002a574dc22ba8,"{""d"":7,""model"":""measurement"",""p"":0.013}",
    175104,        79,         0,    2.17,pymatching,acd7e92885c6a4166f58f4411d2d7f1b77bde277a9bd5c98055a76611813b924,"{""d"":9,""model"":""phenomenological"",""p"":0.013}",
     63488,         2,         0,   0.147,pymatching,586f9f9e4edf15d86c032507ab490a443e4976c49adfd4546d9fd533639467ef,"{""d"":7,""model"":""measurement"",""p"":0.01}",
     55296,         7,         0,   0.146,pymatching,188ca1ce397017a5ad1d1e345daf924e6f5d2ee6c3beaadb4f002a574dc22ba8,"{""d"":7,""model"":""measurement"",""p"":0.013}",
     72704,         0,         0,   0.146,pymatching,769b0381ba69a0542c9985f90da82846fd031e8eb69e3de4a1cce452c519a17f,"{""d"":7,""model"":""measurement"",""p"":0.005}",
     34816,         0,         0,   0.147,pymatching,d8cc9c2aa429a5713ed477b1939a2eff819cd7386a3ff93fdca7863794e89a3c,"{""d"":9,""model"":""measurement"",""p"":0.005}",
     81920,         4,         0,   0.564,pymatching,86b3858361a196bf75ce5c91e577522977558d7accbb131be9c1cd69c3ad677c,"{""d"":9,""model"":""measurement"",""p"":0.015}",
    101376,         3,         0,   0.566,pymatching,8407028e38ab80c5f461f56566276bae40a0814bc899a34e1aaa9345eb22cef3,"{""d"":9,""model"":""measurement"",""p"":0.013}",
     77824,         4,         0,   0.204,pymatching,188ca1ce397017a5ad1d1e345daf924e6f5d2ee6c3beaadb4f002a574dc22ba8,"{""d"":7,""model"":""measurement"",""p"":0.013}",
     88064,         5,         0,   0.205,pymatching,586f9f9e4edf15d86c032507ab490a443e4976c49adfd4546d9fd533639467ef,"{""d"":7,""model"":""measurement"",""p"":0.01}",
     93184,         0,         0,   0.203,pymatching,769b0381ba69a0542c9985f90da82846fd031e8eb69e3de4a1cce452c519a17f,"{""d"":7,""model"":""measurement"",""p"":0.005}",
      2321,         0,         0,   0.014,pymatching,8407028e38ab80c5f461f56566276bae40a0814bc899a34e1aaa9345eb22cef3,"{""d"":9,""model"":""measurement"",""p"":0.013}",
      3345,         2,         0,   0.010,pymatching,188ca1ce397017a5ad1d1e345daf924e6f5d2ee6c3beaadb4f002a574dc22ba8,"{""d"":7,""model"":""measurement"",""p"":0.013}",
      3345,         0,         0,   0.010,pymatching,75d3d4cd8b93c1e72262291e14d5974ff0fb81a218c070e38339f320ad2b4d1d,"{""d"":7,""model"":""phenomenological"",""p"":0.005}",
      2321,         0,         0,   0.012,pymatching,f8b16c1db98fb154e268a37dcebc8c5eacbd03993daab091f051fc9a559c4e8e,"{""d"":9,""model"":""measurement"",""p"":0.01}",
      1297,         0,         0,   0.013,pymatching,b472c728ad4d530b896c209c587c8d35286cd7af1000ab881e02edca7db1d327,"{""d"":9,""model"":""phenomenological"",""p"":0.01}",
      2321,         0,         0,   0.015,pymatching,86b3858361a196bf75ce5c91e577522977558d7accbb131be9c1cd69c3ad677c,"{""d"":9,""model"":""measurement"",""p"":0.015}",
      3072,         0,         0,   0.017,pymatching,8407028e38ab80c5f461f56566276bae40a0814bc899a34e1aaa9345eb22cef3,"{""d"":9,""model"":""measurement"",""p"":0.013}",
      3345,         1,         0,   0.010,pymatching,75d3d4cd8b93c1e72262291e14d5974ff0fb81a218c070e38339f320ad2b4d1d,"{""d"":7,""model"":""phenomenological"",""p"":0.005}",
      3345,         1,         0,   0.010,pymatching,75d3d4cd8b93c1e72262291e14d5974ff0fb81a218c070e38339f320ad2b4d1d,"{""d"":7,""model"":""phenomenological"",""p"":0.005}",
      2321,         0,         0,   0.015,pymatching,1938eb02fa174e4398af57ea22b7b299d6e80e0682a4886085d64e26cc5d8b28,"{""d"":9,""model"":""phenomenological"",""p"":0.005}",
      2321,         0,         0,   0.015,pymatching,86b3858361a196bf75ce5c91e577522977558d7accbb131be9c1cd69c3ad677c,"{""d"":9,""model"":""measurement"",""p"":0.015}",
      2321,         0,         0,   0.010,pymatching,d8cc9c2aa429a5713ed477b1939a2eff819cd7386a3ff93fdca7863794e89a3c,"{""d"":9,""model"":""measurement"",""p"":0.005}",
      1297,         0,         0,   0.016,pymatching,acd7e92885c6a4166f58f4411d2d7f1b77bde277a9bd5c98055a76611813b924,"{""d"":9,""model"":""phenomenological"",""p"":0.013}",
      2321,         0,         0,   0.014,pymatching,8407028e38ab80c5f461f56566276bae40a0814bc899a34e1aaa9345eb22cef3,"{""d"":9,""model"":""measurement"",""p"":0.013}",
      1297,         0,         0,   0.014,pymatching,b472c728ad4d530b896c209c587c8d35286cd7af1000ab881e02edca7db1d327,"{""d"":9,""model"":""phenomenological"",""p"":0.01}",
      2321,         0,         0,   0.012,pymatching,f8b16c1db98fb154e268a37dcebc8c5eacbd03993daab091f051fc9a559c4e8e,"{""d"":9,""model"":""measurement"",""p"":0.01}",
      2321,         0,         0,   0.015,pymatching,86b3858361a196bf75ce5c91e577522977558d7accbb131be9c1cd69c3ad677c,"{""d"":9,""model"":""measurement"",""p"":0.015}",
      1297,         2,         0,   0.016,pymatching,acd7e92885c6a4166f58f4411d2d7f1b77bde277a9bd5c98055a76611813b924,"{""d"":9,""model"":""phenomenological"",""p"":0.013}",
      5120,         0,         0,   0.013,pymatching,188ca1ce397017a5ad1d1e345daf924e6f5d2ee6c3beaadb4f002a574dc22ba8,"{""d"":7,""model"":""measurement"",""p"":0.013}",
      5393,         0,         0,   0.011,pymatching,769b0381ba69a0542c9985f90da82846fd031e8eb69e3de4a1cce452c519a17f,"{""d"":7,""model"":""measurement"",""p"":0.005}",
      2321,         0,         0,   0.015,pymatching,1938eb02fa174e4398af57ea22b7b299d6e80e0682a4886085d64e26cc5d8b28,"{""d"":9,""model"":""phenomenological"",""p"":0.005}",
      1297,         0,         0,   0.013,pymatching,b472c728ad4d530b896c209c587c8d35286cd7af1000ab881e02edca7db1d327,"{""d"":9,""model"":""phenomenological"",""p"":0.01}",
      6144,         0,         0,   0.016,pymatching,75d3d4cd8b93c1e72262291e14d5974ff0fb81a218c070e38339f320ad2b4d1d,"{""d"":7,""model"":""phenomenological"",""p"":0.005}",
      2321,         0,         0,   0.015,pymatching,1938eb02fa174e4398af57ea22b7b299d6e80e0682a4886085d64e26cc5d8b28,"{""d"":9,""model"":""phenomenological"",""p"":0.005}",
      3072,         0,         0,   0.015,pymatching,f8b16c1db98fb154e268a37dcebc8c5eacbd03993daab091f051fc9a559c4e8e,"{""d"":9,""model"":""measurement"",""p"":0.01}",
      1297,         0,         0,   0.009,pymatching,1938eb02fa174e4398af57ea22b7b299d6e80e0682a4886085d64e26cc5d8b28,"{""d"":9,""model"":""phenomenological"",""p"":0.005}",
      1297,         0,         0,   0.016,pymatching,acd7e92885c6a4166f58f4411d2d7f1b77bde277a9bd5c98055a76611813b924,"{""d"":9,""model"":""phenomenological"",""p"":0.013}",
      6144,         0,         0,   0.016,pymatching,75d3d4cd8b93c1e72262291e14d5974ff0fb81a218c070e38339f320ad2b4d1d,"{""d"":7,""model"":""phenomenological"",""p"":0.005}",
      6144,         0,         0,   0.016,pymatching,75d3d4cd8b93c1e72262291e14d5974ff0fb81a218c070e38339f320ad2b4d1d,"{""d"":7,""model"":""phenomenological"",""p"":0.005}",
      2048,         0,         0,   0.018,pymatching,b472c728ad4d530b896c209c587c8d35286cd7af1000ab881e02edca7db1d327,"{""d"":9,""model"":""phenomenological"",""p"":0.01}",
      4096,         0,         0,   0.015,pymatching,d8cc9c2aa429a5713ed477b1939a2eff819cd7386a3ff93fdca7863794e89a3c,"{""d"":9,""model"":""measurement"",""p"":0.005}",
      3072,         0,         0,   0.019,pymatching,86b3858361a196bf75ce5c91e577522977558d7accbb131be9c1cd69c3ad677c,"{""d"":9,""model"":""measurement"",""p"":0.015}",
      1297,         0,         0,   0.014,pymatching,b472c728ad4d530b896c209c587c8d35286cd7af1000ab881e02edca7db1d327,"{""d"":9,""model"":""phenomenological"",""p"":0.01}",
      3072,         0,         0,   0.017,pymatching,1938eb02fa174e4398af57ea22b7b299d6e80e0682a4886085d64e26cc5d8b28,"{""d"":9,""model"":""phenomenological"",""p"":0.005}",
      3072,         0,         0,   0.015,pymatching,f8b16c1db98fb154e268a37dcebc8c5eacbd03993daab091f051fc9a559c4e8e,"{""d"":9,""model"":""measurement"",""p"":0.01}",
      3072,         0,         0,   0.018,pymatching,86b3858361a196bf75ce5c91e577522977558d7accbb131be9c1cd69c3ad677c,"{""d"":9,""model"":""measurement"",""p"":0.015}",
      3072,         0,         0,   0.017,pymatching,8407028e38ab80c5f461f56566276bae40a0814bc899a34e1aaa9345eb22cef3,"{""d"":9,""model"":""measurement"",""p"":0.013}",
      1297,         0,         0,   0.016,pymatching,acd7e92885c6a4166f58f4411d2d7f1b77bde277a9bd5c98055a76611813b924,"{""d"":9,""model"":""phenomenological"",""p"":0.013}",
      4096,         0,         0,   0.022,pymatching,8407028e38ab80c5f461f56566276bae40a0814bc899a34e1aaa9345eb22cef3,"{""d"":9,""model"":""measurement"",""p"":0.013}",
      2048,         0,         0,   0.018,pymatching,b472c728ad4d530b896c209c587c8d35286cd7af1000ab881e02edca7db1d327,"{""d"":9,""model"":""phenomenological"",""p"":0.01}",
      3345,         1,         0,   0.010,pymatching,188ca1ce397017a5ad1d1e345daf924e6f5d2ee6c3beaadb4f002a574dc22ba8,"{""d"":7,""model"":""measurement"",""p"":0.013}",
      7168,         0,         0,   0.014,pymatching,769b0381ba69a0542c9985f90da82846fd031e8eb69e3de4a1cce452c519a17f,"{""d"":7,""model"":""measurement"",""p"":0.005}",
      2321,         0,         0,   0.014,pymatching,f8b16c1db98fb154e268a37dcebc8c5eacbd03993daab091f051fc9a559c4e8e,"{""d"":9,""model"":""measurement"",""p"":0.01}",
      3072,         1,         0,   0.018,pymatching,86b3858361a196bf75ce5c91e577522977558d7accbb131be9c1cd69c3ad677c,"{""d"":9,""model"":""measurement"",""p"":0.015}",
      2048,         1,         0,   0.024,pymatching,acd7e92885c6a4166f58f4411d2d7f1b77bde277a9bd5c98055a76611813b924,"{""d"":9,""model"":""phenomenological"",""p"":0.013}",
      1297,         0,         0,   0.009,pymatching,8407028e38ab80c5f461f56566276bae40a0814bc899a34e1aaa9345eb22cef3,"{""d"":9,""model"":""measurement"",""p"":0.013}",
      3072,         0,         0,   0.017,pymatching,1938eb02fa174e4398af57ea22b7b299d6e80e0682a4886085d64e26cc5d8b28,"{""d"":9,""model"":""phenomenological"",""p"":0.005}",
      3072,         0,         0,   0.017,pymatching,1938eb02fa174e4398af57ea22b7b299d6e80e0682a4886085d64e26cc5d8b28,"{""d"":9,""model"":""phenomenological"",""p"":0.005}",
      8192,         1,         0,   0.021,pymatching,188ca1ce397017a5ad1d1e345daf924e6f5d2ee6c3beaadb4f002a574dc22ba8,"{""d"":7,""model"":""measurement"",""p"":0.013}",
      2048,         1,         0,   0.018,pymatching,b472c728ad4d530b896c209c587c8d35286cd7af1000ab881e02edca7db1d327,"{""d"":9,""model"":""phenomenological"",""p"":0.01}",
      3345,         0,         0,   0.011,pymatching,75d3d4cd8b93c1e72262291e14d5974ff0fb81a218c070e38339f320ad2b4d1d,"{""d"":7,""model"":""phenomenological"",""p"":0.005}",
      4369,         0,         0,   0.010,pymatching,769b0381ba69a0542c9985f90da82846fd031e8eb69e3de4a1cce452c519a17f,"{""d"":7,""model"":""measurement"",""p"":0.005}",
      2048,         0,         0,   0.023,pymatching,acd7e92885c6a4166f58f4411d2d7f1b77bde277a9bd5c98055a76611813b924,"{""d"":9,""model"":""phenomenological"",""p"":0.013}",
      3345,         0,         0,   0.011,pymatching,188ca1ce397017a5ad1d1e345daf924e6f5d2ee6c3beaadb4f002a574dc22ba8,"{""d"":7,""model"":""measurement"",""p"":0.013}",
      4369,         0,         0,   0.010,pymatching,769b0381ba69a0542c9985f90da82846fd031e8eb69e3de4a1cce452c519a17f,"{""d"":7,""model"":""measurement"",""p"":0.005}",
      3072,         0,         0,   0.017,pymatching,1938eb02fa174e4398af57ea22b7b299d6e80e0682a4886085d64e26cc5d8b28,"{""d"":9,""model"":""phenomenological"",""p"":0.005}",
      4096,         0,         0,   0.020,pymatching,f8b16c1db98fb154e268a37dcebc8c5eacbd03993daab091f051fc9a559c4e8e,"{""d"":9,""model"":""measurement"",""p"":0.01}",
      7168,         0,         0,   0.021,pymatching,75d3d4cd8b93c1e72262291e14d5974ff0fb81a218c070e38339f320ad2b4d1d,"{""d"":7,""model"":""phenomenological"",""p"":0.005}",
      4369,         0,         0,   0.010,pymatching,769b0381ba69a0542c9985f90da82846fd031e8eb69e3de4a1cce452c519a17f,"{""d"":7,""model"":""measurement"",""p"":0.005}",
      3345,         3,         0,   0.011,pymatching,188ca1ce397017a5ad1d1e345daf924e6f5d2ee6c3beaadb4f002a574dc22ba8,"{""d"":7,""model"":""measurement"",""p"":0.013}",
      4369,         0,         0,   0.012,pymatching,586f9f9e4edf15d86c032507ab490a443e4976c49adfd4546d9fd533639467ef,"{""d"":7,""model"":""measurement"",""p"":0.01}",
      2321,         0,         0,   0.011,pymatching,d8cc9c2aa429a5713ed477b1939a2eff819cd7386a3ff93fdca7863794e89a3c,"{""d"":9,""model"":""measurement"",""p"":0.005}",
      4369,         0,         0,   0.012,pymatching,586f9f9e4edf15d86c032507ab490a443e4976c49adfd4546d9fd533639467ef,"{""d"":7,""model"":""measurement"",""p"":0.01}",
      2321,         0,         0,   0.007,pymatching,586f9f9e4edf15d86c032507ab490a443e4976c49adfd4546d9fd533639467ef,"{""d"":7,""model"":""measurement"",""p"":0.01}",
      2048,         0,         0,   0.018,pymatching,b472c728ad4d530b896c209c587c8d35286cd7af1000ab881e02edca7db1d327,"{""d"":9,""model"":""phenomenological"",""p"":0.01}",
      5120,         0,         0,   0.019,pymatching,d8cc9c2aa429a5713ed477b1939a2eff819cd7386a3ff93fdca7863794e89a3c,"{""d"":9,""model"":""measurement"",""p"":0.005}",
      5120,         0,         0,   0.015,pymatching,188ca1ce397017a5ad1d1e345daf924e6f5d2ee6c3beaadb4f002a574dc22ba8,"{""d"":7,""model"":""measurement"",""p"":0.013}",
      8192,         1,         0,   0.022,pymatching,75d3d4cd8b93c1e72262291e14d5974ff0fb81a218c070e38339f320ad2b4d1d,"{""d"":7,""model"":""phenomenological"",""p"":0.005}",
      8192,         0,         0,   0.021,pymatching,75d3d4cd8b93c1e72262291e14d5974ff0fb81a218c070e38339f320ad2b4d1d,"{""d"":7,""model"":""phenomenological"",""p"":0.005}",
      2048,         2,         0,   0.023,pymatching,acd7e92885c6a4166f58f4411d2d7f1b77bde277a9bd5c98055a76611813b924,"{""d"":9,""model"":""phenomenological"",""p"":0.013}",
      4096,         0,         0,   0.020,pymatching,f8b16c1db98fb154e268a37dcebc8c5eacbd03993daab091f051fc9a559c4e8e,"{""d"":9,""model"":""measurement"",""p"":0.01}",
      3072,         0,         0,   0.016,pymatching,f8b16c1db98fb154e268a37dcebc8c5eacbd03993daab091f051fc9a559c4e8e,"{""d"":9,""model"":""measurement"",""p"":0.01}",
      5393,         0,         0,   0.012,pymatching,769b0381ba69a0542c9985f90da82846fd031e8eb69e3de4a1cce452c519a17f,"{""d"":7,""model"":""measurement"",""p"":0.005}",
      4096,         0,         0,   0.023,pymatching,1938eb02fa174e4398af57ea22b7b299d6e80e0682a4886085d64e26cc5d8b28,"{""d"":9,""model"":""phenomenological"",""p"":0.005}",
      4096,         0,         0,   0.024,pymatching,86b3858361a196bf75ce5c91e577522977558d7accbb131be9c1cd69c3ad677c,"{""d"":9,""model"":""measurement"",""p"":0.015}",
      4096,         0,         0,   0.022,pymatching,8407028e38ab80c5f461f56566276bae40a0814bc899a34e1aaa9345eb22cef3,"{""d"":9,""model"":""measurement"",""p"":0.013}",
     10240,         0,         0,   0.020,pymatching,769b0381ba69a0542c9985f90da82846fd031e8eb69e3de4a1cce452c519a17f,"{""d"":7,""model"":""measurement"",""p"":0.005}",
      7168,         0,         0,   0.014,pymatching,769b0381ba69a0542c9985f90da82846fd031e8eb69e3de4a1cce452c519a17f,"{""d"":7,""model"":""measurement"",""p"":0.005}",
      3345,         1,         0,   0.011,pymatching,188ca1ce397017a5ad1d1e345daf924e6f5d2ee6c3beaadb4f002a574dc22ba8,"{""d"":7,""model"":""measurement"",""p"":0.013}",
      2048,         0,         0,   0.023,pymatching,acd7e92885c6a4166f58f4411d2d7f1b77bde277a9bd5c98055a76611813b924,"{""d"":9,""model"":""phenomenological"",""p"":0.013}",
      4096,         0,         0,   0.024,pymatching,86b3858361a196bf75ce5c91e577522977558d7accbb131be9c1cd69c3ad677c,"{""d"":9,""model"":""measurement"",""p"":0.015}",
      3072,         0,         0,   0.027,pymatching,b472c728ad4d530b896c209c587c8d35286cd7af1000ab881e02edca7db1d327,"{""d"":9,""model"":""phenomenological"",""p"":0.01}",
      2321,         0,         0,   0.011,pymatching,d8cc9c2aa429a5713ed477b1939a2eff819cd7386a3ff93fdca7863794e89a3c,"{""d"":9,""model"":""measurement"",""p"":0.005}",
      5120,         0,         0,   0.015,pymatching,75d3d4cd8b93c1e72262291e14d5974ff0fb81a218c070e38339f320ad2b4d1d,"{""d"":7,""model"":""phenomenological"",""p"":0.005}",
      7168,         0,         0,   0.014,pymatching,769b0381ba69a0542c9985f90da82846fd031e8eb69e3de4a1cce452c519a17f,"{""d"":7,""model"":""measurement"",""p"":0.005}",
      1297,         1,         0,   0.010,pymatching,86b3858361a196bf75ce5c91e577522977558d7accbb131be9c1cd69c3ad677c,"{""d"":9,""model"":""measurement"",""p"":0.015}",
      5120,         1,         0,   0.015,pymatching,188ca1ce397017a5ad1d1e345daf924e6f5d2ee6c3beaadb4f002a574dc22ba8,"{""d"":7,""model"":""measurement"",""p"":0.013}",
      3072,         1,         0,   0.018,pymatching,8407028e38ab80c5f461f56566276bae40a0814bc899a34e1aaa9345eb22cef3,"{""d"":9,""model"":""measurement"",""p"":0.013}",
      7168,         0,         0,   0.014,pymatching,769b0381ba69a0542c9985f90da82846fd031e8eb69e3de4a1cce452c519a17f,"{""d"":7,""model"":""measurement"",""p"":0.005}",
      5120,         1,         0,   0.015,pymatching,188ca1ce397017a5ad1d1e345daf924e6f5d2ee6c3beaadb4f002a574dc22ba8,"{""d"":7,""model"":""measurement"",""p"":0.013}",
      6144,         0,         0,   0.015,pymatching,586f9f9e4edf15d86c032507ab490a443e4976c49adfd4546d9fd533639467ef,"{""d"":7,""model"":""measurement"",""p"":0.01}",
      6144,         1,         0,   0.015,pymatching,586f9f9e4edf15d86c032507ab490a443e4976c49adfd4546d9fd533639467ef,"{""d"":7,""model"":""measurement"",""p"":0.01}",
      4096,         0,         0,   0.024,pymatching,86b3858361a196bf75ce5c91e577522977558d7accbb131be9c1cd69c3ad677c,"{""d"":9,""model"":""measurement"",""p"":0.015}",
      3345,         0,         0,   0.010,pymatching,586f9f9e4edf15d86c032507ab490a443e4976c49adfd4546d9fd533639467ef,"{""d"":7,""model"":""measurement"",""p"":0.01}",
      4369,         0,         0,   0.012,pymatching,586f9f9e4edf15d86c032507ab490a443e4976c49adfd4546d9fd533639467ef,"{""d"":7,""model"":""measurement"",""p"":0.01}",
      4096,         0,         0,   0.017,pymatching,d8cc9c2aa429a5713ed477b1939a2eff819cd7386a3ff93fdca7863794e89a3c,"{""d"":9,""model"":""measurement"",""p"":0.005}",
      3072,         1,         0,   0.028,pymatching,b472c728ad4d530b896c209c587c8d35286cd7af1000ab881e02edca7db1d327,"{""d"":9,""model"":""phenomenological"",""p"":0.01}",
      5120,         0,         0,   0.028,pymatching,8407028e38ab80c5f461f56566276bae40a0814bc899a34e1aaa9345eb22cef3,"{""d"":9,""model"":""measurement"",""p"":0.013}",
      2321,         0,         0,   0.011,pymatching,d8cc9c2aa429a5713ed477b1939a2eff819cd7386a3ff93fdca7863794e89a3c,"{""d"":9,""model"":""measurement"",""p"":0.005}",
      4096,         0,         0,   0.023,pymatching,1938eb02fa174e4398af57ea22b7b299d6e80e0682a4886085d64e26cc5d8b28,"{""d"":9,""model"":""phenomenological"",""p"":0.005}",
      4096,         0,         0,   0.023,pymatching,1938eb02fa174e4398af57ea22b7b299d6e80e0682a4886085d64e26cc5d8b28,"{""d"":9,""model"":""phenomenological"",""p"":0.005}",
      2321,         0,         0,   0.011,pymatching,d8cc9c2aa429a5713ed477b1939a2eff819cd7386a3ff93fdca7863794e89a3c,"{""d"":9,""model"":""measurement"",""p"":0.005}",
      2048,         0,         0,   0.025,pymatching,acd7e92885c6a4166f58f4411d2d7f1b77bde277a9bd5c98055a76611813b924,"{""d"":9,""model"":""phenomenological"",""p"":0.013}",
      2321,         0,         0,   0.014,pymatching,f8b16c1db98fb154e268a37dcebc8c5eacbd03993daab091f051fc9a559c4e8e,"{""d"":9,""model"":""measurement"",""p"":0.01}",
      2048,         0,         0,   0.023,pymatching,acd7e92885c6a4166f58f4411d2d7f1b77bde277a9bd5c98055a76611813b924,"{""d"":9,""model"":""phenomenological"",""p"":0.013}",
      4096,         0,         0,   0.023,pymatching,1938eb02fa174e4398af57ea22b7b299d6e80e0682a4886085d64e26cc5d8b28,"{""d"":9,""model"":""phenomenological"",""p"":0.005}",
      7168,         0,         0,   0.014,pymatching,769b0381ba69a0542c9985f90da82846fd031e8eb69e3de4a1cce452c519a17f,"{""d"":7,""model"":""measurement"",""p"":0.005}",
      3072,         1,         0,   0.027,pymatching,b472c728ad4d530b896c209c587c8d35286cd7af1000ab881e02edca7db1d327,"{""d"":9,""model"":""phenomenological"",""p"":0.01}",
      3072,         1,         0,   0.024,pymatching,586f9f9e4edf15d86c032507ab490a443e4976c49adfd4546d9fd533639467ef,"{""d"":7,""model"":""measurement"",""p"":0.01}",
      2321,         0,         0,   0.016,pymatching,8407028e38ab80c5f461f56566276bae40a0814bc899a34e1aaa9345eb22cef3,"{""d"":9,""model"":""measurement"",""p"":0.013}",
      7168,         0,         0,   0.021,pymatching,188ca1ce397017a5ad1d1e345daf924e6f5d2ee6c3beaadb4f002a574dc22ba8,"{""d"":7,""model"":""measurement"",""p"":0.013}",
     11264,         2,         0,   0.029,pymatching,188ca1ce397017a5ad1d1e345daf924e6f5d2ee6c3beaadb4f002a574dc22ba8,"{""d"":7,""model"":""measurement"",""p"":0.013}",
      5120,         0,         0,   0.015,pymatching,188ca1ce397017a5ad1d1e345daf924e6f5d2ee6c3beaadb4f002a574dc22ba8,"{""d"":7,""model"":""measurement"",""p"":0.013}",
      2048,         1,         0,   0.023,pymatching,acd7e92885c6a4166f58f4411d2d7f1b77bde277a9bd5c98055a76611813b924,"{""d"":9,""model"":""phenomenological"",""p"":0.013}",
      6144,         0,         0,   0.030,pymatching,f8b16c1db98fb154e268a37dcebc8c5eacbd03993daab091f051fc9a559c4e8e,"{""d"":9,""model"":""measurement"",""p"":0.01}",
      4096,         0,         0,   0.017,pymatching,d8cc9c2aa429a5713ed477b1939a2eff819cd7386a3ff93fdca7863794e89a3c,"{""d"":9,""model"":""measurement"",""p"":0.005}",
     11264,         0,         0,   0.029,pymatching,75d3d4cd8b93c1e72262291e14d5974ff0fb81a218c070e38339f320ad2b4d1d,"{""d"":7,""model"":""phenomenological"",""p"":0.005}",
      4096,         0,         0,   0.022,pymatching,f8b16c1db98fb154e268a37dcebc8c5eacbd03993daab091f051fc9a559c4e8e,"{""d"":9,""model"":""measurement"",""p"":0.01}",
      5120,         0,         0,   0.015,pymatching,586f9f9e4edf15d86c032507ab490a443e4976c49adfd4546d9fd533639467ef,"{""d"":7,""model"":""measurement"",""p"":0.01}",
      3072,         1,         0,   0.027,pymatching,b472c728ad4d530b896c209c587c8d35286cd7af1000ab881e02edca7db1d327,"{""d"":9,""model"":""phenomenological"",""p"":0.01}",
      6144,         0,         0,   0.016,pymatching,586f9f9e4edf15d86c032507ab490a443e4976c49adfd4546d9fd533639467ef,"{""d"":7,""model"":""measurement"",""p"":0.01}",
     10240,         0,         0,   0.027,pymatching,75d3d4cd8b93c1e72262291e14d5974ff0fb81a218c070e38339f320ad2b4d1d,"{""d"":7,""model"":""phenomenological"",""p"":0.005}",
     10240,         0,         0,   0.020,pymatching,769b0381ba69a0542c9985f90da82846fd031e8eb69e3de4a1cce452c519a17f,"{""d"":7,""model"":""measurement"",""p"":0.005}",
     10240,         0,         0,   0.020,pymatching,769b0381ba69a0542c9985f90da82846fd031e8eb69e3de4a1cce452c519a17f,"{""d"":7,""model"":""measurement"",""p"":0.005}",
      3072,         0,         0,   0.020,pymatching,86b3858361a196bf75ce5c91e577522977558d7accbb131be9c1cd69c3ad677c,"{""d"":9,""model"":""measurement"",""p"":0.015}",
      7168,         0,         0,   0.021,pymatching,75d3d4cd8b93c1e72262291e14d5974ff0fb81a218c070e38339f320ad2b4d1d,"{""d"":7,""model"":""phenomenological"",""p"":0.005}",
      7168,         2,         0,   0.021,pymatching,188ca1ce397017a5ad1d1e345daf924e6f5d2ee6c3beaadb4f002a574dc22ba8,"{""d"":7,""model"":""measurement"",""p"":0.013}",
     11264,         0,         0,   0.029,pymatching,75d3d4cd8b93c1e72262291e14d5974ff0fb81a218c070e38339f320ad2b4d1d,"{""d"":7,""model"":""phenomenological"",""p"":0.005}",
      2048,         1,         0,   0.023,pymatching,acd7e92885c6a4166f58f4411d2d7f1b77bde277a9bd5c98055a76611813b924,"{""d"":9,""model"":""phenomenological"",""p"":0.013}",
      8192,         0,         0,   0.030,pymatching,d8cc9c2aa429a5713ed477b1939a2eff819cd7386a3ff93fdca7863794e89a3c,"{""d"":9,""model"":""measurement"",""p"":0.005}",
     10240,         0,         0,   0.020,pymatching,769b0381ba69a0542c9985f90da82846fd031e8eb69e3de4a1cce452c519a17f,"{""d"":7,""model"":""measurement"",""p"":0.005}",
      4096,         0,         0,   0.017,pymatching,d8cc9c2aa429a5713ed477b1939a2eff819cd7386a3ff93fdca7863794e89a3c,"{""d"":9,""model"":""measurement"",""p"":0.005}",
      6144,         1,         0,   0.029,pymatching,f8b16c1db98fb154e268a37dcebc8c5eacbd03993daab091f051fc9a559c4e8e,"{""d"":9,""model"":""measurement"",""p"":0.01}",
      7168,         0,         0,   0.021,pymatching,188ca1ce397017a5ad1d1e345daf924e6f5d2ee6c3beaadb4f002a574dc22ba8,"{""d"":7,""model"":""measurement"",""p"":0.013}",
      4096,         0,         0,   0.017,pymatching,d8cc9c2aa429a5713ed477b1939a2eff819cd7386a3ff93fdca7863794e89a3c,"{""d"":9,""model"":""measurement"",""p"":0.005}",
      8192,         0,         0,   0.021,pymatching,586f9f9e4edf15d86c032507ab490a443e4976c49adfd4546d9fd533639467ef,"{""d"":7,""model"":""measurement"",""p"":0.01}",
      3072,         0,         0,   0.016,pymatching,f8b16c1db98fb154e268a37dcebc8c5eacbd03993daab091f051fc9a559c4e8e,"{""d"":9,""model"":""measurement"",""p"":0.01}",
      8192,         0,         0,   0.021,pymatching,586f9f9e4edf15d86c032507ab490a443e4976c49adfd4546d9fd533639467ef,"{""d"":7,""model"":""measurement"",""p"":0.01}",
      5120,         0,         0,   0.028,pymatching,1938eb02fa174e4398af57ea22b7b299d6e80e0682a4886085d64e26cc5d8b28,"{""d"":9,""model"":""phenomenological"",""p"":0.005}",
      4096,         0,         0,   0.025,pymatching,8407028e38ab80c5f461f56566276bae40a0814bc899a34e1aaa9345eb22cef3,"{""d"":9,""model"":""measurement"",""p"":0.013}",
      5120,         0,         0,   0.022,pymatching,d8cc9c2aa429a5713ed477b1939a2eff819cd7386a3ff93fdca7863794e89a3c,"{""d"":9,""model"":""measurement"",""p"":0.005}",
      5120,         0,         0,   0.028,pymatching,8407028e38ab80c5f461f56566276bae40a0814bc899a34e1aaa9345eb22cef3,"{""d"":9,""model"":""measurement"",""p"":0.013}",
     14336,         0,         0,   0.029,pymatching,769b0381ba69a0542c9985f90da82846fd031e8eb69e3de4a1cce452c519a17f,"{""d"":7,""model"":""measurement"",""p"":0.005}",
      3072,         1,         0,   0.028,pymatching,b472c728ad4d530b896c209c587c8d35286cd7af1000ab881e02edca7db1d327,"{""d"":9,""model"":""phenomenological"",""p"":0.01}",
      5120,         0,         0,   0.031,pymatching,86b3858361a196bf75ce5c91e577522977558d7accbb131be9c1cd69c3ad677c,"{""d"":9,""model"":""measurement"",""p"":0.015}",
      5120,         0,         0,   0.030,pymatching,86b3858361a196bf75ce5c91e577522977558d7accbb131be9c1cd69c3ad677c,"{""d"":9,""model"":""measurement"",""p"":0.015}",
     10240,         0,         0,   0.020,pymatching,769b0381ba69a0542c9985f90da82846fd031e8eb69e3de4a1cce452c519a17f,"{""d"":7,""model"":""measurement"",""p"":0.005}",
      3072,         0,         0,   0.019,pymatching,8407028e38ab80c5f461f56566276bae40a0814bc899a34e1aaa9345eb22cef3,"{""d"":9,""model"":""measurement"",""p"":0.013}",
      3072,         0,         0,   0.028,pymatching,b472c728ad4d530b896c209c587c8d35286cd7af1000ab881e02edca7db1d327,"{""d"":9,""model"":""phenomenological"",""p"":0.01}",
      5120,         1,         0,   0.031,pymatching,86b3858361a196bf75ce5c91e577522977558d7accbb131be9c1cd69c3ad677c,"{""d"":9,""model"":""measurement"",""p"":0.015}",
      5120,         0,         0,   0.029,pymatching,1938eb02fa174e4398af57ea22b7b299d6e80e0682a4886085d64e26cc5d8b28,"{""d"":9,""model"":""phenomenological"",""p"":0.005}",
      5120,         0,         0,   0.029,pymatching,1938eb02fa174e4398af57ea22b7b299d6e80e0682a4886085d64e26cc5d8b28,"{""d"":9,""model"":""phenomenological"",""p"":0.005}",
      7168,         0,         0,   0.021,pymatching,188ca1ce397017a5ad1d1e345daf924e6f5d2ee6c3beaadb4f002a574dc22ba8,"{""d"":7,""model"":""measurement"",""p"":0.013}",
      5120,         0,         0,   0.029,pymatching,1938eb02fa174e4398af57ea22b7b299d6e80e0682a4886085d64e26cc5d8b28,"{""d"":9,""model"":""phenomenological"",""p"":0.005}",
      5120,         0,         0,   0.021,pymatching,d8cc9c2aa429a5713ed477b1939a2eff819cd7386a3ff93fdca7863794e89a3c,"{""d"":9,""model"":""measurement"",""p"":0.005}",
      7168,         0,         0,   0.020,pymatching,586f9f9e4edf15d86c032507ab490a443e4976c49adfd4546d9fd533639467ef,"{""d"":7,""model"":""measurement"",""p"":0.01}",
      3072,         0,         0,   0.027,pymatching,b472c728ad4d530b896c209c587c8d35286cd7af1000ab881e02edca7db1d327,"{""d"":9,""model"":""phenomenological"",""p"":0.01}",
      3072,         0,         0,   0.020,pymatching,86b3858361a196bf75ce5c91e577522977558d7accbb131be9c1cd69c3ad677c,"{""d"":9,""model"":""measurement"",""p"":0.015}",
      8192,         1,         0,   0.021,pymatching,586f9f9e4edf15d86c032507ab490a443e4976c49adfd4546d9fd533639467ef,"{""d"":7,""model"":""measurement"",""p"":0.01}",
      3072,         0,         0,   0.034,pymatching,acd7e92885c6a4166f58f4411d2d7f1b77bde277a9bd5c98055a76611813b924,"{""d"":9,""model"":""phenomenological"",""p"":0.013}",
     10240,         1,         0,   0.030,pymatching,188ca1ce397017a5ad1d1e345daf924e6f5d2ee6c3beaadb4f002a574dc22ba8,"{""d"":7,""model"":""measurement"",""p"":0.013}",
      6144,         0,         0,   0.032,pymatching,586f9f9e4edf15d86c032507ab490a443e4976c49adfd4546d9fd533639467ef,"{""d"":7,""model"":""measurement"",""p"":0.01}",
      3072,         2,         0,   0.038,pymatching,acd7e92885c6a4166f58f4411d2d7f1b77bde277a9bd5c98055a76611813b924,"{""d"":9,""model"":""phenomenological"",""p"":0.013}",
      5120,         0,         0,   0.022,pymatching,d8cc9c2aa429a5713ed477b1939a2eff819cd7386a3ff93fdca7863794e89a3c,"{""d"":9,""model"":""measurement"",""p"":0.005}",
      5120,         0,         0,   0.028,pymatching,f8b16c1db98fb154e268a37dcebc8c5eacbd03993daab091f051fc9a559c4e8e,"{""d"":9,""model"":""measurement"",""p"":0.01}",
      7168,         0,         0,   0.040,pymatching,8407028e38ab80c5f461f56566276bae40a0814bc899a34e1aaa9345eb22cef3,"{""d"":9,""model"":""measurement"",""p"":0.013}",
      5120,         0,         0,   0.021,pymatching,d8cc9c2aa429a5713ed477b1939a2eff819cd7386a3ff93fdca7863794e89a3c,"{""d"":9,""model"":""measurement"",""p"":0.005}",
      4096,         0,         0,   0.022,pymatching,f8b16c1db98fb154e268a37dcebc8c5eacbd03993daab091f051fc9a559c4e8e,"{""d"":9,""model"":""measurement"",""p"":0.01}",
      9216,         0,         0,   0.027,pymatching,75d3d4cd8b93c1e72262291e14d5974ff0fb81a218c070e38339f320ad2b4d1d,"{""d"":7,""model"":""phenomenological"",""p"":0.005}",
      9216,         2,         0,   0.027,pymatching,188ca1ce397017a5ad1d1e345daf924e6f5d2ee6c3beaadb4f002a574dc22ba8,"{""d"":7,""model"":""measurement"",""p"":0.013}",
     14336,         0,         0,   0.029,pymatching,769b0381ba69a0542c9985f90da82846fd031e8eb69e3de4a1cce452c519a17f,"{""d"":7,""model"":""measurement"",""p"":0.005}",
     14336,         0,         0,   0.028,pymatching,769b0381ba69a0542c9985f90da82846fd031e8eb69e3de4a1cce452c519a17f,"{""d"":7,""model"":""measurement"",""p"":0.005}",
      3072,         0,         0,   0.034,pymatching,acd7e92885c6a4166f58f4411d2d7f1b77bde277a9bd5c98055a76611813b924,"{""d"":9,""model"":""phenomenological"",""p"":0.013}",
      9216,         1,         0,   0.027,pymatching,188ca1ce397017a5ad1d1e345daf924e6f5d2ee6c3beaadb4f002a574dc22ba8,"{""d"":7,""model"":""measurement"",""p"":0.013}",
      2048,         0,         0,   0.033,pymatching,b472c728ad4d530b896c209c587c8d35286cd7af1000ab881e02edca7db1d327,"{""d"":9,""model"":""phenomenological"",""p"":0.01}",
     14336,         0,         0,   0.029,pymatching,769b0381ba69a0542c9985f90da82846fd031e8eb69e3de4a1cce452c519a17f,"{""d"":7,""model"":""measurement"",""p"":0.005}",
     11264,         2,         0,   0.029,pymatching,586f9f9e4edf15d86c032507ab490a443e4976c49adfd4546d9fd533639467ef,"{""d"":7,""model"":""measurement"",""p"":0.01}",
     11264,         0,         0,   0.029,pymatching,586f9f9e4edf15d86c032507ab490a443e4976c49adfd4546d9fd533639467ef,"{""d"":7,""model"":""measurement"",""p"":0.01}",
     15360,         0,         0,   0.040,pymatching,188ca1ce397017a5ad1d1e345daf924e6f5d2ee6c3beaadb4f002a574dc22ba8,"{""d"":7,""model"":""measurement"",""p"":0.013}",
      8192,         0,         0,   0.040,pymatching,f8b16c1db98fb154e268a37dcebc8c5eacbd03993daab091f051fc9a559c4e8e,"{""d"":9,""model"":""measurement"",""p"":0.01}",
      7168,         0,         0,   0.030,pymatching,d8cc9c2aa429a5713ed477b1939a2eff819cd7386a3ff93fdca7863794e89a3c,"{""d"":9,""model"":""measurement"",""p"":0.005}",
      3072,         1,         0,   0.034,pymatching,acd7e92885c6a4166f58f4411d2d7f1b77bde277a9bd5c98055a76611813b924,"{""d"":9,""model"":""phenomenological"",""p"":0.013}",
      4096,         0,         0,   0.025,pymatching,8407028e38ab80c5f461f56566276bae40a0814bc899a34e1aaa9345eb22cef3,"{""d"":9,""model"":""measurement"",""p"":0.013}",
     15360,         0,         0,   0.040,pymatching,75d3d4cd8b93c1e72262291e14d5974ff0fb81a218c070e38339f320ad2b4d1d,"{""d"":7,""model"":""phenomenological"",""p"":0.005}",
      5120,         0,         0,   0.031,pymatching,8407028e38ab80c5f461f56566276bae40a0814bc899a34e1aaa9345eb22cef3,"{""d"":9,""model"":""measurement"",""p"":0.013}",
     14336,         0,         0,   0.038,pymatching,75d3d4cd8b93c1e72262291e14d5974ff0fb81a218c070e38339f320ad2b4d1d,"{""d"":7,""model"":""phenomenological"",""p"":0.005}",
     14336,         0,         0,   0.029,pymatching,769b0381ba69a0542c9985f90da82846fd031e8eb69e3de4a1cce452c519a17f,"{""d"":7,""model"":""measurement"",""p"":0.005}",
     10240,         0,         0,   0.038,pymatching,d8cc9c2aa429a5713ed477b1939a2eff819cd7386a3ff93fdca7863794e89a3c,"{""d"":9,""model"":""measurement"",""p"":0.005}",
     15360,         1,         0,   0.040,pymatching,75d3d4cd8b93c1e72262291e14d5974ff0fb81a218c070e38339f320ad2b4d1d,"{""d"":7,""model"":""phenomenological"",""p"":0.005}",
      8192,         0,         0,   0.039,pymatching,f8b16c1db98fb154e268a37dcebc8c5eacbd03993daab091f051fc9a559c4e8e,"{""d"":9,""model"":""measurement"",""p"":0.01}",
      9216,         1,         0,   0.027,pymatching,188ca1ce397017a5ad1d1e345daf924e6f5d2ee6c3beaadb4f002a574dc22ba8,"{""d"":7,""model"":""measurement"",""p"":0.013}",
      7168,         0,         0,   0.040,pymatching,1938eb02fa174e4398af57ea22b7b299d6e80e0682a4886085d64e26cc5d8b28,"{""d"":9,""model"":""phenomenological"",""p"":0.005}",
      7168,         0,         0,   0.040,pymatching,8407028e38ab80c5f461f56566276bae40a0814bc899a34e1aaa9345eb22cef3,"{""d"":9,""model"":""measurement"",""p"":0.013}",
     19456,         0,         0,   0.039,pymatching,769b0381ba69a0542c9985f90da82846fd031e8eb69e3de4a1cce452c519a17f,"{""d"":7,""model"":""measurement"",""p"":0.005}",
      7168,         0,         0,   0.030,pymatching,d8cc9c2aa429a5713ed477b1939a2eff819cd7386a3ff93fdca7863794e89a3c,"{""d"":9,""model"":""measurement"",""p"":0.005}",
     10240,         0,         0,   0.029,pymatching,586f9f9e4edf15d86c032507ab490a443e4976c49adfd4546d9fd533639467ef,"{""d"":7,""model"":""measurement"",""p"":0.01}",
     11264,         0,         0,   0.029,pymatching,586f9f9e4edf15d86c032507ab490a443e4976c49adfd4546d9fd533639467ef,"{""d"":7,""model"":""measurement"",""p"":0.01}",
      7168,         0,         0,   0.043,pymatching,86b3858361a196bf75ce5c91e577522977558d7accbb131be9c1cd69c3ad677c,"{""d"":9,""model"":""measurement"",""p"":0.015}",
      4096,         0,         0,   0.031,pymatching,86b3858361a196bf75ce5c91e577522977558d7accbb131be9c1cd69c3ad677c,"{""d"":9,""model"":""measurement"",""p"":0.015}",
      7168,         1,         0,   0.043,pymatching,86b3858361a196bf75ce5c91e577522977558d7accbb131be9c1cd69c3ad677c,"{""d"":9,""model"":""measurement"",""p"":0.015}",
     11264,         1,         0,   0.029,pymatching,586f9f9e4edf15d86c032507ab490a443e4976c49adfd4546d9fd533639467ef,"{""d"":7,""model"":""measurement"",""p"":0.01}",
      5120,         0,         0,   0.046,pymatching,b472c728ad4d530b896c209c587c8d35286cd7af1000ab881e02edca7db1d327,"{""d"":9,""model"":""phenomenological"",""p"":0.01}",
      5120,         0,         0,   0.027,pymatching,f8b16c1db98fb154e268a37dcebc8c5eacbd03993daab091f051fc9a559c4e8e,"{""d"":9,""model"":""measurement"",""p"":0.01}",
      7168,         0,         0,   0.030,pymatching,d8cc9c2aa429a5713ed477b1939a2eff819cd7386a3ff93fdca7863794e89a3c,"{""d"":9,""model"":""measurement"",""p"":0.005}",
      7168,         0,         0,   0.040,pymatching,1938eb02fa174e4398af57ea22b7b299d6e80e0682a4886085d64e26cc5d8b28,"{""d"":9,""model"":""phenomenological"",""p"":0.005}",
      7168,         0,         0,   0.040,pymatching,1938eb02fa174e4398af57ea22b7b299d6e80e0682a4886085d64e26cc5d8b28,"{""d"":9,""model"":""phenomenological"",""p"":0.005}",
      7168,         0,         0,   0.030,pymatching,d8cc9c2aa429a5713ed477b1939a2eff819cd7386a3ff93fdca7863794e89a3c,"{""d"":9,""model"":""measurement"",""p"":0.005}",
      7168,         0,         0,   0.043,pymatching,86b3858361a196bf75ce5c91e577522977558d7accbb131be9c1cd69c3ad677c,"{""d"":9,""model"":""measurement"",""p"":0.015}",
      7168,         0,         0,   0.041,pymatching,1938eb02fa174e4398af57ea22b7b299d6e80e0682a4886085d64e26cc5d8b28,"{""d"":9,""model"":""phenomenological"",""p"":0.005}",
      5120,         1,         0,   0.046,pymatching,b472c728ad4d530b896c209c587c8d35286cd7af1000ab881e02edca7db1d327,"{""d"":9,""model"":""phenomenological"",""p"":0.01}",
     13312,         3,         0,   0.039,pymatching,188ca1ce397017a5ad1d1e345daf924e6f5d2ee6c3beaadb4f002a574dc22ba8,"{""d"":7,""model"":""measurement"",""p"":0.013}",
      7168,         0,         0,   0.039,pymatching,f8b16c1db98fb154e268a37dcebc8c5eacbd03993daab091f051fc9a559c4e8e,"{""d"":9,""model"":""measurement"",""p"":0.01}",
      5120,         1,         0,   0.046,pymatching,b472c728ad4d530b896c209c587c8d35286cd7af1000ab881e02edca7db1d327,"{""d"":9,""model"":""phenomenological"",""p"":0.01}",
     13312,         0,         0,   0.039,pymatching,75d3d4cd8b93c1e72262291e14d5974ff0fb81a218c070e38339f320ad2b4d1d,"{""d"":7,""model"":""phenomenological"",""p"":0.005}",
     19456,         0,         0,   0.039,pymatching,769b0381ba69a0542c9985f90da82846fd031e8eb69e3de4a1cce452c519a17f,"{""d"":7,""model"":""measurement"",""p"":0.005}",
      4096,         2,         0,   0.046,pymatching,acd7e92885c6a4166f58f4411d2d7f1b77bde277a9bd5c98055a76611813b924,"{""d"":9,""model"":""phenomenological"",""p"":0.013}",
     19456,         0,         0,   0.039,pymatching,769b0381ba69a0542c9985f90da82846fd031e8eb69e3de4a1cce452c519a17f,"{""d"":7,""model"":""measurement"",""p"":0.005}",
     12288,         1,         0,   0.040,pymatching,188ca1ce397017a5ad1d1e345daf924e6f5d2ee6c3beaadb4f002a574dc22ba8,"{""d"":7,""model"":""measurement"",""p"":0.013}",
      5120,         0,         0,   0.032,pymatching,8407028e38ab80c5f461f56566276bae40a0814bc899a34e1aaa9345eb22cef3,"{""d"":9,""model"":""measurement"",""p"":0.013}",
     19456,         0,         0,   0.038,pymatching,769b0381ba69a0542c9985f90da82846fd031e8eb69e3de4a1cce452c519a17f,"{""d"":7,""model"":""measurement"",""p"":0.005}",
     13312,         3,         0,   0.040,pymatching,188ca1ce397017a5ad1d1e345daf924e6f5d2ee6c3beaadb4f002a574dc22ba8,"{""d"":7,""model"":""measurement"",""p"":0.013}",
     15360,         2,         0,   0.039,pymatching,586f9f9e4edf15d86c032507ab490a443e4976c49adfd4546d9fd533639467ef,"{""d"":7,""model"":""measurement"",""p"":0.01}",
      4096,         2,         0,   0.049,pymatching,acd7e92885c6a4166f58f4411d2d7f1b77bde277a9bd5c98055a76611813b924,"{""d"":9,""model"":""phenomenological"",""p"":0.013}",
     15360,         1,         0,   0.040,pymatching,586f9f9e4edf15d86c032507ab490a443e4976c49adfd4546d9fd533639467ef,"{""d"":7,""model"":""measurement"",""p"":0.01}",
      9216,         0,         0,   0.039,pymatching,d8cc9c2aa429a5713ed477b1939a2eff819cd7386a3ff93fdca7863794e89a3c,"{""d"":9,""model"":""measurement"",""p"":0.005}",
      3072,         0,         0,   0.044,pymatching,b472c728ad4d530b896c209c587c8d35286cd7af1000ab881e02edca7db1d327,"{""d"":9,""model"":""phenomenological"",""p"":0.01}",
      4096,         1,         0,   0.046,pymatching,acd7e92885c6a4166f58f4411d2d7f1b77bde277a9bd5c98055a76611813b924,"{""d"":9,""model"":""phenomenological"",""p"":0.013}",
     19456,         0,         0,   0.039,pymatching,769b0381ba69a0542c9985f90da82846fd031e8eb69e3de4a1cce452c519a17f,"{""d"":7,""model"":""measurement"",""p"":0.005}",
     10240,         0,         0,   0.056,pymatching,8407028e38ab80c5f461f56566276bae40a0814bc899a34e1aaa9345eb22cef3,"{""d"":9,""model"":""measurement"",""p"":0.013}",
      7168,         0,         0,   0.044,pymatching,8407028e38ab80c5f461f56566276bae40a0814bc899a34e1aaa9345eb22cef3,"{""d"":9,""model"":""measurement"",""p"":0.013}",
     13312,         3,         0,   0.039,pymatching,188ca1ce397017a5ad1d1e345daf924e6f5d2ee6c3beaadb4f002a574dc22ba8,"{""d"":7,""model"":""measurement"",""p"":0.013}",
      4096,         1,         0,   0.049,pymatching,acd7e92885c6a4166f58f4411d2d7f1b77bde277a9bd5c98055a76611813b924,"{""d"":9,""model"":""phenomenological"",""p"":0.013}",
      9216,         0,         0,   0.039,pymatching,d8cc9c2aa429a5713ed477b1939a2eff819cd7386a3ff93fdca7863794e89a3c,"{""d"":9,""model"":""measurement"",""p"":0.005}",
     13312,         0,         0,   0.038,pymatching,586f9f9e4edf15d86c032507ab490a443e4976c49adfd4546d9fd533639467ef,"{""d"":7,""model"":""measurement"",""p"":0.01}",
     20480,         0,         0,   0.054,pymatching,188ca1ce397017a5ad1d1e345daf924e6f5d2ee6c3beaadb4f002a574dc22ba8,"{""d"":7,""model"":""measurement"",""p"":0.013}",
     14336,         0,         0,   0.040,pymatching,586f9f9e4edf15d86c032507ab490a443e4976c49adfd4546d9fd533639467ef,"{""d"":7,""model"":""measurement"",""p"":0.01}",
     11264,         0,         0,   0.055,pymatching,f8b16c1db98fb154e268a37dcebc8c5eacbd03993daab091f051fc9a559c4e8e,"{""d"":9,""model"":""measurement"",""p"":0.01}",
     20480,         1,         0,   0.054,pymatching,75d3d4cd8b93c1e72262291e14d5974ff0fb81a218c070e38339f320ad2b4d1d,"{""d"":7,""model"":""phenomenological"",""p"":0.005}",
     20480,         0,         0,   0.054,pymatching,75d3d4cd8b93c1e72262291e14d5974ff0fb81a218c070e38339f320ad2b4d1d,"{""d"":7,""model"":""phenomenological"",""p"":0.005}",
     15360,         0,         0,   0.039,pymatching,586f9f9e4edf15d86c032507ab490a443e4976c49adfd4546d9fd533639467ef,"{""d"":7,""model"":""measurement"",""p"":0.01}",
      7168,         0,         0,   0.039,pymatching,f8b16c1db98fb154e268a37dcebc8c5eacbd03993daab091f051fc9a559c4e8e,"{""d"":9,""model"":""measurement"",""p"":0.01}",
      6144,         0,         0,   0.041,pymatching,86b3858361a196bf75ce5c91e577522977558d7accbb131be9c1cd69c3ad677c,"{""d"":9,""model"":""measurement"",""p"":0.015}",
      8192,         0,         0,   0.039,pymatching,d8cc9c2aa429a5713ed477b1939a2eff819cd7386a3ff93fdca7863794e89a3c,"{""d"":9,""model"":""measurement"",""p"":0.005}",
      9216,         0,         0,   0.039,pymatching,d8cc9c2aa429a5713ed477b1939a2eff819cd7386a3ff93fdca7863794e89a3c,"{""d"":9,""model"":""measurement"",""p"":0.005}",
     11264,         0,         0,   0.054,pymatching,f8b16c1db98fb154e268a37dcebc8c5eacbd03993daab091f051fc9a559c4e8e,"{""d"":9,""model"":""measurement"",""p"":0.01}",
     20480,         0,         0,   0.054,pymatching,75d3d4cd8b93c1e72262291e14d5974ff0fb81a218c070e38339f320ad2b4d1d,"{""d"":7,""model"":""phenomenological"",""p"":0.005}",
     15360,         0,         0,   0.057,pymatching,d8cc9c2aa429a5713ed477b1939a2eff819cd7386a3ff93fdca7863794e89a3c,"{""d"":9,""model"":""measurement"",""p"":0.005}",
     26624,         0,         0,   0.053,pymatching,769b0381ba69a0542c9985f90da82846fd031e8eb69e3de4a1cce452c519a17f,"{""d"":7,""model"":""measurement"",""p"":0.005}",
     10240,         0,         0,   0.057,pymatching,8407028e38ab80c5f461f56566276bae40a0814bc899a34e1aaa9345eb22cef3,"{""d"":9,""model"":""measurement"",""p"":0.013}",
     10240,         0,         0,   0.059,pymatching,1938eb02fa174e4398af57ea22b7b299d6e80e0682a4886085d64e26cc5d8b28,"{""d"":9,""model"":""phenomenological"",""p"":0.005}",
      9216,         1,         0,   0.055,pymatching,86b3858361a196bf75ce5c91e577522977558d7accbb131be9c1cd69c3ad677c,"{""d"":9,""model"":""measurement"",""p"":0.015}",
      9216,         0,         0,   0.055,pymatching,86b3858361a196bf75ce5c91e577522977558d7accbb131be9c1cd69c3ad677c,"{""d"":9,""model"":""measurement"",""p"":0.015}",
      6144,         0,         0,   0.055,pymatching,b472c728ad4d530b896c209c587c8d35286cd7af1000ab881e02edca7db1d327,"{""d"":9,""model"":""phenomenological"",""p"":0.01}",
      9216,         2,         0,   0.055,pymatching,86b3858361a196bf75ce5c91e577522977558d7accbb131be9c1cd69c3ad677c,"{""d"":9,""model"":""measurement"",""p"":0.015}",
     10240,         0,         0,   0.057,pymatching,1938eb02fa174e4398af57ea22b7b299d6e80e0682a4886085d64e26cc5d8b28,"{""d"":9,""model"":""phenomenological"",""p"":0.005}",
     10240,         0,         0,   0.058,pymatching,1938eb02fa174e4398af57ea22b7b299d6e80e0682a4886085d64e26cc5d8b28,"{""d"":9,""model"":""phenomenological"",""p"":0.005}",
      7168,         0,         0,   0.044,pymatching,8407028e38ab80c5f461f56566276bae40a0814bc899a34e1aaa9345eb22cef3,"{""d"":9,""model"":""measurement"",""p"":0.013}",
      6144,         0,         0,   0.055,pymatching,b472c728ad4d530b896c209c587c8d35286cd7af1000ab881e02edca7db1d327,"{""d"":9,""model"":""phenomenological"",""p"":0.01}",
     10240,         0,         0,   0.057,pymatching,1938eb02fa174e4398af57ea22b7b299d6e80e0682a4886085d64e26cc5d8b28,"{""d"":9,""model"":""phenomenological"",""p"":0.005}",
     18432,         3,         0,   0.054,pymatching,188ca1ce397017a5ad1d1e345daf924e6f5d2ee6c3beaadb4f002a574dc22ba8,"{""d"":7,""model"":""measurement"",""p"":0.013}",
     10240,         0,         0,   0.055,pymatching,f8b16c1db98fb154e268a37dcebc8c5eacbd03993daab091f051fc9a559c4e8e,"{""d"":9,""model"":""measurement"",""p"":0.01}",
      6144,         0,         0,   0.055,pymatching,b472c728ad4d530b896c209c587c8d35286cd7af1000ab881e02edca7db1d327,"{""d"":9,""model"":""phenomenological"",""p"":0.01}",
     18432,         0,         0,   0.054,pymatching,75d3d4cd8b93c1e72262291e14d5974ff0fb81a218c070e38339f320ad2b4d1d,"{""d"":7,""model"":""phenomenological"",""p"":0.005}",
     26624,         0,         0,   0.053,pymatching,769b0381ba69a0542c9985f90da82846fd031e8eb69e3de4a1cce452c519a17f,"{""d"":7,""model"":""measurement"",""p"":0.005}",
     26624,         0,         0,   0.053,pymatching,769b0381ba69a0542c9985f90da82846fd031e8eb69e3de4a1cce452c519a17f,"{""d"":7,""model"":""measurement"",""p"":0.005}",
     18432,         2,         0,   0.054,pymatching,188ca1ce397017a5ad1d1e345daf924e6f5d2ee6c3beaadb4f002a574dc22ba8,"{""d"":7,""model"":""measurement"",""p"":0.013}",
     26624,         0,         0,   0.053,pymatching,769b0381ba69a0542c9985f90da82846fd031e8eb69e3de4a1cce452c519a17f,"{""d"":7,""model"":""measurement"",""p"":0.005}",
      5120,         2,         0,   0.057,pymatching,acd7e92885c6a4166f58f4411d2d7f1b77bde277a9bd5c98055a76611813b924,"{""d"":9,""model"":""phenomenological"",""p"":0.013}",
     18432,         1,         0,   0.055,pymatching,188ca1ce397017a5ad1d1e345daf924e6f5d2ee6c3beaadb4f002a574dc22ba8,"{""d"":7,""model"":""measurement"",""p"":0.013}",
     20480,         0,         0,   0.052,pymatching,586f9f9e4edf15d86c032507ab490a443e4976c49adfd4546d9fd533639467ef,"{""d"":7,""model"":""measurement"",""p"":0.01}",
     21504,         0,         0,   0.055,pymatching,586f9f9e4edf15d86c032507ab490a443e4976c49adfd4546d9fd533639467ef,"{""d"":7,""model"":""measurement"",""p"":0.01}",
     13312,         0,         0,   0.056,pymatching,d8cc9c2aa429a5713ed477b1939a2eff819cd7386a3ff93fdca7863794e89a3c,"{""d"":9,""model"":""measurement"",""p"":0.005}",
      6144,         1,         0,   0.057,pymatching,b472c728ad4d530b896c209c587c8d35286cd7af1000ab881e02edca7db1d327,"{""d"":9,""model"":""phenomenological"",""p"":0.01}",
     26624,         0,         0,   0.053,pymatching,769b0381ba69a0542c9985f90da82846fd031e8eb69e3de4a1cce452c519a17f,"{""d"":7,""model"":""measurement"",""p"":0.005}",
      5120,         2,         0,   0.060,pymatching,acd7e92885c6a4166f58f4411d2d7f1b77bde277a9bd5c98055a76611813b924,"{""d"":9,""model"":""phenomenological"",""p"":0.013}",
      5120,         4,         0,   0.058,pymatching,acd7e92885c6a4166f58f4411d2d7f1b77bde277a9bd5c98055a76611813b924,"{""d"":9,""model"":""phenomenological"",""p"":0.013}",
     18432,         2,         0,   0.054,pymatching,188ca1ce397017a5ad1d1e345daf924e6f5d2ee6c3beaadb4f002a574dc22ba8,"{""d"":7,""model"":""measurement"",""p"":0.013}",
      5120,         1,         0,   0.015,pymatching,188ca1ce397017a5ad1d1e345daf924e6f5d2ee6c3beaadb4f002a574dc22ba8,"{""d"":7,""model"":""measurement"",""p"":0.013}",
      9216,         2,         0,   0.057,pymatching,8407028e38ab80c5f461f56566276bae40a0814bc899a34e1aaa9345eb22cef3,"{""d"":9,""model"":""measurement"",""p"":0.013}",
     19456,         1,         0,   0.051,pymatching,188ca1ce397017a5ad1d1e345daf924e6f5d2ee6c3beaadb4f002a574dc22ba8,"{""d"":7,""model"":""measurement"",""p"":0.013}",
      4096,         1,         0,   0.012,pymatching,188ca1ce397017a5ad1d1e345daf924e6f5d2ee6c3beaadb4f002a574dc22ba8,"{""d"":7,""model"":""measurement"",""p"":0.013}",
      8192,         0,         0,   0.024,pymatching,188ca1ce397017a5ad1d1e345daf924e6f5d2ee6c3beaadb4f002a574dc22ba8,"{""d"":7,""model"":""measurement"",""p"":0.013}",
     18432,         1,         0,   0.053,pymatching,586f9f9e4edf15d86c032507ab490a443e4976c49adfd4546d9fd533639467ef,"{""d"":7,""model"":""measurement"",""p"":0.01}",
      1024,         1,         0,   0.003,pymatching,188ca1ce397017a5ad1d1e345daf924e6f5d2ee6c3beaadb4f002a574dc22ba8,"{""d"":7,""model"":""measurement"",""p"":0.013}",
      5120,         2,         0,   0.057,pymatching,acd7e92885c6a4166f58f4411d2d7f1b77bde277a9bd5c98055a76611813b924,"{""d"":9,""model"":""phenomenological"",""p"":0.013}",
     13312,         0,         0,   0.056,pymatching,d8cc9c2aa429a5713ed477b1939a2eff819cd7386a3ff93fdca7863794e89a3c,"{""d"":9,""model"":""measurement"",""p"":0.005}",
     20480,         0,         0,   0.053,pymatching,586f9f9e4edf15d86c032507ab490a443e4976c49adfd4546d9fd533639467ef,"{""d"":7,""model"":""measurement"",""p"":0.01}",
     20480,         0,         0,   0.053,pymatching,586f9f9e4edf15d86c032507ab490a443e4976c49adfd4546d9fd533639467ef,"{""d"":7,""model"":""measurement"",""p"":0.01}",
      8192,         0,         0,   0.055,pymatching,86b3858361a196bf75ce5c91e577522977558d7accbb131be9c1cd69c3ad677c,"{""d"":9,""model"":""measurement"",""p"":0.015}",
      9216,         0,         0,   0.055,pymatching,f8b16c1db98fb154e268a37dcebc8c5eacbd03993daab091f051fc9a559c4e8e,"{""d"":9,""model"":""measurement"",""p"":0.01}",
     13312,         0,         0,   0.055,pymatching,d8cc9c2aa429a5713ed477b1939a2eff819cd7386a3ff93fdca7863794e89a3c,"{""d"":9,""model"":""measurement"",""p"":0.005}",
     13312,         0,         0,   0.057,pymatching,d8cc9c2aa429a5713ed477b1939a2eff819cd7386a3ff93fdca7863794e89a3c,"{""d"":9,""model"":""measurement"",""p"":0.005}",
     14336,         0,         0,   0.079,pymatching,8407028e38ab80c5f461f56566276bae40a0814bc899a34e1aaa9345eb22cef3,"{""d"":9,""model"":""measurement"",""p"":0.013}",
      1297,         0,         0,   0.011,pymatching,8407028e38ab80c5f461f56566276bae40a0814bc899a34e1aaa9345eb22cef3,"{""d"":9,""model"":""measurement"",""p"":0.013}",
      1297,         0,         0,   0.010,pymatching,86b3858361a196bf75ce5c91e577522977558d7accbb131be9c1cd69c3ad677c,"{""d"":9,""model"":""measurement"",""p"":0.015}",
      4369,         0,         0,   0.012,pymatching,75d3d4cd8b93c1e72262291e14d5974ff0fb81a218c070e38339f320ad2b4d1d,"{""d"":7,""model"":""phenomenological"",""p"":0.005}",
     28672,         1,         0,   0.075,pymatching,75d3d4cd8b93c1e72262291e14d5974ff0fb81a218c070e38339f320ad2b4d1d,"{""d"":7,""model"":""phenomenological"",""p"":0.005}",
      1297,         0,         0,   0.010,pymatching,1938eb02fa174e4398af57ea22b7b299d6e80e0682a4886085d64e26cc5d8b28,"{""d"":9,""model"":""phenomenological"",""p"":0.005}",
     28672,         1,         0,   0.076,pymatching,75d3d4cd8b93c1e72262291e14d5974ff0fb81a218c070e38339f320ad2b4d1d,"{""d"":7,""model"":""phenomenological"",""p"":0.005}",
     17408,         0,         0,   0.078,pymatching,f8b16c1db98fb154e268a37dcebc8c5eacbd03993daab091f051fc9a559c4e8e,"{""d"":9,""model"":""measurement"",""p"":0.01}",
      2321,         0,         0,   0.014,pymatching,f8b16c1db98fb154e268a37dcebc8c5eacbd03993daab091f051fc9a559c4e8e,"{""d"":9,""model"":""measurement"",""p"":0.01}",
      9216,         0,         0,   0.057,pymatching,8407028e38ab80c5f461f56566276bae40a0814bc899a34e1aaa9345eb22cef3,"{""d"":9,""model"":""measurement"",""p"":0.013}",
     28672,         2,         0,   0.075,pymatching,75d3d4cd8b93c1e72262291e14d5974ff0fb81a218c070e38339f320ad2b4d1d,"{""d"":7,""model"":""phenomenological"",""p"":0.005}",
     20480,         0,         0,   0.076,pymatching,d8cc9c2aa429a5713ed477b1939a2eff819cd7386a3ff93fdca7863794e89a3c,"{""d"":9,""model"":""measurement"",""p"":0.005}",
     16384,         0,         0,   0.079,pymatching,f8b16c1db98fb154e268a37dcebc8c5eacbd03993daab091f051fc9a559c4e8e,"{""d"":9,""model"":""measurement"",""p"":0.01}",
     39936,         0,         0,   0.074,pymatching,769b0381ba69a0542c9985f90da82846fd031e8eb69e3de4a1cce452c519a17f,"{""d"":7,""model"":""measurement"",""p"":0.005}",
      2048,         0,         0,   0.014,pymatching,86b3858361a196bf75ce5c91e577522977558d7accbb131be9c1cd69c3ad677c,"{""d"":9,""model"":""measurement"",""p"":0.015}",
      5120,         0,         0,   0.013,pymatching,75d3d4cd8b93c1e72262291e14d5974ff0fb81a218c070e38339f320ad2b4d1d,"{""d"":7,""model"":""phenomenological"",""p"":0.005}",
     14336,         0,         0,   0.079,pymatching,8407028e38ab80c5f461f56566276bae40a0814bc899a34e1aaa9345eb22cef3,"{""d"":9,""model"":""measurement"",""p"":0.013}",
     14336,         0,         0,   0.080,pymatching,1938eb02fa174e4398af57ea22b7b299d6e80e0682a4886085d64e26cc5d8b28,"{""d"":9,""model"":""phenomenological"",""p"":0.005}",
      3072,         0,         0,   0.019,pymatching,8407028e38ab80c5f461f56566276bae40a0814bc899a34e1aaa9345eb22cef3,"{""d"":9,""model"":""measurement"",""p"":0.013}",
     13312,         1,         0,   0.080,pymatching,86b3858361a196bf75ce5c91e577522977558d7accbb131be9c1cd69c3ad677c,"{""d"":9,""model"":""measurement"",""p"":0.015}",
     13312,         0,         0,   0.079,pymatching,86b3858361a196bf75ce5c91e577522977558d7accbb131be9c1cd69c3ad677c,"{""d"":9,""model"":""measurement"",""p"":0.015}",
      3072,         0,         0,   0.017,pymatching,f8b16c1db98fb154e268a37dcebc8c5eacbd03993daab091f051fc9a559c4e8e,"{""d"":9,""model"":""measurement"",""p"":0.01}",
      3072,         0,         0,   0.020,pymatching,1938eb02fa174e4398af57ea22b7b299d6e80e0682a4886085d64e26cc5d8b28,"{""d"":9,""model"":""phenomenological"",""p"":0.005}",
     13312,         0,         0,   0.075,pymatching,1938eb02fa174e4398af57ea22b7b299d6e80e0682a4886085d64e26cc5d8b28,"{""d"":9,""model"":""phenomenological"",""p"":0.005}",
     13312,         0,         0,   0.076,pymatching,1938eb02fa174e4398af57ea22b7b299d6e80e0682a4886085d64e26cc5d8b28,"{""d"":9,""model"":""phenomenological"",""p"":0.005}",
     13312,         1,         0,   0.079,pymatching,86b3858361a196bf75ce5c91e577522977558d7accbb131be9c1cd69c3ad677c,"{""d"":9,""model"":""measurement"",""p"":0.015}",
     13312,         1,         0,   0.075,pymatching,1938eb02fa174e4398af57ea22b7b299d6e80e0682a4886085d64e26cc5d8b28,"{""d"":9,""model"":""phenomenological"",""p"":0.005}",
      9216,         0,         0,   0.083,pymatching,b472c728ad4d530b896c209c587c8d35286cd7af1000ab881e02edca7db1d327,"{""d"":9,""model"":""phenomenological"",""p"":0.01}",
     36864,         0,         0,   0.073,pymatching,769b0381ba69a0542c9985f90da82846fd031e8eb69e3de4a1cce452c519a17f,"{""d"":7,""model"":""measurement"",""p"":0.005}",
     25600,         1,         0,   0.074,pymatching,75d3d4cd8b93c1e72262291e14d5974ff0fb81a218c070e38339f320ad2b4d1d,"{""d"":7,""model"":""phenomenological"",""p"":0.005}",
     15360,         1,         0,   0.077,pymatching,f8b16c1db98fb154e268a37dcebc8c5eacbd03993daab091f051fc9a559c4e8e,"{""d"":9,""model"":""measurement"",""p"":0.01}",
      9216,         1,         0,   0.083,pymatching,b472c728ad4d530b896c209c587c8d35286cd7af1000ab881e02edca7db1d327,"{""d"":9,""model"":""phenomenological"",""p"":0.01}",
     39936,         1,         0,   0.075,pymatching,769b0381ba69a0542c9985f90da82846fd031e8eb69e3de4a1cce452c519a17f,"{""d"":7,""model"":""measurement"",""p"":0.005}",
     36864,         0,         0,   0.074,pymatching,769b0381ba69a0542c9985f90da82846fd031e8eb69e3de4a1cce452c519a17f,"{""d"":7,""model"":""measurement"",""p"":0.005}",
      7168,         0,         0,   0.019,pymatching,75d3d4cd8b93c1e72262291e14d5974ff0fb81a218c070e38339f320ad2b4d1d,"{""d"":7,""model"":""phenomenological"",""p"":0.005}",
      3072,         0,         0,   0.021,pymatching,86b3858361a196bf75ce5c91e577522977558d7accbb131be9c1cd69c3ad677c,"{""d"":9,""model"":""measurement"",""p"":0.015}",
      3072,         0,         0,   0.019,pymatching,8407028e38ab80c5f461f56566276bae40a0814bc899a34e1aaa9345eb22cef3,"{""d"":9,""model"":""measurement"",""p"":0.013}",
     29696,         1,         0,   0.076,pymatching,586f9f9e4edf15d86c032507ab490a443e4976c49adfd4546d9fd533639467ef,"{""d"":7,""model"":""measurement"",""p"":0.01}",
      9216,         1,         0,   0.085,pymatching,b472c728ad4d530b896c209c587c8d35286cd7af1000ab881e02edca7db1d327,"{""d"":9,""model"":""phenomenological"",""p"":0.01}",
      7168,         5,         0,   0.080,pymatching,acd7e92885c6a4166f58f4411d2d7f1b77bde277a9bd5c98055a76611813b924,"{""d"":9,""model"":""phenomenological"",""p"":0.013}",
     29696,         2,         0,   0.076,pymatching,586f9f9e4edf15d86c032507ab490a443e4976c49adfd4546d9fd533639467ef,"{""d"":7,""model"":""measurement"",""p"":0.01}",
      3072,         0,         0,   0.019,pymatching,1938eb02fa174e4398af57ea22b7b299d6e80e0682a4886085d64e26cc5d8b28,"{""d"":9,""model"":""phenomenological"",""p"":0.005}",
     18432,         0,         0,   0.077,pymatching,d8cc9c2aa429a5713ed477b1939a2eff819cd7386a3ff93fdca7863794e89a3c,"{""d"":9,""model"":""measurement"",""p"":0.005}",
     40960,         0,         0,   0.075,pymatching,769b0381ba69a0542c9985f90da82846fd031e8eb69e3de4a1cce452c519a17f,"{""d"":7,""model"":""measurement"",""p"":0.005}",
      4096,         0,         0,   0.022,pymatching,f8b16c1db98fb154e268a37dcebc8c5eacbd03993daab091f051fc9a559c4e8e,"{""d"":9,""model"":""measurement"",""p"":0.01}",
     12288,         1,         0,   0.075,pymatching,8407028e38ab80c5f461f56566276bae40a0814bc899a34e1aaa9345eb22cef3,"{""d"":9,""model"":""measurement"",""p"":0.013}",
      9216,         0,         0,   0.083,pymatching,b472c728ad4d530b896c209c587c8d35286cd7af1000ab881e02edca7db1d327,"{""d"":9,""model"":""phenomenological"",""p"":0.01}",
      7168,         4,         0,   0.082,pymatching,acd7e92885c6a4166f58f4411d2d7f1b77bde277a9bd5c98055a76611813b924,"{""d"":9,""model"":""phenomenological"",""p"":0.013}",
      7168,         4,         0,   0.082,pymatching,acd7e92885c6a4166f58f4411d2d7f1b77bde277a9bd5c98055a76611813b924,"{""d"":9,""model"":""phenomenological"",""p"":0.013}",
     26624,         1,         0,   0.076,pymatching,586f9f9e4edf15d86c032507ab490a443e4976c49adfd4546d9fd533639467ef,"{""d"":7,""model"":""measurement"",""p"":0.01}",
     28672,         0,         0,   0.075,pymatching,586f9f9e4edf15d86c032507ab490a443e4976c49adfd4546d9fd533639467ef,"{""d"":7,""model"":""measurement"",""p"":0.01}",
     18432,         0,         0,   0.077,pymatching,d8cc9c2aa429a5713ed477b1939a2eff819cd7386a3ff93fdca7863794e89a3c,"{""d"":9,""model"":""measurement"",""p"":0.005}",
     28672,         0,         0,   0.074,pymatching,586f9f9e4edf15d86c032507ab490a443e4976c49adfd4546d9fd533639467ef,"{""d"":7,""model"":""measurement"",""p"":0.01}",
      7168,         9,         0,   0.080,pymatching,acd7e92885c6a4166f58f4411d2d7f1b77bde277a9bd5c98055a76611813b924,"{""d"":9,""model"":""phenomenological"",""p"":0.013}",
     13312,         0,         0,   0.075,pymatching,f8b16c1db98fb154e268a37dcebc8c5eacbd03993daab091f051fc9a559c4e8e,"{""d"":9,""model"":""measurement"",""p"":0.01}",
     11264,         0,         0,   0.075,pymatching,86b3858361a196bf75ce5c91e577522977558d7accbb131be9c1cd69c3ad677c,"{""d"":9,""model"":""measurement"",""p"":0.015}",
     10240,         0,         0,   0.027,pymatching,75d3d4cd8b93c1e72262291e14d5974ff0fb81a218c070e38339f320ad2b4d1d,"{""d"":7,""model"":""phenomenological"",""p"":0.005}",
     18432,         0,         0,   0.078,pymatching,d8cc9c2aa429a5713ed477b1939a2eff819cd7386a3ff93fdca7863794e89a3c,"{""d"":9,""model"":""measurement"",""p"":0.005}",
      4096,         1,         0,   0.027,pymatching,86b3858361a196bf75ce5c91e577522977558d7accbb131be9c1cd69c3ad677c,"{""d"":9,""model"":""measurement"",""p"":0.015}",
     18432,         0,         0,   0.078,pymatching,d8cc9c2aa429a5713ed477b1939a2eff819cd7386a3ff93fdca7863794e89a3c,"{""d"":9,""model"":""measurement"",""p"":0.005}",
      5120,         0,         0,   0.031,pymatching,8407028e38ab80c5f461f56566276bae40a0814bc899a34e1aaa9345eb22cef3,"{""d"":9,""model"":""measurement"",""p"":0.013}",
      5120,         1,         0,   0.028,pymatching,f8b16c1db98fb154e268a37dcebc8c5eacbd03993daab091f051fc9a559c4e8e,"{""d"":9,""model"":""measurement"",""p"":0.01}",
      5120,         0,         0,   0.032,pymatching,1938eb02fa174e4398af57ea22b7b299d6e80e0682a4886085d64e26cc5d8b28,"{""d"":9,""model"":""phenomenological"",""p"":0.005}",
     12288,         0,         0,   0.077,pymatching,8407028e38ab80c5f461f56566276bae40a0814bc899a34e1aaa9345eb22cef3,"{""d"":9,""model"":""measurement"",""p"":0.013}",
     14336,         1,         0,   0.038,pymatching,75d3d4cd8b93c1e72262291e14d5974ff0fb81a218c070e38339f320ad2b4d1d,"{""d"":7,""model"":""phenomenological"",""p"":0.005}",
     19456,         0,         0,   0.108,pymatching,8407028e38ab80c5f461f56566276bae40a0814bc899a34e1aaa9345eb22cef3,"{""d"":9,""model"":""measurement"",""p"":0.013}",
      6144,         0,         0,   0.041,pymatching,86b3858361a196bf75ce5c91e577522977558d7accbb131be9c1cd69c3ad677c,"{""d"":9,""model"":""measurement"",""p"":0.015}",
     39936,         0,         0,   0.104,pymatching,75d3d4cd8b93c1e72262291e14d5974ff0fb81a218c070e38339f320ad2b4d1d,"{""d"":7,""model"":""phenomenological"",""p"":0.005}",
     21504,         0,         0,   0.104,pymatching,f8b16c1db98fb154e268a37dcebc8c5eacbd03993daab091f051fc9a559c4e8e,"{""d"":9,""model"":""measurement"",""p"":0.01}",
      6144,         1,         0,   0.038,pymatching,8407028e38ab80c5f461f56566276bae40a0814bc899a34e1aaa9345eb22cef3,"{""d"":9,""model"":""measurement"",""p"":0.013}",
     39936,         0,         0,   0.106,pymatching,75d3d4cd8b93c1e72262291e14d5974ff0fb81a218c070e38339f320ad2b4d1d,"{""d"":7,""model"":""phenomenological"",""p"":0.005}",
     39936,         0,         0,   0.105,pymatching,75d3d4cd8b93c1e72262291e14d5974ff0fb81a218c070e38339f320ad2b4d1d,"{""d"":7,""model"":""phenomenological"",""p"":0.005}",
      7168,         0,         0,   0.039,pymatching,f8b16c1db98fb154e268a37dcebc8c5eacbd03993daab091f051fc9a559c4e8e,"{""d"":9,""model"":""measurement"",""p"":0.01}",
      6144,         0,         0,   0.039,pymatching,1938eb02fa174e4398af57ea22b7b299d6e80e0682a4886085d64e26cc5d8b28,"{""d"":9,""model"":""phenomenological"",""p"":0.005}",
     28672,         0,         0,   0.106,pymatching,d8cc9c2aa429a5713ed477b1939a2eff819cd7386a3ff93fdca7863794e89a3c,"{""d"":9,""model"":""measurement"",""p"":0.005}",
     51200,         0,         0,   0.105,pymatching,769b0381ba69a0542c9985f90da82846fd031e8eb69e3de4a1cce452c519a17f,"{""d"":7,""model"":""measurement"",""p"":0.005}",
     22528,         0,         0,   0.108,pymatching,f8b16c1db98fb154e268a37dcebc8c5eacbd03993daab091f051fc9a559c4e8e,"{""d"":9,""model"":""measurement"",""p"":0.01}",
     19456,         0,         0,   0.107,pymatching,8407028e38ab80c5f461f56566276bae40a0814bc899a34e1aaa9345eb22cef3,"{""d"":9,""model"":""measurement"",""p"":0.013}",
     17408,         0,         0,   0.105,pymatching,86b3858361a196bf75ce5c91e577522977558d7accbb131be9c1cd69c3ad677c,"{""d"":9,""model"":""measurement"",""p"":0.015}",
     19456,         0,         0,   0.108,pymatching,1938eb02fa174e4398af57ea22b7b299d6e80e0682a4886085d64e26cc5d8b28,"{""d"":9,""model"":""phenomenological"",""p"":0.005}",
     18432,         0,         0,   0.106,pymatching,1938eb02fa174e4398af57ea22b7b299d6e80e0682a4886085d64e26cc5d8b28,"{""d"":9,""model"":""phenomenological"",""p"":0.005}",
     18432,         0,         0,   0.110,pymatching,86b3858361a196bf75ce5c91e577522977558d7accbb131be9c1cd69c3ad677c,"{""d"":9,""model"":""measurement"",""p"":0.015}",
     18432,         0,         0,   0.107,pymatching,1938eb02fa174e4398af57ea22b7b299d6e80e0682a4886085d64e26cc5d8b28,"{""d"":9,""model"":""phenomenological"",""p"":0.005}",
     19456,         0,         0,   0.110,pymatching,1938eb02fa174e4398af57ea22b7b299d6e80e0682a4886085d64e26cc5d8b28,"{""d"":9,""model"":""phenomenological"",""p"":0.005}",
     35840,         0,         0,   0.104,pymatching,75d3d4cd8b93c1e72262291e14d5974ff0fb81a218c070e38339f320ad2b4d1d,"{""d"":7,""model"":""phenomenological"",""p"":0.005}",
     18432,         0,         0,   0.110,pymatching,86b3858361a196bf75ce5c91e577522977558d7accbb131be9c1cd69c3ad677c,"{""d"":9,""model"":""measurement"",""p"":0.015}",
     52224,         0,         0,   0.104,pymatching,769b0381ba69a0542c9985f90da82846fd031e8eb69e3de4a1cce452c519a17f,"{""d"":7,""model"":""measurement"",""p"":0.005}",
     12288,         0,         0,   0.111,pymatching,b472c728ad4d530b896c209c587c8d35286cd7af1000ab881e02edca7db1d327,"{""d"":9,""model"":""phenomenological"",""p"":0.01}",
     53248,         1,         0,   0.105,pymatching,769b0381ba69a0542c9985f90da82846fd031e8eb69e3de4a1cce452c519a17f,"{""d"":7,""model"":""measurement"",""p"":0.005}",
     52224,         0,         0,   0.104,pymatching,769b0381ba69a0542c9985f90da82846fd031e8eb69e3de4a1cce452c519a17f,"{""d"":7,""model"":""measurement"",""p"":0.005}",
     20480,         0,         0,   0.110,pymatching,f8b16c1db98fb154e268a37dcebc8c5eacbd03993daab091f051fc9a559c4e8e,"{""d"":9,""model"":""measurement"",""p"":0.01}",
     12288,         5,         0,   0.111,pymatching,b472c728ad4d530b896c209c587c8d35286cd7af1000ab881e02edca7db1d327,"{""d"":9,""model"":""phenomenological"",""p"":0.01}",
     40960,         1,         0,   0.105,pymatching,586f9f9e4edf15d86c032507ab490a443e4976c49adfd4546d9fd533639467ef,"{""d"":7,""model"":""measurement"",""p"":0.01}",
     40960,         2,         0,   0.105,pymatching,586f9f9e4edf15d86c032507ab490a443e4976c49adfd4546d9fd533639467ef,"{""d"":7,""model"":""measurement"",""p"":0.01}",
     52224,         0,         0,   0.103,pymatching,769b0381ba69a0542c9985f90da82846fd031e8eb69e3de4a1cce452c519a17f,"{""d"":7,""model"":""measurement"",""p"":0.005}",
     12288,         1,         0,   0.110,pymatching,b472c728ad4d530b896c209c587c8d35286cd7af1000ab881e02edca7db1d327,"{""d"":9,""model"":""phenomenological"",""p"":0.01}",
     25600,         0,         0,   0.107,pymatching,d8cc9c2aa429a5713ed477b1939a2eff819cd7386a3ff93fdca7863794e89a3c,"{""d"":9,""model"":""measurement"",""p"":0.005}",
     10240,         9,         0,   0.114,pymatching,acd7e92885c6a4166f58f4411d2d7f1b77bde277a9bd5c98055a76611813b924,"{""d"":9,""model"":""phenomenological"",""p"":0.013}",
     20480,         1,         0,   0.054,pymatching,75d3d4cd8b93c1e72262291e14d5974ff0fb81a218c070e38339f320ad2b4d1d,"{""d"":7,""model"":""phenomenological"",""p"":0.005}",
     17408,         0,         0,   0.107,pymatching,8407028e38ab80c5f461f56566276bae40a0814bc899a34e1aaa9345eb22cef3,"{""d"":9,""model"":""measurement"",""p"":0.013}",
     36864,         1,         0,   0.106,pymatching,586f9f9e4edf15d86c032507ab490a443e4976c49adfd4546d9fd533639467ef,"{""d"":7,""model"":""measurement"",""p"":0.01}",
     39936,         0,         0,   0.104,pymatching,586f9f9e4edf15d86c032507ab490a443e4976c49adfd4546d9fd533639467ef,"{""d"":7,""model"":""measurement"",""p"":0.01}",
      8192,         1,         0,   0.055,pymatching,86b3858361a196bf75ce5c91e577522977558d7accbb131be9c1cd69c3ad677c,"{""d"":9,""model"":""measurement"",""p"":0.015}",
     12288,         2,         0,   0.110,pymatching,b472c728ad4d530b896c209c587c8d35286cd7af1000ab881e02edca7db1d327,"{""d"":9,""model"":""phenomenological"",""p"":0.01}",
     40960,         2,         0,   0.106,pymatching,586f9f9e4edf15d86c032507ab490a443e4976c49adfd4546d9fd533639467ef,"{""d"":7,""model"":""measurement"",""p"":0.01}",
     25600,         0,         0,   0.107,pymatching,d8cc9c2aa429a5713ed477b1939a2eff819cd7386a3ff93fdca7863794e89a3c,"{""d"":9,""model"":""measurement"",""p"":0.005}",
     19456,         0,         0,   0.107,pymatching,f8b16c1db98fb154e268a37dcebc8c5eacbd03993daab091f051fc9a559c4e8e,"{""d"":9,""model"":""measurement"",""p"":0.01}",
     10240,         5,         0,   0.115,pymatching,acd7e92885c6a4166f58f4411d2d7f1b77bde277a9bd5c98055a76611813b924,"{""d"":9,""model"":""phenomenological"",""p"":0.013}",
     10240,         7,         0,   0.115,pymatching,acd7e92885c6a4166f58f4411d2d7f1b77bde277a9bd5c98055a76611813b924,"{""d"":9,""model"":""phenomenological"",""p"":0.013}",
      9216,         0,         0,   0.057,pymatching,8407028e38ab80c5f461f56566276bae40a0814bc899a34e1aaa9345eb22cef3,"{""d"":9,""model"":""measurement"",""p"":0.013}",
     16384,         1,         0,   0.110,pymatching,86b3858361a196bf75ce5c91e577522977558d7accbb131be9c1cd69c3ad677c,"{""d"":9,""model"":""measurement"",""p"":0.015}",
     10240,         0,         0,   0.056,pymatching,f8b16c1db98fb154e268a37dcebc8c5eacbd03993daab091f051fc9a559c4e8e,"{""d"":9,""model"":""measurement"",""p"":0.01}",
     24576,         0,         0,   0.105,pymatching,d8cc9c2aa429a5713ed477b1939a2eff819cd7386a3ff93fdca7863794e89a3c,"{""d"":9,""model"":""measurement"",""p"":0.005}",
     25600,         0,         0,   0.107,pymatching,d8cc9c2aa429a5713ed477b1939a2eff819cd7386a3ff93fdca7863794e89a3c,"{""d"":9,""model"":""measurement"",""p"":0.005}",
     10240,         4,         0,   0.116,pymatching,acd7e92885c6a4166f58f4411d2d7f1b77bde277a9bd5c98055a76611813b924,"{""d"":9,""model"":""phenomenological"",""p"":0.013}",
      9216,         0,         0,   0.058,pymatching,1938eb02fa174e4398af57ea22b7b299d6e80e0682a4886085d64e26cc5d8b28,"{""d"":9,""model"":""phenomenological"",""p"":0.005}",
     17408,         1,         0,   0.108,pymatching,8407028e38ab80c5f461f56566276bae40a0814bc899a34e1aaa9345eb22cef3,"{""d"":9,""model"":""measurement"",""p"":0.013}",
     28672,         2,         0,   0.076,pymatching,75d3d4cd8b93c1e72262291e14d5974ff0fb81a218c070e38339f320ad2b4d1d,"{""d"":7,""model"":""phenomenological"",""p"":0.005}",
     11264,         1,         0,   0.076,pymatching,86b3858361a196bf75ce5c91e577522977558d7accbb131be9c1cd69c3ad677c,"{""d"":9,""model"":""measurement"",""p"":0.015}",
     12288,         0,         0,   0.076,pymatching,8407028e38ab80c5f461f56566276bae40a0814bc899a34e1aaa9345eb22cef3,"{""d"":9,""model"":""measurement"",""p"":0.013}",
     14336,         1,         0,   0.078,pymatching,f8b16c1db98fb154e268a37dcebc8c5eacbd03993daab091f051fc9a559c4e8e,"{""d"":9,""model"":""measurement"",""p"":0.01}",
     26624,         1,         0,   0.147,pymatching,8407028e38ab80c5f461f56566276bae40a0814bc899a34e1aaa9345eb22cef3,"{""d"":9,""model"":""measurement"",""p"":0.013}",
     12288,         0,         0,   0.077,pymatching,1938eb02fa174e4398af57ea22b7b299d6e80e0682a4886085d64e26cc5d8b28,"{""d"":9,""model"":""phenomenological"",""p"":0.005}",
     56320,         1,         0,   0.147,pymatching,75d3d4cd8b93c1e72262291e14d5974ff0fb81a218c070e38339f320ad2b4d1d,"{""d"":7,""model"":""phenomenological"",""p"":0.005}",
     55296,         1,         0,   0.147,pymatching,75d3d4cd8b93c1e72262291e14d5974ff0fb81a218c070e38339f320ad2b4d1d,"{""d"":7,""model"":""phenomenological"",""p"":0.005}",
     30720,         0,         0,   0.149,pymatching,f8b16c1db98fb154e268a37dcebc8c5eacbd03993daab091f051fc9a559c4e8e,"{""d"":9,""model"":""measurement"",""p"":0.01}",
     56320,         2,         0,   0.147,pymatching,75d3d4cd8b93c1e72262291e14d5974ff0fb81a218c070e38339f320ad2b4d1d,"{""d"":7,""model"":""phenomenological"",""p"":0.005}",
     39936,         0,         0,   0.148,pymatching,d8cc9c2aa429a5713ed477b1939a2eff819cd7386a3ff93fdca7863794e89a3c,"{""d"":9,""model"":""measurement"",""p"":0.005}",
     68608,         0,         0,   0.146,pymatching,769b0381ba69a0542c9985f90da82846fd031e8eb69e3de4a1cce452c519a17f,"{""d"":7,""model"":""measurement"",""p"":0.005}",
     30720,         0,         0,   0.148,pymatching,f8b16c1db98fb154e268a37dcebc8c5eacbd03993daab091f051fc9a559c4e8e,"{""d"":9,""model"":""measurement"",""p"":0.01}",
     26624,         0,         0,   0.146,pymatching,8407028e38ab80c5f461f56566276bae40a0814bc899a34e1aaa9345eb22cef3,"{""d"":9,""model"":""measurement"",""p"":0.013}",
     24576,         3,         0,   0.149,pymatching,86b3858361a196bf75ce5c91e577522977558d7accbb131be9c1cd69c3ad677c,"{""d"":9,""model"":""measurement"",""p"":0.015}",
     26624,         1,         0,   0.148,pymatching,1938eb02fa174e4398af57ea22b7b299d6e80e0682a4886085d64e26cc5d8b28,"{""d"":9,""model"":""phenomenological"",""p"":0.005}",
     24576,         3,         0,   0.147,pymatching,86b3858361a196bf75ce5c91e577522977558d7accbb131be9c1cd69c3ad677c,"{""d"":9,""model"":""measurement"",""p"":0.015}",
     26624,         0,         0,   0.152,pymatching,1938eb02fa174e4398af57ea22b7b299d6e80e0682a4886085d64e26cc5d8b28,"{""d"":9,""model"":""phenomenological"",""p"":0.005}",
     24576,         0,         0,   0.147,pymatching,86b3858361a196bf75ce5c91e577522977558d7accbb131be9c1cd69c3ad677c,"{""d"":9,""model"":""measurement"",""p"":0.015}",
     50176,         3,         0,   0.147,pymatching,75d3d4cd8b93c1e72262291e14d5974ff0fb81a218c070e38339f320ad2b4d1d,"{""d"":7,""model"":""phenomenological"",""p"":0.005}",
     72704,         0,         0,   0.145,pymatching,769b0381ba69a0542c9985f90da82846fd031e8eb69e3de4a1cce452c519a17f,"{""d"":7,""model"":""measurement"",""p"":0.005}",
     26624,         0,         0,   0.150,pymatching,1938eb02fa174e4398af57ea22b7b299d6e80e0682a4886085d64e26cc5d8b28,"{""d"":9,""model"":""phenomenological"",""p"":0.005}",
     26624,         0,         0,   0.151,pymatching,1938eb02fa174e4398af57ea22b7b299d6e80e0682a4886085d64e26cc5d8b28,"{""d"":9,""model"":""phenomenological"",""p"":0.005}",
     16384,         3,         0,   0.148,pymatching,b472c728ad4d530b896c209c587c8d35286cd7af1000ab881e02edca7db1d327,"{""d"":9,""model"":""phenomenological"",""p"":0.01}",
     73728,         0,         0,   0.147,pymatching,769b0381ba69a0542c9985f90da82846fd031e8eb69e3de4a1cce452c519a17f,"{""d"":7,""model"":""measurement"",""p"":0.005}",
     72704,         0,         0,   0.145,pymatching,769b0381ba69a0542c9985f90da82846fd031e8eb69e3de4a1cce452c519a17f,"{""d"":7,""model"":""measurement"",""p"":0.005}",
     16384,         0,         0,   0.147,pymatching,b472c728ad4d530b896c209c587c8d35286cd7af1000ab881e02edca7db1d327,"{""d"":9,""model"":""phenomenological"",""p"":0.01}",
     27648,         0,         0,   0.150,pymatching,f8b16c1db98fb154e268a37dcebc8c5eacbd03993daab091f051fc9a559c4e8e,"{""d"":9,""model"":""measurement"",""p"":0.01}",
     56320,         2,         0,   0.145,pymatching,586f9f9e4edf15d86c032507ab490a443e4976c49adfd4546d9fd533639467ef,"{""d"":7,""model"":""measurement"",""p"":0.01}",
     57344,         3,         0,   0.147,pymatching,586f9f9e4edf15d86c032507ab490a443e4976c49adfd4546d9fd533639467ef,"{""d"":7,""model"":""measurement"",""p"":0.01}",
     73728,         0,         0,   0.146,pymatching,769b0381ba69a0542c9985f90da82846fd031e8eb69e3de4a1cce452c519a17f,"{""d"":7,""model"":""measurement"",""p"":0.005}",
     34816,         0,         0,   0.146,pymatching,d8cc9c2aa429a5713ed477b1939a2eff819cd7386a3ff93fdca7863794e89a3c,"{""d"":9,""model"":""measurement"",""p"":0.005}",
     16384,         2,         0,   0.148,pymatching,b472c728ad4d530b896c209c587c8d35286cd7af1000ab881e02edca7db1d327,"{""d"":9,""model"":""phenomenological"",""p"":0.01}",
     13312,         3,         0,   0.149,pymatching,acd7e92885c6a4166f58f4411d2d7f1b77bde277a9bd5c98055a76611813b924,"{""d"":9,""model"":""phenomenological"",""p"":0.013}",
     51200,         4,         0,   0.147,pymatching,586f9f9e4edf15d86c032507ab490a443e4976c49adfd4546d9fd533639467ef,"{""d"":7,""model"":""measurement"",""p"":0.01}",
     16384,         2,         0,   0.147,pymatching,b472c728ad4d530b896c209c587c8d35286cd7af1000ab881e02edca7db1d327,"{""d"":9,""model"":""phenomenological"",""p"":0.01}",
     56320,         3,         0,   0.147,pymatching,586f9f9e4edf15d86c032507ab490a443e4976c49adfd4546d9fd533639467ef,"{""d"":7,""model"":""measurement"",""p"":0.01}",
     24576,         1,         0,   0.152,pymatching,8407028e38ab80c5f461f56566276bae40a0814bc899a34e1aaa9345eb22cef3,"{""d"":9,""model"":""measurement"",""p"":0.013}",
     56320,         5,         0,   0.146,pymatching,586f9f9e4edf15d86c032507ab490a443e4976c49adfd4546d9fd533639467ef,"{""d"":7,""model"":""measurement"",""p"":0.01}",
     34816,         0,         0,   0.149,pymatching,d8cc9c2aa429a5713ed477b1939a2eff819cd7386a3ff93fdca7863794e89a3c,"{""d"":9,""model"":""measurement"",""p"":0.005}",
     13312,         5,         0,   0.149,pymatching,acd7e92885c6a4166f58f4411d2d7f1b77bde277a9bd5c98055a76611813b924,"{""d"":9,""model"":""phenomenological"",""p"":0.013}",
     13312,         6,         0,   0.150,pymatching,acd7e92885c6a4166f58f4411d2d7f1b77bde277a9bd5c98055a76611813b924,"{""d"":9,""model"":""phenomenological"",""p"":0.013}",
     27648,         0,         0,   0.152,pymatching,f8b16c1db98fb154e268a37dcebc8c5eacbd03993daab091f051fc9a559c4e8e,"{""d"":9,""model"":""measurement"",""p"":0.01}",
     34816,         0,         0,   0.149,pymatching,d8cc9c2aa429a5713ed477b1939a2eff819cd7386a3ff93fdca7863794e89a3c,"{""d"":9,""model"":""measurement"",""p"":0.005}",
     22528,         1,         0,   0.151,pymatching,86b3858361a196bf75ce5c91e577522977558d7accbb131be9c1cd69c3ad677c,"{""d"":9,""model"":""measurement"",""p"":0.015}",
     35840,         0,         0,   0.150,pymatching,d8cc9c2aa429a5713ed477b1939a2eff819cd7386a3ff93fdca7863794e89a3c,"{""d"":9,""model"":""measurement"",""p"":0.005}",
     13312,         7,         0,   0.150,pymatching,acd7e92885c6a4166f58f4411d2d7f1b77bde277a9bd5c98055a76611813b924,"{""d"":9,""model"":""phenomenological"",""p"":0.013}",
     23552,         0,         0,   0.146,pymatching,8407028e38ab80c5f461f56566276bae40a0814bc899a34e1aaa9345eb22cef3,"{""d"":9,""model"":""measurement"",""p"":0.013}",
     39936,         1,         0,   0.105,pymatching,75d3d4cd8b93c1e72262291e14d5974ff0fb81a218c070e38339f320ad2b4d1d,"{""d"":7,""model"":""phenomenological"",""p"":0.005}",
     16384,         0,         0,   0.111,pymatching,86b3858361a196bf75ce5c91e577522977558d7accbb131be9c1cd69c3ad677c,"{""d"":9,""model"":""measurement"",""p"":0.015}",
     17408,         1,         0,   0.109,pymatching,8407028e38ab80c5f461f56566276bae40a0814bc899a34e1aaa9345eb22cef3,"{""d"":9,""model"":""measurement"",""p"":0.013}",
     19456,         0,         0,   0.106,pymatching,f8b16c1db98fb154e268a37dcebc8c5eacbd03993daab091f051fc9a559c4e8e,"{""d"":9,""model"":""measurement"",""p"":0.01}",
     17408,         0,         0,   0.110,pymatching,1938eb02fa174e4398af57ea22b7b299d6e80e0682a4886085d64e26cc5d8b28,"{""d"":9,""model"":""phenomenological"",""p"":0.005}",
     37888,         1,         0,   0.210,pymatching,8407028e38ab80c5f461f56566276bae40a0814bc899a34e1aaa9345eb22cef3,"{""d"":9,""model"":""measurement"",""p"":0.013}",
     78848,         1,         0,   0.206,pymatching,75d3d4cd8b93c1e72262291e14d5974ff0fb81a218c070e38339f320ad2b4d1d,"{""d"":7,""model"":""phenomenological"",""p"":0.005}",
     41984,         0,         0,   0.205,pymatching,f8b16c1db98fb154e268a37dcebc8c5eacbd03993daab091f051fc9a559c4e8e,"{""d"":9,""model"":""measurement"",""p"":0.01}",
     77824,         0,         0,   0.206,pymatching,75d3d4cd8b93c1e72262291e14d5974ff0fb81a218c070e38339f320ad2b4d1d,"{""d"":7,""model"":""phenomenological"",""p"":0.005}",
     77824,         1,         0,   0.205,pymatching,75d3d4cd8b93c1e72262291e14d5974ff0fb81a218c070e38339f320ad2b4d1d,"{""d"":7,""model"":""phenomenological"",""p"":0.005}",
    100352,         0,         0,   0.203,pymatching,769b0381ba69a0542c9985f90da82846fd031e8eb69e3de4a1cce452c519a17f,"{""d"":7,""model"":""measurement"",""p"":0.005}",
     55296,         0,         0,   0.205,pymatching,d8cc9c2aa429a5713ed477b1939a2eff819cd7386a3ff93fdca7863794e89a3c,"{""d"":9,""model"":""measurement"",""p"":0.005}",
     43008,         1,         0,   0.207,pymatching,f8b16c1db98fb154e268a37dcebc8c5eacbd03993daab091f051fc9a559c4e8e,"{""d"":9,""model"":""measurement"",""p"":0.01}",
     37888,         0,         0,   0.209,pymatching,8407028e38ab80c5f461f56566276bae40a0814bc899a34e1aaa9345eb22cef3,"{""d"":9,""model"":""measurement"",""p"":0.013}",
     36864,         0,         0,   0.206,pymatching,1938eb02fa174e4398af57ea22b7b299d6e80e0682a4886085d64e26cc5d8b28,"{""d"":9,""model"":""phenomenological"",""p"":0.005}",
     34816,         3,         0,   0.210,pymatching,86b3858361a196bf75ce5c91e577522977558d7accbb131be9c1cd69c3ad677c,"{""d"":9,""model"":""measurement"",""p"":0.015}",
     34816,         4,         0,   0.208,pymatching,86b3858361a196bf75ce5c91e577522977558d7accbb131be9c1cd69c3ad677c,"{""d"":9,""model"":""measurement"",""p"":0.015}",
     55296,         3,         0,   0.147,pymatching,75d3d4cd8b93c1e72262291e14d5974ff0fb81a218c070e38339f320ad2b4d1d,"{""d"":7,""model"":""phenomenological"",""p"":0.005}",
    101376,         1,         0,   0.202,pymatching,769b0381ba69a0542c9985f90da82846fd031e8eb69e3de4a1cce452c519a17f,"{""d"":7,""model"":""measurement"",""p"":0.005}",
     69632,         3,         0,   0.204,pymatching,75d3d4cd8b93c1e72262291e14d5974ff0fb81a218c070e38339f320ad2b4d1d,"{""d"":7,""model"":""phenomenological"",""p"":0.005}",
     36864,         0,         0,   0.209,pymatching,1938eb02fa174e4398af57ea22b7b299d6e80e0682a4886085d64e26cc5d8b28,"{""d"":9,""model"":""phenomenological"",""p"":0.005}",
     34816,         2,         0,   0.208,pymatching,86b3858361a196bf75ce5c91e577522977558d7accbb131be9c1cd69c3ad677c,"{""d"":9,""model"":""measurement"",""p"":0.015}",
    101376,         0,         0,   0.203,pymatching,769b0381ba69a0542c9985f90da82846fd031e8eb69e3de4a1cce452c519a17f,"{""d"":7,""model"":""measurement"",""p"":0.005}",
     36864,         0,         0,   0.208,pymatching,1938eb02fa174e4398af57ea22b7b299d6e80e0682a4886085d64e26cc5d8b28,"{""d"":9,""model"":""phenomenological"",""p"":0.005}",
    102400,         0,         0,   0.204,pymatching,769b0381ba69a0542c9985f90da82846fd031e8eb69e3de4a1cce452c519a17f,"{""d"":7,""model"":""measurement"",""p"":0.005}",
     36864,         0,         0,   0.209,pymatching,1938eb02fa174e4398af57ea22b7b299d6e80e0682a4886085d64e26cc5d8b28,"{""d"":9,""model"":""phenomenological"",""p"":0.005}",
     37888,         0,         0,   0.205,pymatching,f8b16c1db98fb154e268a37dcebc8c5eacbd03993daab091f051fc9a559c4e8e,"{""d"":9,""model"":""measurement"",""p"":0.01}",
     78848,         4,         0,   0.203,pymatching,586f9f9e4edf15d86c032507ab490a443e4976c49adfd4546d9fd533639467ef,"{""d"":7,""model"":""measurement"",""p"":0.01}",
     23552,         1,         0,   0.213,pymatching,b472c728ad4d530b896c209c587c8d35286cd7af1000ab881e02edca7db1d327,"{""d"":9,""model"":""phenomenological"",""p"":0.01}",
     22528,         0,         0,   0.152,pymatching,86b3858361a196bf75ce5c91e577522977558d7accbb131be9c1cd69c3ad677c,"{""d"":9,""model"":""measurement"",""p"":0.015}",
     23552,         1,         0,   0.147,pymatching,8407028e38ab80c5f461f56566276bae40a0814bc899a34e1aaa9345eb22cef3,"{""d"":9,""model"":""measurement"",""p"":0.013}",
     23552,         2,         0,   0.213,pymatching,b472c728ad4d530b896c209c587c8d35286cd7af1000ab881e02edca7db1d327,"{""d"":9,""model"":""phenomenological"",""p"":0.01}",
     79872,         2,         0,   0.205,pymatching,586f9f9e4edf15d86c032507ab490a443e4976c49adfd4546d9fd533639467ef,"{""d"":7,""model"":""measurement"",""p"":0.01}",
    102400,         1,         0,   0.203,pymatching,769b0381ba69a0542c9985f90da82846fd031e8eb69e3de4a1cce452c519a17f,"{""d"":7,""model"":""measurement"",""p"":0.005}",
     27648,         0,         0,   0.151,pymatching,f8b16c1db98fb154e268a37dcebc8c5eacbd03993daab091f051fc9a559c4e8e,"{""d"":9,""model"":""measurement"",""p"":0.01}",
     49152,         0,         0,   0.206,pymatching,d8cc9c2aa429a5713ed477b1939a2eff819cd7386a3ff93fdca7863794e89a3c,"{""d"":9,""model"":""measurement"",""p"":0.005}",
     18432,         6,         0,   0.208,pymatching,acd7e92885c6a4166f58f4411d2d7f1b77bde277a9bd5c98055a76611813b924,"{""d"":9,""model"":""phenomenological"",""p"":0.013}",
     23552,         1,         0,   0.212,pymatching,b472c728ad4d530b896c209c587c8d35286cd7af1000ab881e02edca7db1d327,"{""d"":9,""model"":""phenomenological"",""p"":0.01}",
     23552,         0,         0,   0.149,pymatching,1938eb02fa174e4398af57ea22b7b299d6e80e0682a4886085d64e26cc5d8b28,"{""d"":9,""model"":""phenomenological"",""p"":0.005}",
     71680,         4,         0,   0.205,pymatching,586f9f9e4edf15d86c032507ab490a443e4976c49adfd4546d9fd533639467ef,"{""d"":7,""model"":""measurement"",""p"":0.01}",
     77824,         2,         0,   0.204,pymatching,586f9f9e4edf15d86c032507ab490a443e4976c49adfd4546d9fd533639467ef,"{""d"":7,""model"":""measurement"",""p"":0.01}",
     78848,         7,         0,   0.204,pymatching,586f9f9e4edf15d86c032507ab490a443e4976c49adfd4546d9fd533639467ef,"{""d"":7,""model"":""measurement"",""p"":0.01}",
     33792,         0,         0,   0.208,pymatching,8407028e38ab80c5f461f56566276bae40a0814bc899a34e1aaa9345eb22cef3,"{""d"":9,""model"":""measurement"",""p"":0.013}",
     49152,         0,         0,   0.206,pymatching,d8cc9c2aa429a5713ed477b1939a2eff819cd7386a3ff93fdca7863794e89a3c,"{""d"":9,""model"":""measurement"",""p"":0.005}",
     23552,         4,         0,   0.213,pymatching,b472c728ad4d530b896c209c587c8d35286cd7af1000ab881e02edca7db1d327,"{""d"":9,""model"":""phenomenological"",""p"":0.01}",
     18432,         8,         0,   0.208,pymatching,acd7e92885c6a4166f58f4411d2d7f1b77bde277a9bd5c98055a76611813b924,"{""d"":9,""model"":""phenomenological"",""p"":0.013}",
     18432,        10,         0,   0.209,pymatching,acd7e92885c6a4166f58f4411d2d7f1b77bde277a9bd5c98055a76611813b924,"{""d"":9,""model"":""phenomenological"",""p"":0.013}",
     37888,         1,         0,   0.208,pymatching,f8b16c1db98fb154e268a37dcebc8c5eacbd03993daab091f051fc9a559c4e8e,"{""d"":9,""model"":""measurement"",""p"":0.01}",
     30720,         2,         0,   0.206,pymatching,86b3858361a196bf75ce5c91e577522977558d7accbb131be9c1cd69c3ad677c,"{""d"":9,""model"":""measurement"",""p"":0.015}",
     48128,         0,         0,   0.206,pymatching,d8cc9c2aa429a5713ed477b1939a2eff819cd7386a3ff93fdca7863794e89a3c,"{""d"":9,""model"":""measurement"",""p"":0.005}",
     49152,         0,         0,   0.206,pymatching,d8cc9c2aa429a5713ed477b1939a2eff819cd7386a3ff93fdca7863794e89a3c,"{""d"":9,""model"":""measurement"",""p"":0.005}",
     18432,        10,         0,   0.208,pymatching,acd7e92885c6a4166f58f4411d2d7f1b77bde277a9bd5c98055a76611813b924,"{""d"":9,""model"":""phenomenological"",""p"":0.013}",
     33792,         2,         0,   0.209,pymatching,8407028e38ab80c5f461f56566276bae40a0814bc899a34e1aaa9345eb22cef3,"{""d"":9,""model"":""measurement"",""p"":0.013}",
     77824,         2,         0,   0.206,pymatching,75d3d4cd8b93c1e72262291e14d5974ff0fb81a218c070e38339f320ad2b4d1d,"{""d"":7,""model"":""phenomenological"",""p"":0.005}",
     32768,         2,         0,   0.205,pymatching,8407028e38ab80c5f461f56566276bae40a0814bc899a34e1aaa9345eb22cef3,"{""d"":9,""model"":""measurement"",""p"":0.013}",
     30720,         1,         0,   0.208,pymatching,86b3858361a196bf75ce5c91e577522977558d7accbb131be9c1cd69c3ad677c,"{""d"":9,""model"":""measurement"",""p"":0.015}",
     37888,         0,         0,   0.206,pymatching,f8b16c1db98fb154e268a37dcebc8c5eacbd03993daab091f051fc9a559c4e8e,"{""d"":9,""model"":""measurement"",""p"":0.01}",
     32768,         0,         0,   0.208,pymatching,1938eb02fa174e4398af57ea22b7b299d6e80e0682a4886085d64e26cc5d8b28,"{""d"":9,""model"":""phenomenological"",""p"":0.005}",
     52224,         0,         0,   0.288,pymatching,8407028e38ab80c5f461f56566276bae40a0814bc899a34e1aaa9345eb22cef3,"{""d"":9,""model"":""measurement"",""p"":0.013}",
    109568,         2,         0,   0.288,pymatching,75d3d4cd8b93c1e72262291e14d5974ff0fb81a218c070e38339f320ad2b4d1d,"{""d"":7,""model"":""phenomenological"",""p"":0.005}",
     59392,         1,         0,   0.289,pymatching,f8b16c1db98fb154e268a37dcebc8c5eacbd03993daab091f051fc9a559c4e8e,"{""d"":9,""model"":""measurement"",""p"":0.01}",
    108544,         4,         0,   0.288,pymatching,75d3d4cd8b93c1e72262291e14d5974ff0fb81a218c070e38339f320ad2b4d1d,"{""d"":7,""model"":""phenomenological"",""p"":0.005}",
    109568,         1,         0,   0.288,pymatching,75d3d4cd8b93c1e72262291e14d5974ff0fb81a218c070e38339f320ad2b4d1d,"{""d"":7,""model"":""phenomenological"",""p"":0.005}",
    141312,         0,         0,   0.286,pymatching,769b0381ba69a0542c9985f90da82846fd031e8eb69e3de4a1cce452c519a17f,"{""d"":7,""model"":""measurement"",""p"":0.005}",
     77824,         0,         0,   0.289,pymatching,d8cc9c2aa429a5713ed477b1939a2eff819cd7386a3ff93fdca7863794e89a3c,"{""d"":9,""model"":""measurement"",""p"":0.005}",
     60416,         0,         0,   0.291,pymatching,f8b16c1db98fb154e268a37dcebc8c5eacbd03993daab091f051fc9a559c4e8e,"{""d"":9,""model"":""measurement"",""p"":0.01}",
     52224,         3,         0,   0.289,pymatching,8407028e38ab80c5f461f56566276bae40a0814bc899a34e1aaa9345eb22cef3,"{""d"":9,""model"":""measurement"",""p"":0.013}",
     52224,         0,         0,   0.293,pymatching,1938eb02fa174e4398af57ea22b7b299d6e80e0682a4886085d64e26cc5d8b28,"{""d"":9,""model"":""phenomenological"",""p"":0.005}",
     48128,         7,         0,   0.288,pymatching,86b3858361a196bf75ce5c91e577522977558d7accbb131be9c1cd69c3ad677c,"{""d"":9,""model"":""measurement"",""p"":0.015}",
     48128,         1,         0,   0.291,pymatching,86b3858361a196bf75ce5c91e577522977558d7accbb131be9c1cd69c3ad677c,"{""d"":9,""model"":""measurement"",""p"":0.015}",
     97280,         4,         0,   0.286,pymatching,75d3d4cd8b93c1e72262291e14d5974ff0fb81a218c070e38339f320ad2b4d1d,"{""d"":7,""model"":""phenomenological"",""p"":0.005}",
    142336,         1,         0,   0.285,pymatching,769b0381ba69a0542c9985f90da82846fd031e8eb69e3de4a1cce452c519a17f,"{""d"":7,""model"":""measurement"",""p"":0.005}",
     48128,         3,         0,   0.288,pymatching,86b3858361a196bf75ce5c91e577522977558d7accbb131be9c1cd69c3ad677c,"{""d"":9,""model"":""measurement"",""p"":0.015}",
     51200,         0,         0,   0.290,pymatching,1938eb02fa174e4398af57ea22b7b299d6e80e0682a4886085d64e26cc5d8b28,"{""d"":9,""model"":""phenomenological"",""p"":0.005}",
    142336,         0,         0,   0.285,pymatching,769b0381ba69a0542c9985f90da82846fd031e8eb69e3de4a1cce452c519a17f,"{""d"":7,""model"":""measurement"",""p"":0.005}",
     51200,         0,         0,   0.289,pymatching,1938eb02fa174e4398af57ea22b7b299d6e80e0682a4886085d64e26cc5d8b28,"{""d"":9,""model"":""phenomenological"",""p"":0.005}",
    143360,         0,         0,   0.286,pymatching,769b0381ba69a0542c9985f90da82846fd031e8eb69e3de4a1cce452c519a17f,"{""d"":7,""model"":""measurement"",""p"":0.005}",
     51200,         0,         0,   0.291,pymatching,1938eb02fa174e4398af57ea22b7b299d6e80e0682a4886085d64e26cc5d8b28,"{""d"":9,""model"":""phenomenological"",""p"":0.005}",
    110592,         5,         0,   0.286,pymatching,586f9f9e4edf15d86c032507ab490a443e4976c49adfd4546d9fd533639467ef,"{""d"":7,""model"":""measurement"",""p"":0.01}",
     53248,         0,         0,   0.289,pymatching,f8b16c1db98fb154e268a37dcebc8c5eacbd03993daab091f051fc9a559c4e8e,"{""d"":9,""model"":""measurement"",""p"":0.01}",
    110592,         8,         0,   0.285,pymatching,586f9f9e4edf15d86c032507ab490a443e4976c49adfd4546d9fd533639467ef,"{""d"":7,""model"":""measurement"",""p"":0.01}",
    142336,         1,         0,   0.284,pymatching,769b0381ba69a0542c9985f90da82846fd031e8eb69e3de4a1cce452c519a17f,"{""d"":7,""model"":""measurement"",""p"":0.005}",
     32768,         2,         0,   0.295,pymatching,b472c728ad4d530b896c209c587c8d35286cd7af1000ab881e02edca7db1d327,"{""d"":9,""model"":""phenomenological"",""p"":0.01}",
     68608,         0,         0,   0.289,pymatching,d8cc9c2aa429a5713ed477b1939a2eff819cd7386a3ff93fdca7863794e89a3c,"{""d"":9,""model"":""measurement"",""p"":0.005}",
     32768,         2,         0,   0.296,pymatching,b472c728ad4d530b896c209c587c8d35286cd7af1000ab881e02edca7db1d327,"{""d"":9,""model"":""phenomenological"",""p"":0.01}",
     99328,         3,         0,   0.286,pymatching,586f9f9e4edf15d86c032507ab490a443e4976c49adfd4546d9fd533639467ef,"{""d"":7,""model"":""measurement"",""p"":0.01}",
    108544,         6,         0,   0.285,pymatching,586f9f9e4edf15d86c032507ab490a443e4976c49adfd4546d9fd533639467ef,"{""d"":7,""model"":""measurement"",""p"":0.01}",
     32768,         4,         0,   0.295,pymatching,b472c728ad4d530b896c209c587c8d35286cd7af1000ab881e02edca7db1d327,"{""d"":9,""model"":""phenomenological"",""p"":0.01}",
    110592,         2,         0,   0.287,pymatching,586f9f9e4edf15d86c032507ab490a443e4976c49adfd4546d9fd533639467ef,"{""d"":7,""model"":""measurement"",""p"":0.01}",
     26624,        17,         0,   0.299,pymatching,acd7e92885c6a4166f58f4411d2d7f1b77bde277a9bd5c98055a76611813b924,"{""d"":9,""model"":""phenomenological"",""p"":0.013}",
     68608,         0,         0,   0.289,pymatching,d8cc9c2aa429a5713ed477b1939a2eff819cd7386a3ff93fdca7863794e89a3c,"{""d"":9,""model"":""measurement"",""p"":0.005}",
     47104,         0,         0,   0.291,pymatching,8407028e38ab80c5f461f56566276bae40a0814bc899a34e1aaa9345eb22cef3,"{""d"":9,""model"":""measurement"",""p"":0.013}",
     25600,        17,         0,   0.289,pymatching,acd7e92885c6a4166f58f4411d2d7f1b77bde277a9bd5c98055a76611813b924,"{""d"":9,""model"":""phenomenological"",""p"":0.013}",
     25600,        10,         0,   0.289,pymatching,acd7e92885c6a4166f58f4411d2d7f1b77bde277a9bd5c98055a76611813b924,"{""d"":9,""model"":""phenomenological"",""p"":0.013}",
     43008,         2,         0,   0.289,pymatching,86b3858361a196bf75ce5c91e577522977558d7accbb131be9c1cd69c3ad677c,"{""d"":9,""model"":""measurement"",""p"":0.015}",
     68608,         0,         0,   0.287,pymatching,d8cc9c2aa429a5713ed477b1939a2eff819cd7386a3ff93fdca7863794e89a3c,"{""d"":9,""model"":""measurement"",""p"":0.005}",
     53248,         0,         0,   0.290,pymatching,f8b16c1db98fb154e268a37dcebc8c5eacbd03993daab091f051fc9a559c4e8e,"{""d"":9,""model"":""measurement"",""p"":0.01}",
     32768,         3,         0,   0.296,pymatching,b472c728ad4d530b896c209c587c8d35286cd7af1000ab881e02edca7db1d327,"{""d"":9,""model"":""phenomenological"",""p"":0.01}",
     67584,         0,         0,   0.290,pymatching,d8cc9c2aa429a5713ed477b1939a2eff819cd7386a3ff93fdca7863794e89a3c,"{""d"":9,""model"":""measurement"",""p"":0.005}",
     25600,        10,         0,   0.290,pymatching,acd7e92885c6a4166f58f4411d2d7f1b77bde277a9bd5c98055a76611813b924,"{""d"":9,""model"":""phenomenological"",""p"":0.013}",
      1024,         2,         0,   0.012,pymatching,acd7e92885c6a4166f58f4411d2d7f1b77bde277a9bd5c98055a76611813b924,"{""d"":9,""model"":""phenomenological"",""p"":0.013}",
      1024,         3,         0,   0.012,pymatching,acd7e92885c6a4166f58f4411d2d7f1b77bde277a9bd5c98055a76611813b924,"{""d"":9,""model"":""phenomenological"",""p"":0.013}",
      1024,         1,         0,   0.012,pymatching,acd7e92885c6a4166f58f4411d2d7f1b77bde277a9bd5c98055a76611813b924,"{""d"":9,""model"":""phenomenological"",""p"":0.013}",
      1024,         0,         0,   0.012,pymatching,acd7e92885c6a4166f58f4411d2d7f1b77bde277a9bd5c98055a76611813b924,"{""d"":9,""model"":""phenomenological"",""p"":0.013}",
     47104,         2,         0,   0.293,pymatching,8407028e38ab80c5f461f56566276bae40a0814bc899a34e1aaa9345eb22cef3,"{""d"":9,""model"":""measurement"",""p"":0.013}",
      4369,         0,         0,   0.011,pymatching,586f9f9e4edf15d86c032507ab490a443e4976c49adfd4546d9fd533639467ef,"{""d"":7,""model"":""measurement"",""p"":0.01}",
      1297,         0,         0,   0.013,pymatching,b472c728ad4d530b896c209c587c8d35286cd7af1000ab881e02edca7db1d327,"{""d"":9,""model"":""phenomenological"",""p"":0.01}",
      5393,         0,         0,   0.011,pymatching,769b0381ba69a0542c9985f90da82846fd031e8eb69e3de4a1cce452c519a17f,"{""d"":7,""model"":""measurement"",""p"":0.005}",
      1297,         0,         0,   0.013,pymatching,b472c728ad4d530b896c209c587c8d35286cd7af1000ab881e02edca7db1d327,"{""d"":9,""model"":""phenomenological"",""p"":0.01}",
      6144,         0,         0,   0.014,pymatching,586f9f9e4edf15d86c032507ab490a443e4976c49adfd4546d9fd533639467ef,"{""d"":7,""model"":""measurement"",""p"":0.01}",
      8192,         0,         0,   0.015,pymatching,769b0381ba69a0542c9985f90da82846fd031e8eb69e3de4a1cce452c519a17f,"{""d"":7,""model"":""measurement"",""p"":0.005}",
      2048,         0,         0,   0.018,pymatching,b472c728ad4d530b896c209c587c8d35286cd7af1000ab881e02edca7db1d327,"{""d"":9,""model"":""phenomenological"",""p"":0.01}",
      2048,         0,         0,   0.019,pymatching,b472c728ad4d530b896c209c587c8d35286cd7af1000ab881e02edca7db1d327,"{""d"":9,""model"":""phenomenological"",""p"":0.01}",
      8192,         0,         0,   0.019,pymatching,586f9f9e4edf15d86c032507ab490a443e4976c49adfd4546d9fd533639467ef,"{""d"":7,""model"":""measurement"",""p"":0.01}",
     11264,         0,         0,   0.021,pymatching,769b0381ba69a0542c9985f90da82846fd031e8eb69e3de4a1cce452c519a17f,"{""d"":7,""model"":""measurement"",""p"":0.005}",
      3072,         0,         0,   0.028,pymatching,b472c728ad4d530b896c209c587c8d35286cd7af1000ab881e02edca7db1d327,"{""d"":9,""model"":""phenomenological"",""p"":0.01}",
      3072,         0,         0,   0.028,pymatching,b472c728ad4d530b896c209c587c8d35286cd7af1000ab881e02edca7db1d327,"{""d"":9,""model"":""phenomenological"",""p"":0.01}",
     12288,         0,         0,   0.029,pymatching,586f9f9e4edf15d86c032507ab490a443e4976c49adfd4546d9fd533639467ef,"{""d"":7,""model"":""measurement"",""p"":0.01}",
     15360,         0,         0,   0.028,pymatching,769b0381ba69a0542c9985f90da82846fd031e8eb69e3de4a1cce452c519a17f,"{""d"":7,""model"":""measurement"",""p"":0.005}",
      3072,         0,         0,   0.028,pymatching,b472c728ad4d530b896c209c587c8d35286cd7af1000ab881e02edca7db1d327,"{""d"":9,""model"":""phenomenological"",""p"":0.01}",
      3072,         0,         0,   0.028,pymatching,b472c728ad4d530b896c209c587c8d35286cd7af1000ab881e02edca7db1d327,"{""d"":9,""model"":""phenomenological"",""p"":0.01}",
     16384,         1,         0,   0.039,pymatching,586f9f9e4edf15d86c032507ab490a443e4976c49adfd4546d9fd533639467ef,"{""d"":7,""model"":""measurement"",""p"":0.01}",
     21504,         0,         0,   0.039,pymatching,769b0381ba69a0542c9985f90da82846fd031e8eb69e3de4a1cce452c519a17f,"{""d"":7,""model"":""measurement"",""p"":0.005}",
      5120,         0,         0,   0.047,pymatching,b472c728ad4d530b896c209c587c8d35286cd7af1000ab881e02edca7db1d327,"{""d"":9,""model"":""phenomenological"",""p"":0.01}",
      5120,         2,         0,   0.047,pymatching,b472c728ad4d530b896c209c587c8d35286cd7af1000ab881e02edca7db1d327,"{""d"":9,""model"":""phenomenological"",""p"":0.01}",
    108544,         6,         0,   0.288,pymatching,75d3d4cd8b93c1e72262291e14d5974ff0fb81a218c070e38339f320ad2b4d1d,"{""d"":7,""model"":""phenomenological"",""p"":0.005}",
     46080,         1,         0,   0.288,pymatching,8407028e38ab80c5f461f56566276bae40a0814bc899a34e1aaa9345eb22cef3,"{""d"":9,""model"":""measurement"",""p"":0.013}",
     43008,         2,         0,   0.293,pymatching,86b3858361a196bf75ce5c91e577522977558d7accbb131be9c1cd69c3ad677c,"{""d"":9,""model"":""measurement"",""p"":0.015}",
     53248,         0,         0,   0.291,pymatching,f8b16c1db98fb154e268a37dcebc8c5eacbd03993daab091f051fc9a559c4e8e,"{""d"":9,""model"":""measurement"",""p"":0.01}",
     22528,         1,         0,   0.053,pymatching,586f9f9e4edf15d86c032507ab490a443e4976c49adfd4546d9fd533639467ef,"{""d"":7,""model"":""measurement"",""p"":0.01}",
     45056,         0,         0,   0.288,pymatching,1938eb02fa174e4398af57ea22b7b299d6e80e0682a4886085d64e26cc5d8b28,"{""d"":9,""model"":""phenomenological"",""p"":0.005}",
     29696,         0,         0,   0.054,pymatching,769b0381ba69a0542c9985f90da82846fd031e8eb69e3de4a1cce452c519a17f,"{""d"":7,""model"":""measurement"",""p"":0.005}",
      6144,         4,         0,   0.056,pymatching,b472c728ad4d530b896c209c587c8d35286cd7af1000ab881e02edca7db1d327,"{""d"":9,""model"":""phenomenological"",""p"":0.01}",
      6144,         2,         0,   0.055,pymatching,b472c728ad4d530b896c209c587c8d35286cd7af1000ab881e02edca7db1d327,"{""d"":9,""model"":""phenomenological"",""p"":0.01}",
     31744,         0,         0,   0.074,pymatching,586f9f9e4edf15d86c032507ab490a443e4976c49adfd4546d9fd533639467ef,"{""d"":7,""model"":""measurement"",""p"":0.01}",
     40960,         0,         0,   0.074,pymatching,769b0381ba69a0542c9985f90da82846fd031e8eb69e3de4a1cce452c519a17f,"{""d"":7,""model"":""measurement"",""p"":0.005}",
      8192,         3,         0,   0.075,pymatching,b472c728ad4d530b896c209c587c8d35286cd7af1000ab881e02edca7db1d327,"{""d"":9,""model"":""phenomenological"",""p"":0.01}",
      9216,         0,         0,   0.084,pymatching,b472c728ad4d530b896c209c587c8d35286cd7af1000ab881e02edca7db1d327,"{""d"":9,""model"":""phenomenological"",""p"":0.01}",
     72704,         1,         0,   0.403,pymatching,8407028e38ab80c5f461f56566276bae40a0814bc899a34e1aaa9345eb22cef3,"{""d"":9,""model"":""measurement"",""p"":0.013}",
    152576,         5,         0,   0.400,pymatching,75d3d4cd8b93c1e72262291e14d5974ff0fb81a218c070e38339f320ad2b4d1d,"{""d"":7,""model"":""phenomenological"",""p"":0.005}",
    150528,         4,         0,   0.400,pymatching,75d3d4cd8b93c1e72262291e14d5974ff0fb81a218c070e38339f320ad2b4d1d,"{""d"":7,""model"":""phenomenological"",""p"":0.005}",
    152576,         2,         0,   0.401,pymatching,75d3d4cd8b93c1e72262291e14d5974ff0fb81a218c070e38339f320ad2b4d1d,"{""d"":7,""model"":""phenomenological"",""p"":0.005}",
     82944,         0,         0,   0.406,pymatching,f8b16c1db98fb154e268a37dcebc8c5eacbd03993daab091f051fc9a559c4e8e,"{""d"":9,""model"":""measurement"",""p"":0.01}",
    196608,         1,         0,   0.398,pymatching,769b0381ba69a0542c9985f90da82846fd031e8eb69e3de4a1cce452c519a17f,"{""d"":7,""model"":""measurement"",""p"":0.005}",
    107520,         0,         0,   0.401,pymatching,d8cc9c2aa429a5713ed477b1939a2eff819cd7386a3ff93fdca7863794e89a3c,"{""d"":9,""model"":""measurement"",""p"":0.005}",
     83968,         2,         0,   0.405,pymatching,f8b16c1db98fb154e268a37dcebc8c5eacbd03993daab091f051fc9a559c4e8e,"{""d"":9,""model"":""measurement"",""p"":0.01}",
     72704,         0,         0,   0.403,pymatching,8407028e38ab80c5f461f56566276bae40a0814bc899a34e1aaa9345eb22cef3,"{""d"":9,""model"":""measurement"",""p"":0.013}",
     66560,         2,         0,   0.403,pymatching,86b3858361a196bf75ce5c91e577522977558d7accbb131be9c1cd69c3ad677c,"{""d"":9,""model"":""measurement"",""p"":0.015}",
     67584,         3,         0,   0.405,pymatching,86b3858361a196bf75ce5c91e577522977558d7accbb131be9c1cd69c3ad677c,"{""d"":9,""model"":""measurement"",""p"":0.015}",
    198656,         0,         0,   0.399,pymatching,769b0381ba69a0542c9985f90da82846fd031e8eb69e3de4a1cce452c519a17f,"{""d"":7,""model"":""measurement"",""p"":0.005}",
    136192,         3,         0,   0.402,pymatching,75d3d4cd8b93c1e72262291e14d5974ff0fb81a218c070e38339f320ad2b4d1d,"{""d"":7,""model"":""phenomenological"",""p"":0.005}",
     72704,         1,         0,   0.408,pymatching,1938eb02fa174e4398af57ea22b7b299d6e80e0682a4886085d64e26cc5d8b28,"{""d"":9,""model"":""phenomenological"",""p"":0.005}",
     67584,         3,         0,   0.404,pymatching,86b3858361a196bf75ce5c91e577522977558d7accbb131be9c1cd69c3ad677c,"{""d"":9,""model"":""measurement"",""p"":0.015}",
    197632,         1,         0,   0.398,pymatching,769b0381ba69a0542c9985f90da82846fd031e8eb69e3de4a1cce452c519a17f,"{""d"":7,""model"":""measurement"",""p"":0.005}",
     45056,         1,         0,   0.106,pymatching,586f9f9e4edf15d86c032507ab490a443e4976c49adfd4546d9fd533639467ef,"{""d"":7,""model"":""measurement"",""p"":0.01}",
    199680,         0,         0,   0.398,pymatching,769b0381ba69a0542c9985f90da82846fd031e8eb69e3de4a1cce452c519a17f,"{""d"":7,""model"":""measurement"",""p"":0.005}",
     72704,         0,         0,   0.406,pymatching,1938eb02fa174e4398af57ea22b7b299d6e80e0682a4886085d64e26cc5d8b28,"{""d"":9,""model"":""phenomenological"",""p"":0.005}",
    153600,        11,         0,   0.399,pymatching,586f9f9e4edf15d86c032507ab490a443e4976c49adfd4546d9fd533639467ef,"{""d"":7,""model"":""measurement"",""p"":0.01}",
     71680,         0,         0,   0.407,pymatching,1938eb02fa174e4398af57ea22b7b299d6e80e0682a4886085d64e26cc5d8b28,"{""d"":9,""model"":""phenomenological"",""p"":0.005}",
     72704,         1,         0,   0.407,pymatching,1938eb02fa174e4398af57ea22b7b299d6e80e0682a4886085d64e26cc5d8b28,"{""d"":9,""model"":""phenomenological"",""p"":0.005}",
     73728,         0,         0,   0.405,pymatching,f8b16c1db98fb154e268a37dcebc8c5eacbd03993daab091f051fc9a559c4e8e,"{""d"":9,""model"":""measurement"",""p"":0.01}",
     57344,         0,         0,   0.104,pymatching,769b0381ba69a0542c9985f90da82846fd031e8eb69e3de4a1cce452c519a17f,"{""d"":7,""model"":""measurement"",""p"":0.005}",
    154624,         3,         0,   0.400,pymatching,586f9f9e4edf15d86c032507ab490a443e4976c49adfd4546d9fd533639467ef,"{""d"":7,""model"":""measurement"",""p"":0.01}",
    199680,         2,         0,   0.399,pymatching,769b0381ba69a0542c9985f90da82846fd031e8eb69e3de4a1cce452c519a17f,"{""d"":7,""model"":""measurement"",""p"":0.005}",
     45056,         4,         0,   0.405,pymatching,b472c728ad4d530b896c209c587c8d35286cd7af1000ab881e02edca7db1d327,"{""d"":9,""model"":""phenomenological"",""p"":0.01}",
     95232,         0,         0,   0.402,pymatching,d8cc9c2aa429a5713ed477b1939a2eff819cd7386a3ff93fdca7863794e89a3c,"{""d"":9,""model"":""measurement"",""p"":0.005}",
    138240,         8,         0,   0.399,pymatching,586f9f9e4edf15d86c032507ab490a443e4976c49adfd4546d9fd533639467ef,"{""d"":7,""model"":""measurement"",""p"":0.01}",
     45056,         3,         0,   0.408,pymatching,b472c728ad4d530b896c209c587c8d35286cd7af1000ab881e02edca7db1d327,"{""d"":9,""model"":""phenomenological"",""p"":0.01}",
    151552,         7,         0,   0.400,pymatching,586f9f9e4edf15d86c032507ab490a443e4976c49adfd4546d9fd533639467ef,"{""d"":7,""model"":""measurement"",""p"":0.01}",
     45056,         6,         0,   0.403,pymatching,b472c728ad4d530b896c209c587c8d35286cd7af1000ab881e02edca7db1d327,"{""d"":9,""model"":""phenomenological"",""p"":0.01}",
    153600,         8,         0,   0.401,pymatching,586f9f9e4edf15d86c032507ab490a443e4976c49adfd4546d9fd533639467ef,"{""d"":7,""model"":""measurement"",""p"":0.01}",
     64512,         3,         0,   0.402,pymatching,8407028e38ab80c5f461f56566276bae40a0814bc899a34e1aaa9345eb22cef3,"{""d"":9,""model"":""measurement"",""p"":0.013}",
     95232,         0,         0,   0.403,pymatching,d8cc9c2aa429a5713ed477b1939a2eff819cd7386a3ff93fdca7863794e89a3c,"{""d"":9,""model"":""measurement"",""p"":0.005}",
     93184,         0,         0,   0.401,pymatching,d8cc9c2aa429a5713ed477b1939a2eff819cd7386a3ff93fdca7863794e89a3c,"{""d"":9,""model"":""measurement"",""p"":0.005}",
     12288,         2,         0,   0.111,pymatching,b472c728ad4d530b896c209c587c8d35286cd7af1000ab881e02edca7db1d327,"{""d"":9,""model"":""phenomenological"",""p"":0.01}",
     96256,         0,         0,   0.404,pymatching,d8cc9c2aa429a5713ed477b1939a2eff819cd7386a3ff93fdca7863794e89a3c,"{""d"":9,""model"":""measurement"",""p"":0.005}",
     73728,         1,         0,   0.405,pymatching,f8b16c1db98fb154e268a37dcebc8c5eacbd03993daab091f051fc9a559c4e8e,"{""d"":9,""model"":""measurement"",""p"":0.01}",
     45056,         5,         0,   0.407,pymatching,b472c728ad4d530b896c209c587c8d35286cd7af1000ab881e02edca7db1d327,"{""d"":9,""model"":""phenomenological"",""p"":0.01}",
     60416,         2,         0,   0.408,pymatching,86b3858361a196bf75ce5c91e577522977558d7accbb131be9c1cd69c3ad677c,"{""d"":9,""model"":""measurement"",""p"":0.015}",
     12288,         2,         0,   0.112,pymatching,b472c728ad4d530b896c209c587c8d35286cd7af1000ab881e02edca7db1d327,"{""d"":9,""model"":""phenomenological"",""p"":0.01}",
     64512,         3,         0,   0.402,pymatching,8407028e38ab80c5f461f56566276bae40a0814bc899a34e1aaa9345eb22cef3,"{""d"":9,""model"":""measurement"",""p"":0.013}",
     63488,         2,         0,   0.147,pymatching,586f9f9e4edf15d86c032507ab490a443e4976c49adfd4546d9fd533639467ef,"{""d"":7,""model"":""measurement"",""p"":0.01}",
     79872,         0,         0,   0.146,pymatching,769b0381ba69a0542c9985f90da82846fd031e8eb69e3de4a1cce452c519a17f,"{""d"":7,""model"":""measurement"",""p"":0.005}",
     16384,         1,         0,   0.149,pymatching,b472c728ad4d530b896c209c587c8d35286cd7af1000ab881e02edca7db1d327,"{""d"":9,""model"":""phenomenological"",""p"":0.01}",
     16384,         4,         0,   0.149,pymatching,b472c728ad4d530b896c209c587c8d35286cd7af1000ab881e02edca7db1d327,"{""d"":9,""model"":""phenomenological"",""p"":0.01}",
    151552,         2,         0,   0.402,pymatching,75d3d4cd8b93c1e72262291e14d5974ff0fb81a218c070e38339f320ad2b4d1d,"{""d"":7,""model"":""phenomenological"",""p"":0.005}",
     64512,         3,         0,   0.404,pymatching,8407028e38ab80c5f461f56566276bae40a0814bc899a34e1aaa9345eb22cef3,"{""d"":9,""model"":""measurement"",""p"":0.013}",
     59392,         4,         0,   0.405,pymatching,86b3858361a196bf75ce5c91e577522977558d7accbb131be9c1cd69c3ad677c,"{""d"":9,""model"":""measurement"",""p"":0.015}",
     73728,         0,         0,   0.404,pymatching,f8b16c1db98fb154e268a37dcebc8c5eacbd03993daab091f051fc9a559c4e8e,"{""d"":9,""model"":""measurement"",""p"":0.01}",
     63488,         0,         0,   0.407,pymatching,1938eb02fa174e4398af57ea22b7b299d6e80e0682a4886085d64e26cc5d8b28,"{""d"":9,""model"":""phenomenological"",""p"":0.005}",
     88064,         3,         0,   0.204,pymatching,586f9f9e4edf15d86c032507ab490a443e4976c49adfd4546d9fd533639467ef,"{""d"":7,""model"":""measurement"",""p"":0.01}",
    112640,         0,         0,   0.204,pymatching,769b0381ba69a0542c9985f90da82846fd031e8eb69e3de4a1cce452c519a17f,"{""d"":7,""model"":""measurement"",""p"":0.005}",
     23552,         4,         0,   0.214,pymatching,b472c728ad4d530b896c209c587c8d35286cd7af1000ab881e02edca7db1d327,"{""d"":9,""model"":""phenomenological"",""p"":0.01}",
     23552,         2,         0,   0.214,pymatching,b472c728ad4d530b896c209c587c8d35286cd7af1000ab881e02edca7db1d327,"{""d"":9,""model"":""phenomenological"",""p"":0.01}",
    101376,         1,         0,   0.563,pymatching,8407028e38ab80c5f461f56566276bae40a0814bc899a34e1aaa9345eb22cef3,"{""d"":9,""model"":""measurement"",""p"":0.013}",
    212992,        14,         0,   0.560,pymatching,75d3d4cd8b93c1e72262291e14d5974ff0fb81a218c070e38339f320ad2b4d1d,"{""d"":7,""model"":""phenomenological"",""p"":0.005}",
    210944,         7,         0,   0.561,pymatching,75d3d4cd8b93c1e72262291e14d5974ff0fb81a218c070e38339f320ad2b4d1d,"{""d"":7,""model"":""phenomenological"",""p"":0.005}",
    212992,        13,         0,   0.561,pymatching,75d3d4cd8b93c1e72262291e14d5974ff0fb81a218c070e38339f320ad2b4d1d,"{""d"":7,""model"":""phenomenological"",""p"":0.005}",
    114688,         0,         0,   0.562,pymatching,f8b16c1db98fb154e268a37dcebc8c5eacbd03993daab091f051fc9a559c4e8e,"{""d"":9,""model"":""measurement"",""p"":0.01}",
    150528,         0,         0,   0.562,pymatching,d8cc9c2aa429a5713ed477b1939a2eff819cd7386a3ff93fdca7863794e89a3c,"{""d"":9,""model"":""measurement"",""p"":0.005}",
    275456,         0,         0,   0.559,pymatching,769b0381ba69a0542c9985f90da82846fd031e8eb69e3de4a1cce452c519a17f,"{""d"":7,""model"":""measurement"",""p"":0.005}",
    116736,         1,         0,   0.564,pymatching,f8b16c1db98fb154e268a37dcebc8c5eacbd03993daab091f051fc9a559c4e8e,"{""d"":9,""model"":""measurement"",""p"":0.01}",
    102400,         2,         0,   0.567,pymatching,8407028e38ab80c5f461f56566276bae40a0814bc899a34e1aaa9345eb22cef3,"{""d"":9,""model"":""measurement"",""p"":0.013}",
     93184,         5,         0,   0.566,pymatching,86b3858361a196bf75ce5c91e577522977558d7accbb131be9c1cd69c3ad677c,"{""d"":9,""model"":""measurement"",""p"":0.015}",
    276480,         1,         0,   0.558,pymatching,769b0381ba69a0542c9985f90da82846fd031e8eb69e3de4a1cce452c519a17f,"{""d"":7,""model"":""measurement"",""p"":0.005}",
    189440,        14,         0,   0.561,pymatching,75d3d4cd8b93c1e72262291e14d5974ff0fb81a218c070e38339f320ad2b4d1d,"{""d"":7,""model"":""phenomenological"",""p"":0.005}",
    100352,         0,         0,   0.564,pymatching,1938eb02fa174e4398af57ea22b7b299d6e80e0682a4886085d64e26cc5d8b28,"{""d"":9,""model"":""phenomenological"",""p"":0.005}",
    275456,         1,         0,   0.557,pymatching,769b0381ba69a0542c9985f90da82846fd031e8eb69e3de4a1cce452c519a17f,"{""d"":7,""model"":""measurement"",""p"":0.005}",
     94208,         7,         0,   0.569,pymatching,86b3858361a196bf75ce5c91e577522977558d7accbb131be9c1cd69c3ad677c,"{""d"":9,""model"":""measurement"",""p"":0.015}",
     94208,         5,         0,   0.565,pymatching,86b3858361a196bf75ce5c91e577522977558d7accbb131be9c1cd69c3ad677c,"{""d"":9,""model"":""measurement"",""p"":0.015}",
    278528,         1,         0,   0.559,pymatching,769b0381ba69a0542c9985f90da82846fd031e8eb69e3de4a1cce452c519a17f,"{""d"":7,""model"":""measurement"",""p"":0.005}",
     99328,         0,         0,   0.564,pymatching,1938eb02fa174e4398af57ea22b7b299d6e80e0682a4886085d64e26cc5d8b28,"{""d"":9,""model"":""phenomenological"",""p"":0.005}",
    214016,         6,         0,   0.560,pymatching,586f9f9e4edf15d86c032507ab490a443e4976c49adfd4546d9fd533639467ef,"{""d"":7,""model"":""measurement"",""p"":0.01}",
     99328,         1,         0,   0.564,pymatching,1938eb02fa174e4398af57ea22b7b299d6e80e0682a4886085d64e26cc5d8b28,"{""d"":9,""model"":""phenomenological"",""p"":0.005}",
     99328,         1,         0,   0.564,pymatching,1938eb02fa174e4398af57ea22b7b299d6e80e0682a4886085d64e26cc5d8b28,"{""d"":9,""model"":""phenomenological"",""p"":0.005}",
    277504,         0,         0,   0.558,pymatching,769b0381ba69a0542c9985f90da82846fd031e8eb69e3de4a1cce452c519a17f,"{""d"":7,""model"":""measurement"",""p"":0.005}",
    216064,         7,         0,   0.561,pymatching,586f9f9e4edf15d86c032507ab490a443e4976c49adfd4546d9fd533639467ef,"{""d"":7,""model"":""measurement"",""p"":0.01}",
    103424,         0,         0,   0.567,pymatching,f8b16c1db98fb154e268a37dcebc8c5eacbd03993daab091f051fc9a559c4e8e,"{""d"":9,""model"":""measurement"",""p"":0.01}",
     62464,        15,         0,   0.568,pymatching,b472c728ad4d530b896c209c587c8d35286cd7af1000ab881e02edca7db1d327,"{""d"":9,""model"":""phenomenological"",""p"":0.01}",
    133120,         0,         0,   0.565,pymatching,d8cc9c2aa429a5713ed477b1939a2eff819cd7386a3ff93fdca7863794e89a3c,"{""d"":9,""model"":""measurement"",""p"":0.005}",
    193536,         6,         0,   0.561,pymatching,586f9f9e4edf15d86c032507ab490a443e4976c49adfd4546d9fd533639467ef,"{""d"":7,""model"":""measurement"",""p"":0.01}",
     62464,         7,         0,   0.567,pymatching,b472c728ad4d530b896c209c587c8d35286cd7af1000ab881e02edca7db1d327,"{""d"":9,""model"":""phenomenological"",""p"":0.01}",
     62464,         8,         0,   0.565,pymatching,b472c728ad4d530b896c209c587c8d35286cd7af1000ab881e02edca7db1d327,"{""d"":9,""model"":""phenomenological"",""p"":0.01}",
    211968,        12,         0,   0.561,pymatching,586f9f9e4edf15d86c032507ab490a443e4976c49adfd4546d9fd533639467ef,"{""d"":7,""model"":""measurement"",""p"":0.01}",
    214016,         6,         0,   0.560,pymatching,586f9f9e4edf15d86c032507ab490a443e4976c49adfd4546d9fd533639467ef,"{""d"":7,""model"":""measurement"",""p"":0.01}",
    133120,         0,         0,   0.565,pymatching,d8cc9c2aa429a5713ed477b1939a2eff819cd7386a3ff93fdca7863794e89a3c,"{""d"":9,""model"":""measurement"",""p"":0.005}",
     91136,         0,         0,   0.569,pymatching,8407028e38ab80c5f461f56566276bae40a0814bc899a34e1aaa9345eb22cef3,"{""d"":9,""model"":""measurement"",""p"":0.013}",
    130048,         0,         0,   0.562,pymatching,d8cc9c2aa429a5713ed477b1939a2eff819cd7386a3ff93fdca7863794e89a3c,"{""d"":9,""model"":""measurement"",""p"":0.005}",
    133120,         0,         0,   0.564,pymatching,d8cc9c2aa429a5713ed477b1939a2eff819cd7386a3ff93fdca7863794e89a3c,"{""d"":9,""model"":""measurement"",""p"":0.005}",
    102400,         0,         0,   0.567,pymatching,f8b16c1db98fb154e268a37dcebc8c5eacbd03993daab091f051fc9a559c4e8e,"{""d"":9,""model"":""measurement"",""p"":0.01}",
     83968,         1,         0,   0.569,pymatching,86b3858361a196bf75ce5c91e577522977558d7accbb131be9c1cd69c3ad677c,"{""d"":9,""model"":""measurement"",""p"":0.015}",
     63488,         3,         0,   0.573,pymatching,b472c728ad4d530b896c209c587c8d35286cd7af1000ab881e02edca7db1d327,"{""d"":9,""model"":""phenomenological"",""p"":0.01}",
     90112,         3,         0,   0.565,pymatching,8407028e38ab80c5f461f56566276bae40a0814bc899a34e1aaa9345eb22cef3,"{""d"":9,""model"":""measurement"",""p"":0.013}",
    123904,         9,         0,   0.287,pymatching,586f9f9e4edf15d86c032507ab490a443e4976c49adfd4546d9fd533639467ef,"{""d"":7,""model"":""measurement"",""p"":0.01}",
    156672,         2,         0,   0.285,pymatching,769b0381ba69a0542c9985f90da82846fd031e8eb69e3de4a1cce452c519a17f,"{""d"":7,""model"":""measurement"",""p"":0.005}",
     31744,         3,         0,   0.290,pymatching,b472c728ad4d530b896c209c587c8d35286cd7af1000ab881e02edca7db1d327,"{""d"":9,""model"":""phenomenological"",""p"":0.01}",
     31744,         2,         0,   0.289,pymatching,b472c728ad4d530b896c209c587c8d35286cd7af1000ab881e02edca7db1d327,"{""d"":9,""model"":""phenomenological"",""p"":0.01}",
    210944,         5,         0,   0.561,pymatching,75d3d4cd8b93c1e72262291e14d5974ff0fb81a218c070e38339f320ad2b4d1d,"{""d"":7,""model"":""phenomenological"",""p"":0.005}",
     90112,         0,         0,   0.566,pymatching,8407028e38ab80c5f461f56566276bae40a0814bc899a34e1aaa9345eb22cef3,"{""d"":9,""model"":""measurement"",""p"":0.013}",
     82944,         6,         0,   0.567,pymatching,86b3858361a196bf75ce5c91e577522977558d7accbb131be9c1cd69c3ad677c,"{""d"":9,""model"":""measurement"",""p"":0.015}",
    102400,         1,         0,   0.564,pymatching,f8b16c1db98fb154e268a37dcebc8c5eacbd03993daab091f051fc9a559c4e8e,"{""d"":9,""model"":""measurement"",""p"":0.01}",
     88064,         0,         0,   0.566,pymatching,1938eb02fa174e4398af57ea22b7b299d6e80e0682a4886085d64e26cc5d8b28,"{""d"":9,""model"":""phenomenological"",""p"":0.005}",
    172032,         7,         0,   0.399,pymatching,586f9f9e4edf15d86c032507ab490a443e4976c49adfd4546d9fd533639467ef,"{""d"":7,""model"":""measurement"",""p"":0.01}",
    219136,         0,         0,   0.399,pymatching,769b0381ba69a0542c9985f90da82846fd031e8eb69e3de4a1cce452c519a17f,"{""d"":7,""model"":""measurement"",""p"":0.005}",
     45056,         5,         0,   0.412,pymatching,b472c728ad4d530b896c209c587c8d35286cd7af1000ab881e02edca7db1d327,"{""d"":9,""model"":""phenomenological"",""p"":0.01}",
     45056,         5,         0,   0.410,pymatching,b472c728ad4d530b896c209c587c8d35286cd7af1000ab881e02edca7db1d327,"{""d"":9,""model"":""phenomenological"",""p"":0.01}",
    297984,        11,         0,   0.785,pymatching,75d3d4cd8b93c1e72262291e14d5974ff0fb81a218c070e38339f320ad2b4d1d,"{""d"":7,""model"":""phenomenological"",""p"":0.005}",
    142336,         1,         0,   0.793,pymatching,8407028e38ab80c5f461f56566276bae40a0814bc899a34e1aaa9345eb22cef3,"{""d"":9,""model"":""measurement"",""p"":0.013}",
    293888,         9,         0,   0.785,pymatching,75d3d4cd8b93c1e72262291e14d5974ff0fb81a218c070e38339f320ad2b4d1d,"{""d"":7,""model"":""phenomenological"",""p"":0.005}",
    297984,         8,         0,   0.786,pymatching,75d3d4cd8b93c1e72262291e14d5974ff0fb81a218c070e38339f320ad2b4d1d,"{""d"":7,""model"":""phenomenological"",""p"":0.005}",
    160768,         1,         0,   0.790,pymatching,f8b16c1db98fb154e268a37dcebc8c5eacbd03993daab091f051fc9a559c4e8e,"{""d"":9,""model"":""measurement"",""p"":0.01}",
    380928,         2,         0,   0.781,pymatching,769b0381ba69a0542c9985f90da82846fd031e8eb69e3de4a1cce452c519a17f,"{""d"":7,""model"":""measurement"",""p"":0.005}",
    210944,         0,         0,   0.790,pymatching,d8cc9c2aa429a5713ed477b1939a2eff819cd7386a3ff93fdca7863794e89a3c,"{""d"":9,""model"":""measurement"",""p"":0.005}",
    162816,         1,         0,   0.789,pymatching,f8b16c1db98fb154e268a37dcebc8c5eacbd03993daab091f051fc9a559c4e8e,"{""d"":9,""model"":""measurement"",""p"":0.01}",
    142336,         3,         0,   0.791,pymatching,8407028e38ab80c5f461f56566276bae40a0814bc899a34e1aaa9345eb22cef3,"{""d"":9,""model"":""measurement"",""p"":0.013}",
    384000,         1,         0,   0.781,pymatching,769b0381ba69a0542c9985f90da82846fd031e8eb69e3de4a1cce452c519a17f,"{""d"":7,""model"":""measurement"",""p"":0.005}",
    130048,         4,         0,   0.791,pymatching,86b3858361a196bf75ce5c91e577522977558d7accbb131be9c1cd69c3ad677c,"{""d"":9,""model"":""measurement"",""p"":0.015}",
    263168,         6,         0,   0.784,pymatching,75d3d4cd8b93c1e72262291e14d5974ff0fb81a218c070e38339f320ad2b4d1d,"{""d"":7,""model"":""phenomenological"",""p"":0.005}",
    140288,         0,         0,   0.789,pymatching,1938eb02fa174e4398af57ea22b7b299d6e80e0682a4886085d64e26cc5d8b28,"{""d"":9,""model"":""phenomenological"",""p"":0.005}",
    382976,         0,         0,   0.780,pymatching,769b0381ba69a0542c9985f90da82846fd031e8eb69e3de4a1cce452c519a17f,"{""d"":7,""model"":""measurement"",""p"":0.005}",
    387072,         1,         0,   0.782,pymatching,769b0381ba69a0542c9985f90da82846fd031e8eb69e3de4a1cce452c519a17f,"{""d"":7,""model"":""measurement"",""p"":0.005}",
    132096,         4,         0,   0.794,pymatching,86b3858361a196bf75ce5c91e577522977558d7accbb131be9c1cd69c3ad677c,"{""d"":9,""model"":""measurement"",""p"":0.015}",
    139264,         0,         0,   0.791,pymatching,1938eb02fa174e4398af57ea22b7b299d6e80e0682a4886085d64e26cc5d8b28,"{""d"":9,""model"":""phenomenological"",""p"":0.005}",
    296960,         9,         0,   0.782,pymatching,586f9f9e4edf15d86c032507ab490a443e4976c49adfd4546d9fd533639467ef,"{""d"":7,""model"":""measurement"",""p"":0.01}",
    132096,         5,         0,   0.795,pymatching,86b3858361a196bf75ce5c91e577522977558d7accbb131be9c1cd69c3ad677c,"{""d"":9,""model"":""measurement"",""p"":0.015}",
    139264,         0,         0,   0.793,pymatching,1938eb02fa174e4398af57ea22b7b299d6e80e0682a4886085d64e26cc5d8b28,"{""d"":9,""model"":""phenomenological"",""p"":0.005}",
    385024,         0,         0,   0.782,pymatching,769b0381ba69a0542c9985f90da82846fd031e8eb69e3de4a1cce452c519a17f,"{""d"":7,""model"":""measurement"",""p"":0.005}",
    299008,         9,         0,   0.783,pymatching,586f9f9e4edf15d86c032507ab490a443e4976c49adfd4546d9fd533639467ef,"{""d"":7,""model"":""measurement"",""p"":0.01}",
    139264,         2,         0,   0.793,pymatching,1938eb02fa174e4398af57ea22b7b299d6e80e0682a4886085d64e26cc5d8b28,"{""d"":9,""model"":""phenomenological"",""p"":0.005}",
    143360,         1,         0,   0.792,pymatching,f8b16c1db98fb154e268a37dcebc8c5eacbd03993daab091f051fc9a559c4e8e,"{""d"":9,""model"":""measurement"",""p"":0.01}",
     87040,         8,         0,   0.791,pymatching,b472c728ad4d530b896c209c587c8d35286cd7af1000ab881e02edca7db1d327,"{""d"":9,""model"":""phenomenological"",""p"":0.01}",
    184320,         0,         0,   0.787,pymatching,d8cc9c2aa429a5713ed477b1939a2eff819cd7386a3ff93fdca7863794e89a3c,"{""d"":9,""model"":""measurement"",""p"":0.005}",
    267264,        11,         0,   0.786,pymatching,586f9f9e4edf15d86c032507ab490a443e4976c49adfd4546d9fd533639467ef,"{""d"":7,""model"":""measurement"",""p"":0.01}",
     87040,         7,         0,   0.791,pymatching,b472c728ad4d530b896c209c587c8d35286cd7af1000ab881e02edca7db1d327,"{""d"":9,""model"":""phenomenological"",""p"":0.01}",
    293888,        21,         0,   0.785,pymatching,586f9f9e4edf15d86c032507ab490a443e4976c49adfd4546d9fd533639467ef,"{""d"":7,""model"":""measurement"",""p"":0.01}",
    296960,        12,         0,   0.784,pymatching,586f9f9e4edf15d86c032507ab490a443e4976c49adfd4546d9fd533639467ef,"{""d"":7,""model"":""measurement"",""p"":0.01}",
     88064,         9,         0,   0.798,pymatching,b472c728ad4d530b896c209c587c8d35286cd7af1000ab881e02edca7db1d327,"{""d"":9,""model"":""phenomenological"",""p"":0.01}",
    184320,         1,         0,   0.787,pymatching,d8cc9c2aa429a5713ed477b1939a2eff819cd7386a3ff93fdca7863794e89a3c,"{""d"":9,""model"":""measurement"",""p"":0.005}",
    180224,         0,         0,   0.787,pymatching,d8cc9c2aa429a5713ed477b1939a2eff819cd7386a3ff93fdca7863794e89a3c,"{""d"":9,""model"":""measurement"",""p"":0.005}",
    125952,         3,         0,   0.791,pymatching,8407028e38ab80c5f461f56566276bae40a0814bc899a34e1aaa9345eb22cef3,"{""d"":9,""model"":""measurement"",""p"":0.013}",
    185344,         0,         0,   0.790,pymatching,d8cc9c2aa429a5713ed477b1939a2eff819cd7386a3ff93fdca7863794e89a3c,"{""d"":9,""model"":""measurement"",""p"":0.005}",
    142336,         1,         0,   0.792,pymatching,f8b16c1db98fb154e268a37dcebc8c5eacbd03993daab091f051fc9a559c4e8e,"{""d"":9,""model"":""measurement"",""p"":0.01}",
     87040,        12,         0,   0.790,pymatching,b472c728ad4d530b896c209c587c8d35286cd7af1000ab881e02edca7db1d327,"{""d"":9,""model"":""phenomenological"",""p"":0.01}",
    115712,         6,         0,   0.792,pymatching,86b3858361a196bf75ce5c91e577522977558d7accbb131be9c1cd69c3ad677c,"{""d"":9,""model"":""measurement"",""p"":0.015}",
    124928,         2,         0,   0.790,pymatching,8407028e38ab80c5f461f56566276bae40a0814bc899a34e1aaa9345eb22cef3,"{""d"":9,""model"":""measurement"",""p"":0.013}",
    294912,        10,         0,   0.785,pymatching,75d3d4cd8b93c1e72262291e14d5974ff0fb81a218c070e38339f320ad2b4d1d,"{""d"":7,""model"":""phenomenological"",""p"":0.005}",
    124928,         4,         0,   0.791,pymatching,8407028e38ab80c5f461f56566276bae40a0814bc899a34e1aaa9345eb22cef3,"{""d"":9,""model"":""measurement"",""p"":0.013}",
    114688,         4,         0,   0.789,pymatching,86b3858361a196bf75ce5c91e577522977558d7accbb131be9c1cd69c3ad677c,"{""d"":9,""model"":""measurement"",""p"":0.015}",
    142336,         5,         0,   0.789,pymatching,f8b16c1db98fb154e268a37dcebc8c5eacbd03993daab091f051fc9a559c4e8e,"{""d"":9,""model"":""measurement"",""p"":0.01}",
    121856,         0,         0,   0.789,pymatching,1938eb02fa174e4398af57ea22b7b299d6e80e0682a4886085d64e26cc5d8b28,"{""d"":9,""model"":""phenomenological"",""p"":0.005}",
    240640,        12,         0,   0.559,pymatching,586f9f9e4edf15d86c032507ab490a443e4976c49adfd4546d9fd533639467ef,"{""d"":7,""model"":""measurement"",""p"":0.01}",
    307200,         1,         0,   0.559,pymatching,769b0381ba69a0542c9985f90da82846fd031e8eb69e3de4a1cce452c519a17f,"{""d"":7,""model"":""measurement"",""p"":0.005}",
     62464,         6,         0,   0.572,pymatching,b472c728ad4d530b896c209c587c8d35286cd7af1000ab881e02edca7db1d327,"{""d"":9,""model"":""phenomenological"",""p"":0.01}",
     62464,         2,         0,   0.568,pymatching,b472c728ad4d530b896c209c587c8d35286cd7af1000ab881e02edca7db1d327,"{""d"":9,""model"":""phenomenological"",""p"":0.01}",
    336896,         9,         0,   0.784,pymatching,586f9f9e4edf15d86c032507ab490a443e4976c49adfd4546d9fd533639467ef,"{""d"":7,""model"":""measurement"",""p"":0.01}",
    429056,         0,         0,   0.781,pymatching,769b0381ba69a0542c9985f90da82846fd031e8eb69e3de4a1cce452c519a17f,"{""d"":7,""model"":""measurement"",""p"":0.005}",
    415744,        18,         0,    1.10,pymatching,75d3d4cd8b93c1e72262291e14d5974ff0fb81a218c070e38339f320ad2b4d1d,"{""d"":7,""model"":""phenomenological"",""p"":0.005}",
    198656,         9,         0,    1.11,pymatching,8407028e38ab80c5f461f56566276bae40a0814bc899a34e1aaa9345eb22cef3,"{""d"":9,""model"":""measurement"",""p"":0.013}",
    410624,         9,         0,    1.10,pymatching,75d3d4cd8b93c1e72262291e14d5974ff0fb81a218c070e38339f320ad2b4d1d,"{""d"":7,""model"":""phenomenological"",""p"":0.005}",
    224256,         1,         0,    1.10,pymatching,f8b16c1db98fb154e268a37dcebc8c5eacbd03993daab091f051fc9a559c4e8e,"{""d"":9,""model"":""measurement"",""p"":0.01}",
    529408,         2,         0,    1.09,pymatching,769b0381ba69a0542c9985f90da82846fd031e8eb69e3de4a1cce452c519a17f,"{""d"":7,""model"":""measurement"",""p"":0.005}",
    415744,        10,         0,    1.10,pymatching,75d3d4cd8b93c1e72262291e14d5974ff0fb81a218c070e38339f320ad2b4d1d,"{""d"":7,""model"":""phenomenological"",""p"":0.005}",
    293888,         0,         0,    1.10,pymatching,d8cc9c2aa429a5713ed477b1939a2eff819cd7386a3ff93fdca7863794e89a3c,"{""d"":9,""model"":""measurement"",""p"":0.005}",
    227328,         1,         0,    1.10,pymatching,f8b16c1db98fb154e268a37dcebc8c5eacbd03993daab091f051fc9a559c4e8e,"{""d"":9,""model"":""measurement"",""p"":0.01}",
    198656,         4,         0,    1.11,pymatching,8407028e38ab80c5f461f56566276bae40a0814bc899a34e1aaa9345eb22cef3,"{""d"":9,""model"":""measurement"",""p"":0.013}",
    532480,         1,         0,    1.09,pymatching,769b0381ba69a0542c9985f90da82846fd031e8eb69e3de4a1cce452c519a17f,"{""d"":7,""model"":""measurement"",""p"":0.005}",
    181248,         6,         0,    1.10,pymatching,86b3858361a196bf75ce5c91e577522977558d7accbb131be9c1cd69c3ad677c,"{""d"":9,""model"":""measurement"",""p"":0.015}",
    364544,        14,         0,    1.10,pymatching,75d3d4cd8b93c1e72262291e14d5974ff0fb81a218c070e38339f320ad2b4d1d,"{""d"":7,""model"":""phenomenological"",""p"":0.005}",
    532480,         1,         0,    1.09,pymatching,769b0381ba69a0542c9985f90da82846fd031e8eb69e3de4a1cce452c519a17f,"{""d"":7,""model"":""measurement"",""p"":0.005}",
    195584,         0,         0,    1.11,pymatching,1938eb02fa174e4398af57ea22b7b299d6e80e0682a4886085d64e26cc5d8b28,"{""d"":9,""model"":""phenomenological"",""p"":0.005}",
    536576,         1,         0,    1.09,pymatching,769b0381ba69a0542c9985f90da82846fd031e8eb69e3de4a1cce452c519a17f,"{""d"":7,""model"":""measurement"",""p"":0.005}",
    412672,        17,         0,    1.10,pymatching,586f9f9e4edf15d86c032507ab490a443e4976c49adfd4546d9fd533639467ef,"{""d"":7,""model"":""measurement"",""p"":0.01}",
    193536,         3,         0,    1.11,pymatching,1938eb02fa174e4398af57ea22b7b299d6e80e0682a4886085d64e26cc5d8b28,"{""d"":9,""model"":""phenomenological"",""p"":0.005}",
    183296,         8,         0,    1.11,pymatching,86b3858361a196bf75ce5c91e577522977558d7accbb131be9c1cd69c3ad677c,"{""d"":9,""model"":""measurement"",""p"":0.015}",
    183296,         7,         0,    1.11,pymatching,86b3858361a196bf75ce5c91e577522977558d7accbb131be9c1cd69c3ad677c,"{""d"":9,""model"":""measurement"",""p"":0.015}",
     87040,         6,         0,   0.795,pymatching,b472c728ad4d530b896c209c587c8d35286cd7af1000ab881e02edca7db1d327,"{""d"":9,""model"":""phenomenological"",""p"":0.01}",
     87040,        10,         0,   0.797,pymatching,b472c728ad4d530b896c209c587c8d35286cd7af1000ab881e02edca7db1d327,"{""d"":9,""model"":""phenomenological"",""p"":0.01}",
    415744,        19,         0,    1.10,pymatching,586f9f9e4edf15d86c032507ab490a443e4976c49adfd4546d9fd533639467ef,"{""d"":7,""model"":""measurement"",""p"":0.01}",
    535552,         2,         0,    1.09,pymatching,769b0381ba69a0542c9985f90da82846fd031e8eb69e3de4a1cce452c519a17f,"{""d"":7,""model"":""measurement"",""p"":0.005}",
    193536,         0,         0,    1.11,pymatching,1938eb02fa174e4398af57ea22b7b299d6e80e0682a4886085d64e26cc5d8b28,"{""d"":9,""model"":""phenomenological"",""p"":0.005}",
    194560,         1,         0,    1.11,pymatching,1938eb02fa174e4398af57ea22b7b299d6e80e0682a4886085d64e26cc5d8b28,"{""d"":9,""model"":""phenomenological"",""p"":0.005}",
    256000,         0,         0,    1.10,pymatching,d8cc9c2aa429a5713ed477b1939a2eff819cd7386a3ff93fdca7863794e89a3c,"{""d"":9,""model"":""measurement"",""p"":0.005}",
    121856,        10,         0,    1.11,pymatching,b472c728ad4d530b896c209c587c8d35286cd7af1000ab881e02edca7db1d327,"{""d"":9,""model"":""phenomenological"",""p"":0.01}",
    198656,         0,         0,    1.11,pymatching,f8b16c1db98fb154e268a37dcebc8c5eacbd03993daab091f051fc9a559c4e8e,"{""d"":9,""model"":""measurement"",""p"":0.01}",
    372736,        13,         0,    1.10,pymatching,586f9f9e4edf15d86c032507ab490a443e4976c49adfd4546d9fd533639467ef,"{""d"":7,""model"":""measurement"",""p"":0.01}",
    121856,        16,         0,    1.11,pymatching,b472c728ad4d530b896c209c587c8d35286cd7af1000ab881e02edca7db1d327,"{""d"":9,""model"":""phenomenological"",""p"":0.01}",
    408576,        20,         0,    1.10,pymatching,586f9f9e4edf15d86c032507ab490a443e4976c49adfd4546d9fd533639467ef,"{""d"":7,""model"":""measurement"",""p"":0.01}",
    412672,         9,         0,    1.10,pymatching,586f9f9e4edf15d86c032507ab490a443e4976c49adfd4546d9fd533639467ef,"{""d"":7,""model"":""measurement"",""p"":0.01}",
    121856,        15,         0,    1.11,pymatching,b472c728ad4d530b896c209c587c8d35286cd7af1000ab881e02edca7db1d327,"{""d"":9,""model"":""phenomenological"",""p"":0.01}",
    256000,         0,         0,    1.10,pymatching,d8cc9c2aa429a5713ed477b1939a2eff819cd7386a3ff93fdca7863794e89a3c,"{""d"":9,""model"":""measurement"",""p"":0.005}",
    250880,         0,         0,    1.10,pymatching,d8cc9c2aa429a5713ed477b1939a2eff819cd7386a3ff93fdca7863794e89a3c,"{""d"":9,""model"":""measurement"",""p"":0.005}",
    175104,         6,         0,    1.11,pymatching,8407028e38ab80c5f461f56566276bae40a0814bc899a34e1aaa9345eb22cef3,"{""d"":9,""model"":""measurement"",""p"":0.013}",
    257024,         0,         0,    1.10,pymatching,d8cc9c2aa429a5713ed477b1939a2eff819cd7386a3ff93fdca7863794e89a3c,"{""d"":9,""model"":""measurement"",""p"":0.005}",
    197632,         1,         0,    1.11,pymatching,f8b16c1db98fb154e268a37dcebc8c5eacbd03993daab091f051fc9a559c4e8e,"{""d"":9,""model"":""measurement"",""p"":0.01}",
    160768,         8,         0,    1.11,pymatching,86b3858361a196bf75ce5c91e577522977558d7accbb131be9c1cd69c3ad677c,"{""d"":9,""model"":""measurement"",""p"":0.015}",
    122880,        20,         0,    1.11,pymatching,b472c728ad4d530b896c209c587c8d35286cd7af1000ab881e02edca7db1d327,"{""d"":9,""model"":""phenomenological"",""p"":0.01}",
    173056,         8,         0,    1.10,pymatching,8407028e38ab80c5f461f56566276bae40a0814bc899a34e1aaa9345eb22cef3,"{""d"":9,""model"":""measurement"",""p"":0.013}",
    411648,        14,         0,    1.10,pymatching,75d3d4cd8b93c1e72262291e14d5974ff0fb81a218c070e38339f320ad2b4d1d,"{""d"":7,""model"":""phenomenological"",""p"":0.005}",
    173056,         3,         0,    1.10,pymatching,8407028e38ab80c5f461f56566276bae40a0814bc899a34e1aaa9345eb22cef3,"{""d"":9,""model"":""measurement"",""p"":0.013}",
    197632,         0,         0,    1.11,pymatching,f8b16c1db98fb154e268a37dcebc8c5eacbd03993daab091f051fc9a559c4e8e,"{""d"":9,""model"":""measurement"",""p"":0.01}",
    159744,         4,         0,    1.11,pymatching,86b3858361a196bf75ce5c91e577522977558d7accbb131be9c1cd69c3ad677c,"{""d"":9,""model"":""measurement"",""p"":0.015}",
    169984,         2,         0,    1.11,pymatching,1938eb02fa174e4398af57ea22b7b299d6e80e0682a4886085d64e26cc5d8b28,"{""d"":9,""model"":""phenomenological"",""p"":0.005}",
    470016,        15,         0,    1.10,pymatching,586f9f9e4edf15d86c032507ab490a443e4976c49adfd4546d9fd533639467ef,"{""d"":7,""model"":""measurement"",""p"":0.01}",
    598016,         0,         0,    1.09,pymatching,769b0381ba69a0542c9985f90da82846fd031e8eb69e3de4a1cce452c519a17f,"{""d"":7,""model"":""measurement"",""p"":0.005}",
    120832,        14,         0,    1.11,pymatching,b472c728ad4d530b896c209c587c8d35286cd7af1000ab881e02edca7db1d327,"{""d"":9,""model"":""phenomenological"",""p"":0.01}",
    120832,        11,         0,    1.11,pymatching,b472c728ad4d530b896c209c587c8d35286cd7af1000ab881e02edca7db1d327,"{""d"":9,""model"":""phenomenological"",""p"":0.01}",
    580608,        30,         0,    1.54,pymatching,75d3d4cd8b93c1e72262291e14d5974ff0fb81a218c070e38339f320ad2b4d1d,"{""d"":7,""model"":""phenomenological"",""p"":0.005}",
    572416,        24,         0,    1.54,pymatching,75d3d4cd8b93c1e72262291e14d5974ff0fb81a218c070e38339f320ad2b4d1d,"{""d"":7,""model"":""phenomenological"",""p"":0.005}",
    276480,         3,         0,    1.55,pymatching,8407028e38ab80c5f461f56566276bae40a0814bc899a34e1aaa9345eb22cef3,"{""d"":9,""model"":""measurement"",""p"":0.013}",
    734208,         2,         0,    1.53,pymatching,769b0381ba69a0542c9985f90da82846fd031e8eb69e3de4a1cce452c519a17f,"{""d"":7,""model"":""measurement"",""p"":0.005}",
    579584,        20,         0,    1.54,pymatching,75d3d4cd8b93c1e72262291e14d5974ff0fb81a218c070e38339f320ad2b4d1d,"{""d"":7,""model"":""phenomenological"",""p"":0.005}",
    313344,         3,         0,    1.55,pymatching,f8b16c1db98fb154e268a37dcebc8c5eacbd03993daab091f051fc9a559c4e8e,"{""d"":9,""model"":""measurement"",""p"":0.01}",
    410624,         0,         0,    1.55,pymatching,d8cc9c2aa429a5713ed477b1939a2eff819cd7386a3ff93fdca7863794e89a3c,"{""d"":9,""model"":""measurement"",""p"":0.005}",
    317440,         4,         0,    1.55,pymatching,f8b16c1db98fb154e268a37dcebc8c5eacbd03993daab091f051fc9a559c4e8e,"{""d"":9,""model"":""measurement"",""p"":0.01}",
    276480,         5,         0,    1.55,pymatching,8407028e38ab80c5f461f56566276bae40a0814bc899a34e1aaa9345eb22cef3,"{""d"":9,""model"":""measurement"",""p"":0.013}",
    738304,         3,         0,    1.53,pymatching,769b0381ba69a0542c9985f90da82846fd031e8eb69e3de4a1cce452c519a17f,"{""d"":7,""model"":""measurement"",""p"":0.005}",
    252928,        15,         0,    1.55,pymatching,86b3858361a196bf75ce5c91e577522977558d7accbb131be9c1cd69c3ad677c,"{""d"":9,""model"":""measurement"",""p"":0.015}",
    505856,        14,         0,    1.54,pymatching,75d3d4cd8b93c1e72262291e14d5974ff0fb81a218c070e38339f320ad2b4d1d,"{""d"":7,""model"":""phenomenological"",""p"":0.005}",
    737280,         3,         0,    1.53,pymatching,769b0381ba69a0542c9985f90da82846fd031e8eb69e3de4a1cce452c519a17f,"{""d"":7,""model"":""measurement"",""p"":0.005}",
    273408,         0,         0,    1.55,pymatching,1938eb02fa174e4398af57ea22b7b299d6e80e0682a4886085d64e26cc5d8b28,"{""d"":9,""model"":""phenomenological"",""p"":0.005}",
    744448,         0,         0,    1.53,pymatching,769b0381ba69a0542c9985f90da82846fd031e8eb69e3de4a1cce452c519a17f,"{""d"":7,""model"":""measurement"",""p"":0.005}",
    571392,        25,         0,    1.53,pymatching,586f9f9e4edf15d86c032507ab490a443e4976c49adfd4546d9fd533639467ef,"{""d"":7,""model"":""measurement"",""p"":0.01}",
    270336,         1,         0,    1.55,pymatching,1938eb02fa174e4398af57ea22b7b299d6e80e0682a4886085d64e26cc5d8b28,"{""d"":9,""model"":""phenomenological"",""p"":0.005}",
    256000,        12,         0,    1.55,pymatching,86b3858361a196bf75ce5c91e577522977558d7accbb131be9c1cd69c3ad677c,"{""d"":9,""model"":""measurement"",""p"":0.015}",
    256000,        10,         0,    1.55,pymatching,86b3858361a196bf75ce5c91e577522977558d7accbb131be9c1cd69c3ad677c,"{""d"":9,""model"":""measurement"",""p"":0.015}",
    576512,        28,         0,    1.54,pymatching,586f9f9e4edf15d86c032507ab490a443e4976c49adfd4546d9fd533639467ef,"{""d"":7,""model"":""measurement"",""p"":0.01}",
    739328,         0,         0,    1.53,pymatching,769b0381ba69a0542c9985f90da82846fd031e8eb69e3de4a1cce452c519a17f,"{""d"":7,""model"":""measurement"",""p"":0.005}",
    270336,         1,         0,    1.55,pymatching,1938eb02fa174e4398af57ea22b7b299d6e80e0682a4886085d64e26cc5d8b28,"{""d"":9,""model"":""phenomenological"",""p"":0.005}",
    354304,         0,         0,    1.54,pymatching,d8cc9c2aa429a5713ed477b1939a2eff819cd7386a3ff93fdca7863794e89a3c,"{""d"":9,""model"":""measurement"",""p"":0.005}",
    270336,         1,         0,    1.55,pymatching,1938eb02fa174e4398af57ea22b7b299d6e80e0682a4886085d64e26cc5d8b28,"{""d"":9,""model"":""phenomenological"",""p"":0.005}",
    274432,         1,         0,    1.54,pymatching,f8b16c1db98fb154e268a37dcebc8c5eacbd03993daab091f051fc9a559c4e8e,"{""d"":9,""model"":""measurement"",""p"":0.01}",
    516096,        19,         0,    1.54,pymatching,586f9f9e4edf15d86c032507ab490a443e4976c49adfd4546d9fd533639467ef,"{""d"":7,""model"":""measurement"",""p"":0.01}",
    169984,        22,         0,    1.56,pymatching,b472c728ad4d530b896c209c587c8d35286cd7af1000ab881e02edca7db1d327,"{""d"":9,""model"":""phenomenological"",""p"":0.01}",
    564224,        21,         0,    1.53,pymatching,586f9f9e4edf15d86c032507ab490a443e4976c49adfd4546d9fd533639467ef,"{""d"":7,""model"":""measurement"",""p"":0.01}",
    571392,        37,         0,    1.53,pymatching,586f9f9e4edf15d86c032507ab490a443e4976c49adfd4546d9fd533639467ef,"{""d"":7,""model"":""measurement"",""p"":0.01}",
    169984,        17,         0,    1.55,pymatching,b472c728ad4d530b896c209c587c8d35286cd7af1000ab881e02edca7db1d327,"{""d"":9,""model"":""phenomenological"",""p"":0.01}",
    169984,        20,         0,    1.56,pymatching,b472c728ad4d530b896c209c587c8d35286cd7af1000ab881e02edca7db1d327,"{""d"":9,""model"":""phenomenological"",""p"":0.01}",
    354304,         0,         0,    1.54,pymatching,d8cc9c2aa429a5713ed477b1939a2eff819cd7386a3ff93fdca7863794e89a3c,"{""d"":9,""model"":""measurement"",""p"":0.005}",
    347136,         0,         0,    1.54,pymatching,d8cc9c2aa429a5713ed477b1939a2eff819cd7386a3ff93fdca7863794e89a3c,"{""d"":9,""model"":""measurement"",""p"":0.005}",
    355328,         0,         0,    1.54,pymatching,d8cc9c2aa429a5713ed477b1939a2eff819cd7386a3ff93fdca7863794e89a3c,"{""d"":9,""model"":""measurement"",""p"":0.005}",
    241664,         5,         0,    1.55,pymatching,8407028e38ab80c5f461f56566276bae40a0814bc899a34e1aaa9345eb22cef3,"{""d"":9,""model"":""measurement"",""p"":0.013}",
    273408,         1,         0,    1.54,pymatching,f8b16c1db98fb154e268a37dcebc8c5eacbd03993daab091f051fc9a559c4e8e,"{""d"":9,""model"":""measurement"",""p"":0.01}",
    222208,         8,         0,    1.55,pymatching,86b3858361a196bf75ce5c91e577522977558d7accbb131be9c1cd69c3ad677c,"{""d"":9,""model"":""measurement"",""p"":0.015}",
    171008,        24,         0,    1.56,pymatching,b472c728ad4d530b896c209c587c8d35286cd7af1000ab881e02edca7db1d327,"{""d"":9,""model"":""phenomenological"",""p"":0.01}",
    240640,         2,         0,    1.55,pymatching,8407028e38ab80c5f461f56566276bae40a0814bc899a34e1aaa9345eb22cef3,"{""d"":9,""model"":""measurement"",""p"":0.013}",
    573440,        23,         0,    1.54,pymatching,75d3d4cd8b93c1e72262291e14d5974ff0fb81a218c070e38339f320ad2b4d1d,"{""d"":7,""model"":""phenomenological"",""p"":0.005}",
    240640,         9,         0,    1.55,pymatching,8407028e38ab80c5f461f56566276bae40a0814bc899a34e1aaa9345eb22cef3,"{""d"":9,""model"":""measurement"",""p"":0.013}",
    273408,         3,         0,    1.55,pymatching,f8b16c1db98fb154e268a37dcebc8c5eacbd03993daab091f051fc9a559c4e8e,"{""d"":9,""model"":""measurement"",""p"":0.01}",
    220160,        11,         0,    1.55,pymatching,86b3858361a196bf75ce5c91e577522977558d7accbb131be9c1cd69c3ad677c,"{""d"":9,""model"":""measurement"",""p"":0.015}",
    235520,         1,         0,    1.55,pymatching,1938eb02fa174e4398af57ea22b7b299d6e80e0682a4886085d64e26cc5d8b28,"{""d"":9,""model"":""phenomenological"",""p"":0.005}",
    652288,        28,         0,    1.53,pymatching,586f9f9e4edf15d86c032507ab490a443e4976c49adfd4546d9fd533639467ef,"{""d"":7,""model"":""measurement"",""p"":0.01}",
    834560,         0,         0,    1.53,pymatching,769b0381ba69a0542c9985f90da82846fd031e8eb69e3de4a1cce452c519a17f,"{""d"":7,""model"":""measurement"",""p"":0.005}",
    168960,        22,         0,    1.55,pymatching,b472c728ad4d530b896c209c587c8d35286cd7af1000ab881e02edca7db1d327,"{""d"":9,""model"":""phenomenological"",""p"":0.01}",
    167936,        20,         0,    1.55,pymatching,b472c728ad4d530b896c209c587c8d35286cd7af1000ab881e02edca7db1d327,"{""d"":9,""model"":""phenomenological"",""p"":0.01}",
    811008,        20,         0,    2.15,pymatching,75d3d4cd8b93c1e72262291e14d5974ff0fb81a218c070e38339f320ad2b4d1d,"{""d"":7,""model"":""phenomenological"",""p"":0.005}",
    385024,         6,         0,    2.16,pymatching,8407028e38ab80c5f461f56566276bae40a0814bc899a34e1aaa9345eb22cef3,"{""d"":9,""model"":""measurement"",""p"":0.013}",
    797696,        29,         0,    2.15,pymatching,75d3d4cd8b93c1e72262291e14d5974ff0fb81a218c070e38339f320ad2b4d1d,"{""d"":7,""model"":""phenomenological"",""p"":0.005}",
   1015808,         4,         0,    2.14,pymatching,769b0381ba69a0542c9985f90da82846fd031e8eb69e3de4a1cce452c519a17f,"{""d"":7,""model"":""measurement"",""p"":0.005}",
    808960,        28,         0,    2.15,pymatching,75d3d4cd8b93c1e72262291e14d5974ff0fb81a218c070e38339f320ad2b4d1d,"{""d"":7,""model"":""phenomenological"",""p"":0.005}",
    436224,         4,         0,    2.16,pymatching,f8b16c1db98fb154e268a37dcebc8c5eacbd03993daab091f051fc9a559c4e8e,"{""d"":9,""model"":""measurement"",""p"":0.01}",
    572416,         0,         0,    2.16,pymatching,d8cc9c2aa429a5713ed477b1939a2eff819cd7386a3ff93fdca7863794e89a3c,"{""d"":9,""model"":""measurement"",""p"":0.005}",
    443392,         1,         0,    2.17,pymatching,f8b16c1db98fb154e268a37dcebc8c5eacbd03993daab091f051fc9a559c4e8e,"{""d"":9,""model"":""measurement"",""p"":0.01}",
    385024,         7,         0,    2.16,pymatching,8407028e38ab80c5f461f56566276bae40a0814bc899a34e1aaa9345eb22cef3,"{""d"":9,""model"":""measurement"",""p"":0.013}",
   1021952,         3,         0,    2.14,pymatching,769b0381ba69a0542c9985f90da82846fd031e8eb69e3de4a1cce452c519a17f,"{""d"":7,""model"":""measurement"",""p"":0.005}",
    352256,        12,         0,    2.16,pymatching,86b3858361a196bf75ce5c91e577522977558d7accbb131be9c1cd69c3ad677c,"{""d"":9,""model"":""measurement"",""p"":0.015}",
   1019904,         2,         0,    2.14,pymatching,769b0381ba69a0542c9985f90da82846fd031e8eb69e3de4a1cce452c519a17f,"{""d"":7,""model"":""measurement"",""p"":0.005}",
    699392,        24,         0,    2.15,pymatching,75d3d4cd8b93c1e72262291e14d5974ff0fb81a218c070e38339f320ad2b4d1d,"{""d"":7,""model"":""phenomenological"",""p"":0.005}",
    380928,         3,         0,    2.16,pymatching,1938eb02fa174e4398af57ea22b7b299d6e80e0682a4886085d64e26cc5d8b28,"{""d"":9,""model"":""phenomenological"",""p"":0.005}",
   1029120,         3,         0,    2.14,pymatching,769b0381ba69a0542c9985f90da82846fd031e8eb69e3de4a1cce452c519a17f,"{""d"":7,""model"":""measurement"",""p"":0.005}",
    791552,        31,         0,    2.15,pymatching,586f9f9e4edf15d86c032507ab490a443e4976c49adfd4546d9fd533639467ef,"{""d"":7,""model"":""measurement"",""p"":0.01}",
    376832,         1,         0,    2.16,pymatching,1938eb02fa174e4398af57ea22b7b299d6e80e0682a4886085d64e26cc5d8b28,"{""d"":9,""model"":""phenomenological"",""p"":0.005}",
    356352,        15,         0,    2.17,pymatching,86b3858361a196bf75ce5c91e577522977558d7accbb131be9c1cd69c3ad677c,"{""d"":9,""model"":""measurement"",""p"":0.015}",
   1022976,         2,         0,    2.14,pymatching,769b0381ba69a0542c9985f90da82846fd031e8eb69e3de4a1cce452c519a17f,"{""d"":7,""model"":""measurement"",""p"":0.005}",
    796672,        37,         0,    2.15,pymatching,586f9f9e4edf15d86c032507ab490a443e4976c49adfd4546d9fd533639467ef,"{""d"":7,""model"":""measurement"",""p"":0.01}",
    479232,        15,         0,    1.12,pymatching,586f9f9e4edf15d86c032507ab490a443e4976c49adfd4546d9fd533639467ef,"{""d"":7,""model"":""measurement"",""p"":0.01}",
      2048,         0,         0,   0.006,pymatching,586f9f9e4edf15d86c032507ab490a443e4976c49adfd4546d9fd533639467ef,"{""d"":7,""model"":""measurement"",""p"":0.01}",
    357376,        18,         0,    2.17,pymatching,86b3858361a196bf75ce5c91e577522977558d7accbb131be9c1cd69c3ad677c,"{""d"":9,""model"":""measurement"",""p"":0.015}",
    785408,        22,         0,    2.13,pymatching,586f9f9e4edf15d86c032507ab490a443e4976c49adfd4546d9fd533639467ef,"{""d"":7,""model"":""measurement"",""p"":0.01}",
    711680,        23,         0,    2.14,pymatching,586f9f9e4edf15d86c032507ab490a443e4976c49adfd4546d9fd533639467ef,"{""d"":7,""model"":""measurement"",""p"":0.01}",
    778240,        42,         0,    2.14,pymatching,586f9f9e4edf15d86c032507ab490a443e4976c49adfd4546d9fd533639467ef,"{""d"":7,""model"":""measurement"",""p"":0.01}",
      1024,         0,         0,   0.003,pymatching,586f9f9e4edf15d86c032507ab490a443e4976c49adfd4546d9fd533639467ef,"{""d"":7,""model"":""measurement"",""p"":0.01}",
    376832,         0,         0,    2.16,pymatching,1938eb02fa174e4398af57ea22b7b299d6e80e0682a4886085d64e26cc5d8b28,"{""d"":9,""model"":""phenomenological"",""p"":0.005}",
    490496,         0,         0,    2.16,pymatching,d8cc9c2aa429a5713ed477b1939a2eff819cd7386a3ff93fdca7863794e89a3c,"{""d"":9,""model"":""measurement"",""p"":0.005}",
    376832,         1,         0,    2.17,pymatching,1938eb02fa174e4398af57ea22b7b299d6e80e0682a4886085d64e26cc5d8b28,"{""d"":9,""model"":""phenomenological"",""p"":0.005}",
    380928,         3,         0,    2.17,pymatching,f8b16c1db98fb154e268a37dcebc8c5eacbd03993daab091f051fc9a559c4e8e,"{""d"":9,""model"":""measurement"",""p"":0.01}",
    236544,        24,         0,    2.17,pymatching,b472c728ad4d530b896c209c587c8d35286cd7af1000ab881e02edca7db1d327,"{""d"":9,""model"":""phenomenological"",""p"":0.01}",
    237568,        32,         0,    2.17,pymatching,b472c728ad4d530b896c209c587c8d35286cd7af1000ab881e02edca7db1d327,"{""d"":9,""model"":""phenomenological"",""p"":0.01}",
    491520,         0,         0,    2.16,pymatching,d8cc9c2aa429a5713ed477b1939a2eff819cd7386a3ff93fdca7863794e89a3c,"{""d"":9,""model"":""measurement"",""p"":0.005}",
    236544,        37,         0,    2.17,pymatching,b472c728ad4d530b896c209c587c8d35286cd7af1000ab881e02edca7db1d327,"{""d"":9,""model"":""phenomenological"",""p"":0.01}",
    481280,         0,         0,    2.16,pymatching,d8cc9c2aa429a5713ed477b1939a2eff819cd7386a3ff93fdca7863794e89a3c,"{""d"":9,""model"":""measurement"",""p"":0.005}",
      1297,         0,         0,   0.010,pymatching,8407028e38ab80c5f461f56566276bae40a0814bc899a34e1aaa9345eb22cef3,"{""d"":9,""model"":""measurement"",""p"":0.013}",
      2321,         0,         0,   0.012,pymatching,d8cc9c2aa429a5713ed477b1939a2eff819cd7386a3ff93fdca7863794e89a3c,"{""d"":9,""model"":""measurement"",""p"":0.005}",
      3345,         0,         0,   0.011,pymatching,75d3d4cd8b93c1e72262291e14d5974ff0fb81a218c070e38339f320ad2b4d1d,"{""d"":7,""model"":""phenomenological"",""p"":0.005}",
    333824,         5,         0,    2.16,pymatching,8407028e38ab80c5f461f56566276bae40a0814bc899a34e1aaa9345eb22cef3,"{""d"":9,""model"":""measurement"",""p"":0.013}",
      2321,         0,         0,   0.015,pymatching,f8b16c1db98fb154e268a37dcebc8c5eacbd03993daab091f051fc9a559c4e8e,"{""d"":9,""model"":""measurement"",""p"":0.01}",
      2321,         0,         0,   0.016,pymatching,86b3858361a196bf75ce5c91e577522977558d7accbb131be9c1cd69c3ad677c,"{""d"":9,""model"":""measurement"",""p"":0.015}",
      1297,         0,         0,   0.010,pymatching,1938eb02fa174e4398af57ea22b7b299d6e80e0682a4886085d64e26cc5d8b28,"{""d"":9,""model"":""phenomenological"",""p"":0.005}",
    492544,         0,         0,    2.16,pymatching,d8cc9c2aa429a5713ed477b1939a2eff819cd7386a3ff93fdca7863794e89a3c,"{""d"":9,""model"":""measurement"",""p"":0.005}",
    377856,         2,         0,    2.16,pymatching,f8b16c1db98fb154e268a37dcebc8c5eacbd03993daab091f051fc9a559c4e8e,"{""d"":9,""model"":""measurement"",""p"":0.01}",
    307200,        12,         0,    2.17,pymatching,86b3858361a196bf75ce5c91e577522977558d7accbb131be9c1cd69c3ad677c,"{""d"":9,""model"":""measurement"",""p"":0.015}",
      3072,         0,         0,   0.014,pymatching,d8cc9c2aa429a5713ed477b1939a2eff819cd7386a3ff93fdca7863794e89a3c,"{""d"":9,""model"":""measurement"",""p"":0.005}",
      5120,         1,         0,   0.016,pymatching,75d3d4cd8b93c1e72262291e14d5974ff0fb81a218c070e38339f320ad2b4d1d,"{""d"":7,""model"":""phenomenological"",""p"":0.005}",
      2048,         0,         0,   0.014,pymatching,1938eb02fa174e4398af57ea22b7b299d6e80e0682a4886085d64e26cc5d8b28,"{""d"":9,""model"":""phenomenological"",""p"":0.005}",
      3072,         0,         0,   0.020,pymatching,8407028e38ab80c5f461f56566276bae40a0814bc899a34e1aaa9345eb22cef3,"{""d"":9,""model"":""measurement"",""p"":0.013}",
      3072,         0,         0,   0.018,pymatching,f8b16c1db98fb154e268a37dcebc8c5eacbd03993daab091f051fc9a559c4e8e,"{""d"":9,""model"":""measurement"",""p"":0.01}",
    331776,         7,         0,    2.16,pymatching,8407028e38ab80c5f461f56566276bae40a0814bc899a34e1aaa9345eb22cef3,"{""d"":9,""model"":""measurement"",""p"":0.013}",
      3072,         0,         0,   0.019,pymatching,86b3858361a196bf75ce5c91e577522977558d7accbb131be9c1cd69c3ad677c,"{""d"":9,""model"":""measurement"",""p"":0.015}",
    238592,        29,         0,    2.18,pymatching,b472c728ad4d530b896c209c587c8d35286cd7af1000ab881e02edca7db1d327,"{""d"":9,""model"":""phenomenological"",""p"":0.01}",
      6144,         0,         0,   0.019,pymatching,75d3d4cd8b93c1e72262291e14d5974ff0fb81a218c070e38339f320ad2b4d1d,"{""d"":7,""model"":""phenomenological"",""p"":0.005}",
      5120,         0,         0,   0.023,pymatching,d8cc9c2aa429a5713ed477b1939a2eff819cd7386a3ff93fdca7863794e89a3c,"{""d"":9,""model"":""measurement"",""p"":0.005}",
      3072,         1,         0,   0.020,pymatching,8407028e38ab80c5f461f56566276bae40a0814bc899a34e1aaa9345eb22cef3,"{""d"":9,""model"":""measurement"",""p"":0.013}",
      3072,         0,         0,   0.020,pymatching,1938eb02fa174e4398af57ea22b7b299d6e80e0682a4886085d64e26cc5d8b28,"{""d"":9,""model"":""phenomenological"",""p"":0.005}",
      4096,         0,         0,   0.023,pymatching,f8b16c1db98fb154e268a37dcebc8c5eacbd03993daab091f051fc9a559c4e8e,"{""d"":9,""model"":""measurement"",""p"":0.01}",
      4096,         0,         0,   0.026,pymatching,86b3858361a196bf75ce5c91e577522977558d7accbb131be9c1cd69c3ad677c,"{""d"":9,""model"":""measurement"",""p"":0.015}",
      6144,         0,         0,   0.028,pymatching,d8cc9c2aa429a5713ed477b1939a2eff819cd7386a3ff93fdca7863794e89a3c,"{""d"":9,""model"":""measurement"",""p"":0.005}",
      9216,         0,         0,   0.029,pymatching,75d3d4cd8b93c1e72262291e14d5974ff0fb81a218c070e38339f320ad2b4d1d,"{""d"":7,""model"":""phenomenological"",""p"":0.005}",
      4096,         0,         0,   0.027,pymatching,1938eb02fa174e4398af57ea22b7b299d6e80e0682a4886085d64e26cc5d8b28,"{""d"":9,""model"":""phenomenological"",""p"":0.005}",
      5120,         0,         0,   0.033,pymatching,8407028e38ab80c5f461f56566276bae40a0814bc899a34e1aaa9345eb22cef3,"{""d"":9,""model"":""measurement"",""p"":0.013}",
      5120,         0,         0,   0.031,pymatching,f8b16c1db98fb154e268a37dcebc8c5eacbd03993daab091f051fc9a559c4e8e,"{""d"":9,""model"":""measurement"",""p"":0.01}",
      5120,         0,         0,   0.032,pymatching,86b3858361a196bf75ce5c91e577522977558d7accbb131be9c1cd69c3ad677c,"{""d"":9,""model"":""measurement"",""p"":0.015}",
     12288,         0,         0,   0.038,pymatching,75d3d4cd8b93c1e72262291e14d5974ff0fb81a218c070e38339f320ad2b4d1d,"{""d"":7,""model"":""phenomenological"",""p"":0.005}",
      9216,         0,         0,   0.041,pymatching,d8cc9c2aa429a5713ed477b1939a2eff819cd7386a3ff93fdca7863794e89a3c,"{""d"":9,""model"":""measurement"",""p"":0.005}",
      6144,         0,         0,   0.041,pymatching,1938eb02fa174e4398af57ea22b7b299d6e80e0682a4886085d64e26cc5d8b28,"{""d"":9,""model"":""phenomenological"",""p"":0.005}",
      6144,         0,         0,   0.040,pymatching,8407028e38ab80c5f461f56566276bae40a0814bc899a34e1aaa9345eb22cef3,"{""d"":9,""model"":""measurement"",""p"":0.013}",
      7168,         0,         0,   0.041,pymatching,f8b16c1db98fb154e268a37dcebc8c5eacbd03993daab091f051fc9a559c4e8e,"{""d"":9,""model"":""measurement"",""p"":0.01}",
      7168,         0,         0,   0.044,pymatching,86b3858361a196bf75ce5c91e577522977558d7accbb131be9c1cd69c3ad677c,"{""d"":9,""model"":""measurement"",""p"":0.015}",
     17408,         0,         0,   0.055,pymatching,75d3d4cd8b93c1e72262291e14d5974ff0fb81a218c070e38339f320ad2b4d1d,"{""d"":7,""model"":""phenomenological"",""p"":0.005}",
     12288,         0,         0,   0.055,pymatching,d8cc9c2aa429a5713ed477b1939a2eff819cd7386a3ff93fdca7863794e89a3c,"{""d"":9,""model"":""measurement"",""p"":0.005}",
      8192,         0,         0,   0.055,pymatching,1938eb02fa174e4398af57ea22b7b299d6e80e0682a4886085d64e26cc5d8b28,"{""d"":9,""model"":""phenomenological"",""p"":0.005}",
    800768,        39,         0,    2.15,pymatching,75d3d4cd8b93c1e72262291e14d5974ff0fb81a218c070e38339f320ad2b4d1d,"{""d"":7,""model"":""phenomenological"",""p"":0.005}",
      8192,         0,         0,   0.054,pymatching,8407028e38ab80c5f461f56566276bae40a0814bc899a34e1aaa9345eb22cef3,"{""d"":9,""model"":""measurement"",""p"":0.013}",
      9216,         0,         0,   0.054,pymatching,f8b16c1db98fb154e268a37dcebc8c5eacbd03993daab091f051fc9a559c4e8e,"{""d"":9,""model"":""measurement"",""p"":0.01}",
      9216,         0,         0,   0.057,pymatching,86b3858361a196bf75ce5c91e577522977558d7accbb131be9c1cd69c3ad677c,"{""d"":9,""model"":""measurement"",""p"":0.015}",
    332800,         2,         0,    2.17,pymatching,8407028e38ab80c5f461f56566276bae40a0814bc899a34e1aaa9345eb22cef3,"{""d"":9,""model"":""measurement"",""p"":0.013}",
    377856,         3,         0,    2.16,pymatching,f8b16c1db98fb154e268a37dcebc8c5eacbd03993daab091f051fc9a559c4e8e,"{""d"":9,""model"":""measurement"",""p"":0.01}",
    305152,        15,         0,    2.17,pymatching,86b3858361a196bf75ce5c91e577522977558d7accbb131be9c1cd69c3ad677c,"{""d"":9,""model"":""measurement"",""p"":0.015}",
    325632,         1,         0,    2.17,pymatching,1938eb02fa174e4398af57ea22b7b299d6e80e0682a4886085d64e26cc5d8b28,"{""d"":9,""model"":""phenomenological"",""p"":0.005}",
     11264,         0,         0,   0.075,pymatching,1938eb02fa174e4398af57ea22b7b299d6e80e0682a4886085d64e26cc5d8b28,"{""d"":9,""model"":""phenomenological"",""p"":0.005}",
     23552,         1,         0,   0.077,pymatching,75d3d4cd8b93c1e72262291e14d5974ff0fb81a218c070e38339f320ad2b4d1d,"{""d"":7,""model"":""phenomenological"",""p"":0.005}",
     17408,         0,         0,   0.078,pymatching,d8cc9c2aa429a5713ed477b1939a2eff819cd7386a3ff93fdca7863794e89a3c,"{""d"":9,""model"":""measurement"",""p"":0.005}",
     12288,         0,         0,   0.081,pymatching,8407028e38ab80c5f461f56566276bae40a0814bc899a34e1aaa9345eb22cef3,"{""d"":9,""model"":""measurement"",""p"":0.013}",
     13312,         0,         0,   0.077,pymatching,f8b16c1db98fb154e268a37dcebc8c5eacbd03993daab091f051fc9a559c4e8e,"{""d"":9,""model"":""measurement"",""p"":0.01}",
     12288,         0,         0,   0.076,pymatching,86b3858361a196bf75ce5c91e577522977558d7accbb131be9c1cd69c3ad677c,"{""d"":9,""model"":""measurement"",""p"":0.015}",
     32768,         2,         0,   0.104,pymatching,75d3d4cd8b93c1e72262291e14d5974ff0fb81a218c070e38339f320ad2b4d1d,"{""d"":7,""model"":""phenomenological"",""p"":0.005}",
     16384,         0,         0,   0.110,pymatching,1938eb02fa174e4398af57ea22b7b299d6e80e0682a4886085d64e26cc5d8b28,"{""d"":9,""model"":""phenomenological"",""p"":0.005}",
     24576,         0,         0,   0.108,pymatching,d8cc9c2aa429a5713ed477b1939a2eff819cd7386a3ff93fdca7863794e89a3c,"{""d"":9,""model"":""measurement"",""p"":0.005}",
     16384,         0,         0,   0.107,pymatching,8407028e38ab80c5f461f56566276bae40a0814bc899a34e1aaa9345eb22cef3,"{""d"":9,""model"":""measurement"",""p"":0.013}",
     18432,         0,         0,   0.107,pymatching,f8b16c1db98fb154e268a37dcebc8c5eacbd03993daab091f051fc9a559c4e8e,"{""d"":9,""model"":""measurement"",""p"":0.01}",
     17408,         1,         0,   0.106,pymatching,86b3858361a196bf75ce5c91e577522977558d7accbb131be9c1cd69c3ad677c,"{""d"":9,""model"":""measurement"",""p"":0.015}",
     46080,         3,         0,   0.146,pymatching,75d3d4cd8b93c1e72262291e14d5974ff0fb81a218c070e38339f320ad2b4d1d,"{""d"":7,""model"":""phenomenological"",""p"":0.005}",
     32768,         0,         0,   0.148,pymatching,d8cc9c2aa429a5713ed477b1939a2eff819cd7386a3ff93fdca7863794e89a3c,"{""d"":9,""model"":""measurement"",""p"":0.005}",
     22528,         0,         0,   0.150,pymatching,1938eb02fa174e4398af57ea22b7b299d6e80e0682a4886085d64e26cc5d8b28,"{""d"":9,""model"":""phenomenological"",""p"":0.005}",
     22528,         1,         0,   0.148,pymatching,8407028e38ab80c5f461f56566276bae40a0814bc899a34e1aaa9345eb22cef3,"{""d"":9,""model"":""measurement"",""p"":0.013}",
     25600,         1,         0,   0.147,pymatching,f8b16c1db98fb154e268a37dcebc8c5eacbd03993daab091f051fc9a559c4e8e,"{""d"":9,""model"":""measurement"",""p"":0.01}",
     24576,         1,         0,   0.151,pymatching,86b3858361a196bf75ce5c91e577522977558d7accbb131be9c1cd69c3ad677c,"{""d"":9,""model"":""measurement"",""p"":0.015}",
     65536,         0,         0,   0.207,pymatching,75d3d4cd8b93c1e72262291e14d5974ff0fb81a218c070e38339f320ad2b4d1d,"{""d"":7,""model"":""phenomenological"",""p"":0.005}",
     46080,         0,         0,   0.206,pymatching,d8cc9c2aa429a5713ed477b1939a2eff819cd7386a3ff93fdca7863794e89a3c,"{""d"":9,""model"":""measurement"",""p"":0.005}",
     35840,         0,         0,   0.206,pymatching,f8b16c1db98fb154e268a37dcebc8c5eacbd03993daab091f051fc9a559c4e8e,"{""d"":9,""model"":""measurement"",""p"":0.01}",
     31744,         0,         0,   0.209,pymatching,8407028e38ab80c5f461f56566276bae40a0814bc899a34e1aaa9345eb22cef3,"{""d"":9,""model"":""measurement"",""p"":0.013}",
     31744,         0,         0,   0.212,pymatching,1938eb02fa174e4398af57ea22b7b299d6e80e0682a4886085d64e26cc5d8b28,"{""d"":9,""model"":""phenomenological"",""p"":0.005}",
     33792,         1,         0,   0.209,pymatching,86b3858361a196bf75ce5c91e577522977558d7accbb131be9c1cd69c3ad677c,"{""d"":9,""model"":""measurement"",""p"":0.015}",
     91136,         5,         0,   0.288,pymatching,75d3d4cd8b93c1e72262291e14d5974ff0fb81a218c070e38339f320ad2b4d1d,"{""d"":7,""model"":""phenomenological"",""p"":0.005}",
     64512,         0,         0,   0.289,pymatching,d8cc9c2aa429a5713ed477b1939a2eff819cd7386a3ff93fdca7863794e89a3c,"{""d"":9,""model"":""measurement"",""p"":0.005}",
     43008,         0,         0,   0.289,pymatching,1938eb02fa174e4398af57ea22b7b299d6e80e0682a4886085d64e26cc5d8b28,"{""d"":9,""model"":""phenomenological"",""p"":0.005}",
     50176,         0,         0,   0.290,pymatching,f8b16c1db98fb154e268a37dcebc8c5eacbd03993daab091f051fc9a559c4e8e,"{""d"":9,""model"":""measurement"",""p"":0.01}",
     44032,         1,         0,   0.290,pymatching,8407028e38ab80c5f461f56566276bae40a0814bc899a34e1aaa9345eb22cef3,"{""d"":9,""model"":""measurement"",""p"":0.013}",
   1165312,         4,         0,    2.14,pymatching,769b0381ba69a0542c9985f90da82846fd031e8eb69e3de4a1cce452c519a17f,"{""d"":7,""model"":""measurement"",""p"":0.005}",
     47104,         2,         0,   0.291,pymatching,86b3858361a196bf75ce5c91e577522977558d7accbb131be9c1cd69c3ad677c,"{""d"":9,""model"":""measurement"",""p"":0.015}",
    235520,        39,         0,    2.17,pymatching,b472c728ad4d530b896c209c587c8d35286cd7af1000ab881e02edca7db1d327,"{""d"":9,""model"":""phenomenological"",""p"":0.01}",
    234496,        26,         0,    2.18,pymatching,b472c728ad4d530b896c209c587c8d35286cd7af1000ab881e02edca7db1d327,"{""d"":9,""model"":""phenomenological"",""p"":0.01}",
    128000,         1,         0,   0.403,pymatching,75d3d4cd8b93c1e72262291e14d5974ff0fb81a218c070e38339f320ad2b4d1d,"{""d"":7,""model"":""phenomenological"",""p"":0.005}",
     90112,         0,         0,   0.404,pymatching,d8cc9c2aa429a5713ed477b1939a2eff819cd7386a3ff93fdca7863794e89a3c,"{""d"":9,""model"":""measurement"",""p"":0.005}",
     69632,         2,         0,   0.403,pymatching,f8b16c1db98fb154e268a37dcebc8c5eacbd03993daab091f051fc9a559c4e8e,"{""d"":9,""model"":""measurement"",""p"":0.01}",
     61440,         2,         0,   0.404,pymatching,8407028e38ab80c5f461f56566276bae40a0814bc899a34e1aaa9345eb22cef3,"{""d"":9,""model"":""measurement"",""p"":0.013}",
     60416,         1,         0,   0.404,pymatching,1938eb02fa174e4398af57ea22b7b299d6e80e0682a4886085d64e26cc5d8b28,"{""d"":9,""model"":""phenomenological"",""p"":0.005}",
     65536,         3,         0,   0.404,pymatching,86b3858361a196bf75ce5c91e577522977558d7accbb131be9c1cd69c3ad677c,"{""d"":9,""model"":""measurement"",""p"":0.015}",
    178176,        10,         0,   0.561,pymatching,75d3d4cd8b93c1e72262291e14d5974ff0fb81a218c070e38339f320ad2b4d1d,"{""d"":7,""model"":""phenomenological"",""p"":0.005}",
    125952,         0,         0,   0.565,pymatching,d8cc9c2aa429a5713ed477b1939a2eff819cd7386a3ff93fdca7863794e89a3c,"{""d"":9,""model"":""measurement"",""p"":0.005}",
     97280,         0,         0,   0.564,pymatching,f8b16c1db98fb154e268a37dcebc8c5eacbd03993daab091f051fc9a559c4e8e,"{""d"":9,""model"":""measurement"",""p"":0.01}",
     86016,         2,         0,   0.566,pymatching,8407028e38ab80c5f461f56566276bae40a0814bc899a34e1aaa9345eb22cef3,"{""d"":9,""model"":""measurement"",""p"":0.013}",
     84992,         0,         0,   0.569,pymatching,1938eb02fa174e4398af57ea22b7b299d6e80e0682a4886085d64e26cc5d8b28,"{""d"":9,""model"":""phenomenological"",""p"":0.005}",
     92160,         6,         0,   0.567,pymatching,86b3858361a196bf75ce5c91e577522977558d7accbb131be9c1cd69c3ad677c,"{""d"":9,""model"":""measurement"",""p"":0.015}",
    247808,         7,         0,   0.786,pymatching,75d3d4cd8b93c1e72262291e14d5974ff0fb81a218c070e38339f320ad2b4d1d,"{""d"":7,""model"":""phenomenological"",""p"":0.005}",
    175104,         0,         0,   0.789,pymatching,d8cc9c2aa429a5713ed477b1939a2eff819cd7386a3ff93fdca7863794e89a3c,"{""d"":9,""model"":""measurement"",""p"":0.005}",
    136192,         0,         0,   0.792,pymatching,f8b16c1db98fb154e268a37dcebc8c5eacbd03993daab091f051fc9a559c4e8e,"{""d"":9,""model"":""measurement"",""p"":0.01}",
    119808,         3,         0,   0.792,pymatching,8407028e38ab80c5f461f56566276bae40a0814bc899a34e1aaa9345eb22cef3,"{""d"":9,""model"":""measurement"",""p"":0.013}",
    117760,         1,         0,   0.791,pymatching,1938eb02fa174e4398af57ea22b7b299d6e80e0682a4886085d64e26cc5d8b28,"{""d"":9,""model"":""phenomenological"",""p"":0.005}",
    128000,         8,         0,   0.792,pymatching,86b3858361a196bf75ce5c91e577522977558d7accbb131be9c1cd69c3ad677c,"{""d"":9,""model"":""measurement"",""p"":0.015}",
   1129472,        32,         0,    3.01,pymatching,75d3d4cd8b93c1e72262291e14d5974ff0fb81a218c070e38339f320ad2b4d1d,"{""d"":7,""model"":""phenomenological"",""p"":0.005}",
   1110016,        32,         0,    3.01,pymatching,75d3d4cd8b93c1e72262291e14d5974ff0fb81a218c070e38339f320ad2b4d1d,"{""d"":7,""model"":""phenomenological"",""p"":0.005}",
   1403904,         3,         0,    3.00,pymatching,769b0381ba69a0542c9985f90da82846fd031e8eb69e3de4a1cce452c519a17f,"{""d"":7,""model"":""measurement"",""p"":0.005}",
    536576,         7,         0,    3.03,pymatching,8407028e38ab80c5f461f56566276bae40a0814bc899a34e1aaa9345eb22cef3,"{""d"":9,""model"":""measurement"",""p"":0.013}",
   1126400,        27,         0,    3.01,pymatching,75d3d4cd8b93c1e72262291e14d5974ff0fb81a218c070e38339f320ad2b4d1d,"{""d"":7,""model"":""phenomenological"",""p"":0.005}",
    609280,         1,         0,    3.03,pymatching,f8b16c1db98fb154e268a37dcebc8c5eacbd03993daab091f051fc9a559c4e8e,"{""d"":9,""model"":""measurement"",""p"":0.01}",
    798720,         0,         0,    3.02,pymatching,d8cc9c2aa429a5713ed477b1939a2eff819cd7386a3ff93fdca7863794e89a3c,"{""d"":9,""model"":""measurement"",""p"":0.005}",
    616448,         8,         0,    3.03,pymatching,f8b16c1db98fb154e268a37dcebc8c5eacbd03993daab091f051fc9a559c4e8e,"{""d"":9,""model"":""measurement"",""p"":0.01}",
    537600,         7,         0,    3.03,pymatching,8407028e38ab80c5f461f56566276bae40a0814bc899a34e1aaa9345eb22cef3,"{""d"":9,""model"":""measurement"",""p"":0.013}",
   1417216,         1,         0,    3.00,pymatching,769b0381ba69a0542c9985f90da82846fd031e8eb69e3de4a1cce452c519a17f,"{""d"":7,""model"":""measurement"",""p"":0.005}",
    491520,        21,         0,    3.03,pymatching,86b3858361a196bf75ce5c91e577522977558d7accbb131be9c1cd69c3ad677c,"{""d"":9,""model"":""measurement"",""p"":0.015}",
   1417216,         1,         0,    3.00,pymatching,769b0381ba69a0542c9985f90da82846fd031e8eb69e3de4a1cce452c519a17f,"{""d"":7,""model"":""measurement"",""p"":0.005}",
    965632,        42,         0,    3.01,pymatching,75d3d4cd8b93c1e72262291e14d5974ff0fb81a218c070e38339f320ad2b4d1d,"{""d"":7,""model"":""phenomenological"",""p"":0.005}",
    532480,         3,         0,    3.03,pymatching,1938eb02fa174e4398af57ea22b7b299d6e80e0682a4886085d64e26cc5d8b28,"{""d"":9,""model"":""phenomenological"",""p"":0.005}",
   1423360,         4,         0,    3.00,pymatching,769b0381ba69a0542c9985f90da82846fd031e8eb69e3de4a1cce452c519a17f,"{""d"":7,""model"":""measurement"",""p"":0.005}",
    525312,         5,         0,    3.03,pymatching,1938eb02fa174e4398af57ea22b7b299d6e80e0682a4886085d64e26cc5d8b28,"{""d"":9,""model"":""phenomenological"",""p"":0.005}",
   1414144,         5,         0,    3.00,pymatching,769b0381ba69a0542c9985f90da82846fd031e8eb69e3de4a1cce452c519a17f,"{""d"":7,""model"":""measurement"",""p"":0.005}",
    497664,        20,         0,    3.04,pymatching,86b3858361a196bf75ce5c91e577522977558d7accbb131be9c1cd69c3ad677c,"{""d"":9,""model"":""measurement"",""p"":0.015}",
    497664,        24,         0,    3.03,pymatching,86b3858361a196bf75ce5c91e577522977558d7accbb131be9c1cd69c3ad677c,"{""d"":9,""model"":""measurement"",""p"":0.015}",
    525312,         1,         0,    3.03,pymatching,1938eb02fa174e4398af57ea22b7b299d6e80e0682a4886085d64e26cc5d8b28,"{""d"":9,""model"":""phenomenological"",""p"":0.005}",
    684032,         0,         0,    3.02,pymatching,d8cc9c2aa429a5713ed477b1939a2eff819cd7386a3ff93fdca7863794e89a3c,"{""d"":9,""model"":""measurement"",""p"":0.005}",
    524288,         0,         0,    3.03,pymatching,1938eb02fa174e4398af57ea22b7b299d6e80e0682a4886085d64e26cc5d8b28,"{""d"":9,""model"":""phenomenological"",""p"":0.005}",
    524288,         5,         0,    3.03,pymatching,f8b16c1db98fb154e268a37dcebc8c5eacbd03993daab091f051fc9a559c4e8e,"{""d"":9,""model"":""measurement"",""p"":0.01}",
    329728,        36,         0,    3.04,pymatching,b472c728ad4d530b896c209c587c8d35286cd7af1000ab881e02edca7db1d327,"{""d"":9,""model"":""phenomenological"",""p"":0.01}",
    668672,         0,         0,    3.02,pymatching,d8cc9c2aa429a5713ed477b1939a2eff819cd7386a3ff93fdca7863794e89a3c,"{""d"":9,""model"":""measurement"",""p"":0.005}",
    667648,         0,         0,    3.02,pymatching,d8cc9c2aa429a5713ed477b1939a2eff819cd7386a3ff93fdca7863794e89a3c,"{""d"":9,""model"":""measurement"",""p"":0.005}",
    330752,        21,         0,    3.05,pymatching,b472c728ad4d530b896c209c587c8d35286cd7af1000ab881e02edca7db1d327,"{""d"":9,""model"":""phenomenological"",""p"":0.01}",
    329728,        39,         0,    3.04,pymatching,b472c728ad4d530b896c209c587c8d35286cd7af1000ab881e02edca7db1d327,"{""d"":9,""model"":""phenomenological"",""p"":0.01}",
    678912,         0,         0,    3.02,pymatching,d8cc9c2aa429a5713ed477b1939a2eff819cd7386a3ff93fdca7863794e89a3c,"{""d"":9,""model"":""measurement"",""p"":0.005}",
    514048,         1,         0,    3.03,pymatching,f8b16c1db98fb154e268a37dcebc8c5eacbd03993daab091f051fc9a559c4e8e,"{""d"":9,""model"":""measurement"",""p"":0.01}",
    461824,         5,         0,    3.04,pymatching,8407028e38ab80c5f461f56566276bae40a0814bc899a34e1aaa9345eb22cef3,"{""d"":9,""model"":""measurement"",""p"":0.013}",
    423936,        27,         0,    3.03,pymatching,86b3858361a196bf75ce5c91e577522977558d7accbb131be9c1cd69c3ad677c,"{""d"":9,""model"":""measurement"",""p"":0.015}",
    459776,        12,         0,    3.03,pymatching,8407028e38ab80c5f461f56566276bae40a0814bc899a34e1aaa9345eb22cef3,"{""d"":9,""model"":""measurement"",""p"":0.013}",
    331776,        39,         0,    3.04,pymatching,b472c728ad4d530b896c209c587c8d35286cd7af1000ab881e02edca7db1d327,"{""d"":9,""model"":""phenomenological"",""p"":0.01}",
   1116160,        42,         0,    3.01,pymatching,75d3d4cd8b93c1e72262291e14d5974ff0fb81a218c070e38339f320ad2b4d1d,"{""d"":7,""model"":""phenomenological"",""p"":0.005}",
    522240,         3,         0,    3.03,pymatching,f8b16c1db98fb154e268a37dcebc8c5eacbd03993daab091f051fc9a559c4e8e,"{""d"":9,""model"":""measurement"",""p"":0.01}",
    459776,        14,         0,    3.03,pymatching,8407028e38ab80c5f461f56566276bae40a0814bc899a34e1aaa9345eb22cef3,"{""d"":9,""model"":""measurement"",""p"":0.013}",
    421888,        27,         0,    3.03,pymatching,86b3858361a196bf75ce5c91e577522977558d7accbb131be9c1cd69c3ad677c,"{""d"":9,""model"":""measurement"",""p"":0.015}",
    449536,         3,         0,    3.03,pymatching,1938eb02fa174e4398af57ea22b7b299d6e80e0682a4886085d64e26cc5d8b28,"{""d"":9,""model"":""phenomenological"",""p"":0.005}",
    347136,        15,         0,    1.10,pymatching,75d3d4cd8b93c1e72262291e14d5974ff0fb81a218c070e38339f320ad2b4d1d,"{""d"":7,""model"":""phenomenological"",""p"":0.005}",
    244736,         0,         0,    1.11,pymatching,d8cc9c2aa429a5713ed477b1939a2eff819cd7386a3ff93fdca7863794e89a3c,"{""d"":9,""model"":""measurement"",""p"":0.005}",
    189440,         0,         0,    1.11,pymatching,f8b16c1db98fb154e268a37dcebc8c5eacbd03993daab091f051fc9a559c4e8e,"{""d"":9,""model"":""measurement"",""p"":0.01}",
    163840,         0,         0,    1.10,pymatching,1938eb02fa174e4398af57ea22b7b299d6e80e0682a4886085d64e26cc5d8b28,"{""d"":9,""model"":""phenomenological"",""p"":0.005}",
    166912,         2,         0,    1.11,pymatching,8407028e38ab80c5f461f56566276bae40a0814bc899a34e1aaa9345eb22cef3,"{""d"":9,""model"":""measurement"",""p"":0.013}",
    179200,        13,         0,    1.11,pymatching,86b3858361a196bf75ce5c91e577522977558d7accbb131be9c1cd69c3ad677c,"{""d"":9,""model"":""measurement"",""p"":0.015}",
   1628160,         8,         0,    3.00,pymatching,769b0381ba69a0542c9985f90da82846fd031e8eb69e3de4a1cce452c519a17f,"{""d"":7,""model"":""measurement"",""p"":0.005}",
    327680,        41,         0,    3.04,pymatching,b472c728ad4d530b896c209c587c8d35286cd7af1000ab881e02edca7db1d327,"{""d"":9,""model"":""phenomenological"",""p"":0.01}",
    116736,        16,         0,    1.08,pymatching,b472c728ad4d530b896c209c587c8d35286cd7af1000ab881e02edca7db1d327,"{""d"":9,""model"":""phenomenological"",""p"":0.01}",
    118784,        18,         0,    1.10,pymatching,b472c728ad4d530b896c209c587c8d35286cd7af1000ab881e02edca7db1d327,"{""d"":9,""model"":""phenomenological"",""p"":0.01}",
    327680,        26,         0,    3.04,pymatching,b472c728ad4d530b896c209c587c8d35286cd7af1000ab881e02edca7db1d327,"{""d"":9,""model"":""phenomenological"",""p"":0.01}",
    115712,        13,         0,    1.06,pymatching,b472c728ad4d530b896c209c587c8d35286cd7af1000ab881e02edca7db1d327,"{""d"":9,""model"":""phenomenological"",""p"":0.01}",
    118784,         7,         0,    1.09,pymatching,b472c728ad4d530b896c209c587c8d35286cd7af1000ab881e02edca7db1d327,"{""d"":9,""model"":""phenomenological"",""p"":0.01}",
      4369,         0,         0,   0.011,pymatching,75d3d4cd8b93c1e72262291e14d5974ff0fb81a218c070e38339f320ad2b4d1d,"{""d"":7,""model"":""phenomenological"",""p"":0.005}",
      2321,         0,         0,   0.013,pymatching,f8b16c1db98fb154e268a37dcebc8c5eacbd03993daab091f051fc9a559c4e8e,"{""d"":9,""model"":""measurement"",""p"":0.01}",
      5393,         0,         0,   0.010,pymatching,769b0381ba69a0542c9985f90da82846fd031e8eb69e3de4a1cce452c519a17f,"{""d"":7,""model"":""measurement"",""p"":0.005}",
      2321,         0,         0,   0.010,pymatching,d8cc9c2aa429a5713ed477b1939a2eff819cd7386a3ff93fdca7863794e89a3c,"{""d"":9,""model"":""measurement"",""p"":0.005}",
      2321,         0,         0,   0.016,pymatching,86b3858361a196bf75ce5c91e577522977558d7accbb131be9c1cd69c3ad677c,"{""d"":9,""model"":""measurement"",""p"":0.015}",
      2321,         0,         0,   0.017,pymatching,8407028e38ab80c5f461f56566276bae40a0814bc899a34e1aaa9345eb22cef3,"{""d"":9,""model"":""measurement"",""p"":0.013}",
      5120,         1,         0,   0.014,pymatching,75d3d4cd8b93c1e72262291e14d5974ff0fb81a218c070e38339f320ad2b4d1d,"{""d"":7,""model"":""phenomenological"",""p"":0.005}",
      3072,         0,         0,   0.015,pymatching,f8b16c1db98fb154e268a37dcebc8c5eacbd03993daab091f051fc9a559c4e8e,"{""d"":9,""model"":""measurement"",""p"":0.01}",
      8192,         0,         0,   0.015,pymatching,769b0381ba69a0542c9985f90da82846fd031e8eb69e3de4a1cce452c519a17f,"{""d"":7,""model"":""measurement"",""p"":0.005}",
      4096,         0,         0,   0.016,pymatching,d8cc9c2aa429a5713ed477b1939a2eff819cd7386a3ff93fdca7863794e89a3c,"{""d"":9,""model"":""measurement"",""p"":0.005}",
      3072,         0,         0,   0.017,pymatching,8407028e38ab80c5f461f56566276bae40a0814bc899a34e1aaa9345eb22cef3,"{""d"":9,""model"":""measurement"",""p"":0.013}",
      3072,         0,         0,   0.019,pymatching,86b3858361a196bf75ce5c91e577522977558d7accbb131be9c1cd69c3ad677c,"{""d"":9,""model"":""measurement"",""p"":0.015}",
      7168,         1,         0,   0.020,pymatching,75d3d4cd8b93c1e72262291e14d5974ff0fb81a218c070e38339f320ad2b4d1d,"{""d"":7,""model"":""phenomenological"",""p"":0.005}",
      4096,         0,         0,   0.021,pymatching,f8b16c1db98fb154e268a37dcebc8c5eacbd03993daab091f051fc9a559c4e8e,"{""d"":9,""model"":""measurement"",""p"":0.01}",
     11264,         0,         0,   0.021,pymatching,769b0381ba69a0542c9985f90da82846fd031e8eb69e3de4a1cce452c519a17f,"{""d"":7,""model"":""measurement"",""p"":0.005}",
      5120,         0,         0,   0.020,pymatching,d8cc9c2aa429a5713ed477b1939a2eff819cd7386a3ff93fdca7863794e89a3c,"{""d"":9,""model"":""measurement"",""p"":0.005}",
      3072,         0,         0,   0.019,pymatching,86b3858361a196bf75ce5c91e577522977558d7accbb131be9c1cd69c3ad677c,"{""d"":9,""model"":""measurement"",""p"":0.015}",
      4096,         0,         0,   0.023,pymatching,8407028e38ab80c5f461f56566276bae40a0814bc899a34e1aaa9345eb22cef3,"{""d"":9,""model"":""measurement"",""p"":0.013}",
     10240,         0,         0,   0.028,pymatching,75d3d4cd8b93c1e72262291e14d5974ff0fb81a218c070e38339f320ad2b4d1d,"{""d"":7,""model"":""phenomenological"",""p"":0.005}",
     15360,         0,         0,   0.028,pymatching,769b0381ba69a0542c9985f90da82846fd031e8eb69e3de4a1cce452c519a17f,"{""d"":7,""model"":""measurement"",""p"":0.005}",
      7168,         0,         0,   0.028,pymatching,d8cc9c2aa429a5713ed477b1939a2eff819cd7386a3ff93fdca7863794e89a3c,"{""d"":9,""model"":""measurement"",""p"":0.005}",
      6144,         0,         0,   0.031,pymatching,f8b16c1db98fb154e268a37dcebc8c5eacbd03993daab091f051fc9a559c4e8e,"{""d"":9,""model"":""measurement"",""p"":0.01}",
      5120,         0,         0,   0.029,pymatching,8407028e38ab80c5f461f56566276bae40a0814bc899a34e1aaa9345eb22cef3,"{""d"":9,""model"":""measurement"",""p"":0.013}",
      5120,         1,         0,   0.032,pymatching,86b3858361a196bf75ce5c91e577522977558d7accbb131be9c1cd69c3ad677c,"{""d"":9,""model"":""measurement"",""p"":0.015}",
     14336,         2,         0,   0.039,pymatching,75d3d4cd8b93c1e72262291e14d5974ff0fb81a218c070e38339f320ad2b4d1d,"{""d"":7,""model"":""phenomenological"",""p"":0.005}",
     21504,         0,         0,   0.039,pymatching,769b0381ba69a0542c9985f90da82846fd031e8eb69e3de4a1cce452c519a17f,"{""d"":7,""model"":""measurement"",""p"":0.005}",
     10240,         0,         0,   0.040,pymatching,d8cc9c2aa429a5713ed477b1939a2eff819cd7386a3ff93fdca7863794e89a3c,"{""d"":9,""model"":""measurement"",""p"":0.005}",
      8192,         0,         0,   0.041,pymatching,f8b16c1db98fb154e268a37dcebc8c5eacbd03993daab091f051fc9a559c4e8e,"{""d"":9,""model"":""measurement"",""p"":0.01}",
      6144,         0,         0,   0.038,pymatching,86b3858361a196bf75ce5c91e577522977558d7accbb131be9c1cd69c3ad677c,"{""d"":9,""model"":""measurement"",""p"":0.015}",
      7168,         0,         0,   0.041,pymatching,8407028e38ab80c5f461f56566276bae40a0814bc899a34e1aaa9345eb22cef3,"{""d"":9,""model"":""measurement"",""p"":0.013}",
     19456,         0,         0,   0.053,pymatching,75d3d4cd8b93c1e72262291e14d5974ff0fb81a218c070e38339f320ad2b4d1d,"{""d"":7,""model"":""phenomenological"",""p"":0.005}",
     29696,         0,         0,   0.054,pymatching,769b0381ba69a0542c9985f90da82846fd031e8eb69e3de4a1cce452c519a17f,"{""d"":7,""model"":""measurement"",""p"":0.005}",
     14336,         0,         0,   0.056,pymatching,d8cc9c2aa429a5713ed477b1939a2eff819cd7386a3ff93fdca7863794e89a3c,"{""d"":9,""model"":""measurement"",""p"":0.005}",
     11264,         0,         0,   0.057,pymatching,f8b16c1db98fb154e268a37dcebc8c5eacbd03993daab091f051fc9a559c4e8e,"{""d"":9,""model"":""measurement"",""p"":0.01}",
      9216,         1,         0,   0.057,pymatching,86b3858361a196bf75ce5c91e577522977558d7accbb131be9c1cd69c3ad677c,"{""d"":9,""model"":""measurement"",""p"":0.015}",
     10240,         0,         0,   0.058,pymatching,8407028e38ab80c5f461f56566276bae40a0814bc899a34e1aaa9345eb22cef3,"{""d"":9,""model"":""measurement"",""p"":0.013}",
     27648,         0,         0,   0.076,pymatching,75d3d4cd8b93c1e72262291e14d5974ff0fb81a218c070e38339f320ad2b4d1d,"{""d"":7,""model"":""phenomenological"",""p"":0.005}",
     40960,         0,         0,   0.075,pymatching,769b0381ba69a0542c9985f90da82846fd031e8eb69e3de4a1cce452c519a17f,"{""d"":7,""model"":""measurement"",""p"":0.005}",
     19456,         0,         0,   0.076,pymatching,d8cc9c2aa429a5713ed477b1939a2eff819cd7386a3ff93fdca7863794e89a3c,"{""d"":9,""model"":""measurement"",""p"":0.005}",
     15360,         0,         0,   0.077,pymatching,f8b16c1db98fb154e268a37dcebc8c5eacbd03993daab091f051fc9a559c4e8e,"{""d"":9,""model"":""measurement"",""p"":0.01}",
     12288,         1,         0,   0.076,pymatching,86b3858361a196bf75ce5c91e577522977558d7accbb131be9c1cd69c3ad677c,"{""d"":9,""model"":""measurement"",""p"":0.015}",
     13312,         0,         0,   0.076,pymatching,8407028e38ab80c5f461f56566276bae40a0814bc899a34e1aaa9345eb22cef3,"{""d"":9,""model"":""measurement"",""p"":0.013}",
     38912,         2,         0,   0.106,pymatching,75d3d4cd8b93c1e72262291e14d5974ff0fb81a218c070e38339f320ad2b4d1d,"{""d"":7,""model"":""phenomenological"",""p"":0.005}",
     57344,         0,         0,   0.104,pymatching,769b0381ba69a0542c9985f90da82846fd031e8eb69e3de4a1cce452c519a17f,"{""d"":7,""model"":""measurement"",""p"":0.005}",
     27648,         0,         0,   0.108,pymatching,d8cc9c2aa429a5713ed477b1939a2eff819cd7386a3ff93fdca7863794e89a3c,"{""d"":9,""model"":""measurement"",""p"":0.005}",
     21504,         1,         0,   0.108,pymatching,f8b16c1db98fb154e268a37dcebc8c5eacbd03993daab091f051fc9a559c4e8e,"{""d"":9,""model"":""measurement"",""p"":0.01}",
     17408,         1,         0,   0.108,pymatching,86b3858361a196bf75ce5c91e577522977558d7accbb131be9c1cd69c3ad677c,"{""d"":9,""model"":""measurement"",""p"":0.015}",
     18432,         0,         0,   0.106,pymatching,8407028e38ab80c5f461f56566276bae40a0814bc899a34e1aaa9345eb22cef3,"{""d"":9,""model"":""measurement"",""p"":0.013}",
     54272,         1,         0,   0.147,pymatching,75d3d4cd8b93c1e72262291e14d5974ff0fb81a218c070e38339f320ad2b4d1d,"{""d"":7,""model"":""phenomenological"",""p"":0.005}",
     79872,         1,         0,   0.146,pymatching,769b0381ba69a0542c9985f90da82846fd031e8eb69e3de4a1cce452c519a17f,"{""d"":7,""model"":""measurement"",""p"":0.005}",
     37888,         0,         0,   0.147,pymatching,d8cc9c2aa429a5713ed477b1939a2eff819cd7386a3ff93fdca7863794e89a3c,"{""d"":9,""model"":""measurement"",""p"":0.005}",
     29696,         0,         0,   0.149,pymatching,f8b16c1db98fb154e268a37dcebc8c5eacbd03993daab091f051fc9a559c4e8e,"{""d"":9,""model"":""measurement"",""p"":0.01}",
     24576,         1,         0,   0.153,pymatching,86b3858361a196bf75ce5c91e577522977558d7accbb131be9c1cd69c3ad677c,"{""d"":9,""model"":""measurement"",""p"":0.015}",
     26624,         0,         0,   0.152,pymatching,8407028e38ab80c5f461f56566276bae40a0814bc899a34e1aaa9345eb22cef3,"{""d"":9,""model"":""measurement"",""p"":0.013}",
     74752,         1,         0,   0.204,pymatching,75d3d4cd8b93c1e72262291e14d5974ff0fb81a218c070e38339f320ad2b4d1d,"{""d"":7,""model"":""phenomenological"",""p"":0.005}",
    111616,         0,         0,   0.204,pymatching,769b0381ba69a0542c9985f90da82846fd031e8eb69e3de4a1cce452c519a17f,"{""d"":7,""model"":""measurement"",""p"":0.005}",
     53248,         1,         0,   0.208,pymatching,d8cc9c2aa429a5713ed477b1939a2eff819cd7386a3ff93fdca7863794e89a3c,"{""d"":9,""model"":""measurement"",""p"":0.005}",
     40960,         1,         0,   0.206,pymatching,f8b16c1db98fb154e268a37dcebc8c5eacbd03993daab091f051fc9a559c4e8e,"{""d"":9,""model"":""measurement"",""p"":0.01}",
     33792,         2,         0,   0.209,pymatching,86b3858361a196bf75ce5c91e577522977558d7accbb131be9c1cd69c3ad677c,"{""d"":9,""model"":""measurement"",""p"":0.015}",
     36864,         0,         0,   0.209,pymatching,8407028e38ab80c5f461f56566276bae40a0814bc899a34e1aaa9345eb22cef3,"{""d"":9,""model"":""measurement"",""p"":0.013}",
    105472,         1,         0,   0.288,pymatching,75d3d4cd8b93c1e72262291e14d5974ff0fb81a218c070e38339f320ad2b4d1d,"{""d"":7,""model"":""phenomenological"",""p"":0.005}",
    155648,         0,         0,   0.285,pymatching,769b0381ba69a0542c9985f90da82846fd031e8eb69e3de4a1cce452c519a17f,"{""d"":7,""model"":""measurement"",""p"":0.005}",
     73728,         0,         0,   0.287,pymatching,d8cc9c2aa429a5713ed477b1939a2eff819cd7386a3ff93fdca7863794e89a3c,"{""d"":9,""model"":""measurement"",""p"":0.005}",
     57344,         0,         0,   0.288,pymatching,f8b16c1db98fb154e268a37dcebc8c5eacbd03993daab091f051fc9a559c4e8e,"{""d"":9,""model"":""measurement"",""p"":0.01}",
     47104,         2,         0,   0.292,pymatching,86b3858361a196bf75ce5c91e577522977558d7accbb131be9c1cd69c3ad677c,"{""d"":9,""model"":""measurement"",""p"":0.015}",
     51200,         0,         0,   0.291,pymatching,8407028e38ab80c5f461f56566276bae40a0814bc899a34e1aaa9345eb22cef3,"{""d"":9,""model"":""measurement"",""p"":0.013}",
    485376,        13,         0,    1.54,pymatching,75d3d4cd8b93c1e72262291e14d5974ff0fb81a218c070e38339f320ad2b4d1d,"{""d"":7,""model"":""phenomenological"",""p"":0.005}",
    339968,         0,         0,    1.54,pymatching,d8cc9c2aa429a5713ed477b1939a2eff819cd7386a3ff93fdca7863794e89a3c,"{""d"":9,""model"":""measurement"",""p"":0.005}",
    232448,         4,         0,    1.55,pymatching,8407028e38ab80c5f461f56566276bae40a0814bc899a34e1aaa9345eb22cef3,"{""d"":9,""model"":""measurement"",""p"":0.013}",
    264192,         0,         0,    1.55,pymatching,f8b16c1db98fb154e268a37dcebc8c5eacbd03993daab091f051fc9a559c4e8e,"{""d"":9,""model"":""measurement"",""p"":0.01}",
    229376,         2,         0,    1.55,pymatching,1938eb02fa174e4398af57ea22b7b299d6e80e0682a4886085d64e26cc5d8b28,"{""d"":9,""model"":""phenomenological"",""p"":0.005}",
    249856,        10,         0,    1.55,pymatching,86b3858361a196bf75ce5c91e577522977558d7accbb131be9c1cd69c3ad677c,"{""d"":9,""model"":""measurement"",""p"":0.015}",
    147456,         4,         0,   0.402,pymatching,75d3d4cd8b93c1e72262291e14d5974ff0fb81a218c070e38339f320ad2b4d1d,"{""d"":7,""model"":""phenomenological"",""p"":0.005}",
    218112,         2,         0,   0.399,pymatching,769b0381ba69a0542c9985f90da82846fd031e8eb69e3de4a1cce452c519a17f,"{""d"":7,""model"":""measurement"",""p"":0.005}",
    103424,         0,         0,   0.402,pymatching,d8cc9c2aa429a5713ed477b1939a2eff819cd7386a3ff93fdca7863794e89a3c,"{""d"":9,""model"":""measurement"",""p"":0.005}",
     80896,         1,         0,   0.407,pymatching,f8b16c1db98fb154e268a37dcebc8c5eacbd03993daab091f051fc9a559c4e8e,"{""d"":9,""model"":""measurement"",""p"":0.01}",
     70656,         0,         0,   0.404,pymatching,8407028e38ab80c5f461f56566276bae40a0814bc899a34e1aaa9345eb22cef3,"{""d"":9,""model"":""measurement"",""p"":0.013}",
     65536,         4,         0,   0.406,pymatching,86b3858361a196bf75ce5c91e577522977558d7accbb131be9c1cd69c3ad677c,"{""d"":9,""model"":""measurement"",""p"":0.015}",
    205824,         6,         0,   0.561,pymatching,75d3d4cd8b93c1e72262291e14d5974ff0fb81a218c070e38339f320ad2b4d1d,"{""d"":7,""model"":""phenomenological"",""p"":0.005}",
    305152,         1,         0,   0.559,pymatching,769b0381ba69a0542c9985f90da82846fd031e8eb69e3de4a1cce452c519a17f,"{""d"":7,""model"":""measurement"",""p"":0.005}",
    144384,         0,         0,   0.563,pymatching,d8cc9c2aa429a5713ed477b1939a2eff819cd7386a3ff93fdca7863794e89a3c,"{""d"":9,""model"":""measurement"",""p"":0.005}",
    112640,         5,         0,   0.566,pymatching,f8b16c1db98fb154e268a37dcebc8c5eacbd03993daab091f051fc9a559c4e8e,"{""d"":9,""model"":""measurement"",""p"":0.01}",
     99328,         1,         0,   0.566,pymatching,8407028e38ab80c5f461f56566276bae40a0814bc899a34e1aaa9345eb22cef3,"{""d"":9,""model"":""measurement"",""p"":0.013}",
     91136,         1,         0,   0.565,pymatching,86b3858361a196bf75ce5c91e577522977558d7accbb131be9c1cd69c3ad677c,"{""d"":9,""model"":""measurement"",""p"":0.015}",
    287744,         8,         0,   0.785,pymatching,75d3d4cd8b93c1e72262291e14d5974ff0fb81a218c070e38339f320ad2b4d1d,"{""d"":7,""model"":""phenomenological"",""p"":0.005}",
    427008,         0,         0,   0.782,pymatching,769b0381ba69a0542c9985f90da82846fd031e8eb69e3de4a1cce452c519a17f,"{""d"":7,""model"":""measurement"",""p"":0.005}",
    201728,         0,         0,   0.788,pymatching,d8cc9c2aa429a5713ed477b1939a2eff819cd7386a3ff93fdca7863794e89a3c,"{""d"":9,""model"":""measurement"",""p"":0.005}",
    156672,         1,         0,   0.788,pymatching,f8b16c1db98fb154e268a37dcebc8c5eacbd03993daab091f051fc9a559c4e8e,"{""d"":9,""model"":""measurement"",""p"":0.01}",
    139264,         5,         0,   0.793,pymatching,8407028e38ab80c5f461f56566276bae40a0814bc899a34e1aaa9345eb22cef3,"{""d"":9,""model"":""measurement"",""p"":0.013}",
    128000,         4,         0,   0.794,pymatching,86b3858361a196bf75ce5c91e577522977558d7accbb131be9c1cd69c3ad677c,"{""d"":9,""model"":""measurement"",""p"":0.015}",
   1573888,        62,         0,    4.22,pymatching,75d3d4cd8b93c1e72262291e14d5974ff0fb81a218c070e38339f320ad2b4d1d,"{""d"":7,""model"":""phenomenological"",""p"":0.005}",
   1576960,        56,         0,    4.21,pymatching,75d3d4cd8b93c1e72262291e14d5974ff0fb81a218c070e38339f320ad2b4d1d,"{""d"":7,""model"":""phenomenological"",""p"":0.005}",
   1556480,        50,         0,    4.22,pymatching,75d3d4cd8b93c1e72262291e14d5974ff0fb81a218c070e38339f320ad2b4d1d,"{""d"":7,""model"":""phenomenological"",""p"":0.005}",
    563200,        27,         0,    1.79,pymatching,75d3d4cd8b93c1e72262291e14d5974ff0fb81a218c070e38339f320ad2b4d1d,"{""d"":7,""model"":""phenomenological"",""p"":0.005}",
   1943552,         7,         0,    4.20,pymatching,769b0381ba69a0542c9985f90da82846fd031e8eb69e3de4a1cce452c519a17f,"{""d"":7,""model"":""measurement"",""p"":0.005}",
    118784,         2,         0,   0.325,pymatching,75d3d4cd8b93c1e72262291e14d5974ff0fb81a218c070e38339f320ad2b4d1d,"{""d"":7,""model"":""phenomenological"",""p"":0.005}",
   1474560,        46,         0,    3.99,pymatching,75d3d4cd8b93c1e72262291e14d5974ff0fb81a218c070e38339f320ad2b4d1d,"{""d"":7,""model"":""phenomenological"",""p"":0.005}",
      1024,         0,         0,   0.003,pymatching,75d3d4cd8b93c1e72262291e14d5974ff0fb81a218c070e38339f320ad2b4d1d,"{""d"":7,""model"":""phenomenological"",""p"":0.005}",
   1328128,        51,         0,    4.20,pymatching,75d3d4cd8b93c1e72262291e14d5974ff0fb81a218c070e38339f320ad2b4d1d,"{""d"":7,""model"":""phenomenological"",""p"":0.005}",
    749568,        11,         0,    4.24,pymatching,8407028e38ab80c5f461f56566276bae40a0814bc899a34e1aaa9345eb22cef3,"{""d"":9,""model"":""measurement"",""p"":0.013}",
    848896,         7,         0,    4.24,pymatching,f8b16c1db98fb154e268a37dcebc8c5eacbd03993daab091f051fc9a559c4e8e,"{""d"":9,""model"":""measurement"",""p"":0.01}",
   1113088,         0,         0,    4.23,pymatching,d8cc9c2aa429a5713ed477b1939a2eff819cd7386a3ff93fdca7863794e89a3c,"{""d"":9,""model"":""measurement"",""p"":0.005}",
    861184,         4,         0,    4.24,pymatching,f8b16c1db98fb154e268a37dcebc8c5eacbd03993daab091f051fc9a559c4e8e,"{""d"":9,""model"":""measurement"",""p"":0.01}",
    750592,        18,         0,    4.24,pymatching,8407028e38ab80c5f461f56566276bae40a0814bc899a34e1aaa9345eb22cef3,"{""d"":9,""model"":""measurement"",""p"":0.013}",
   1959936,         8,         0,    4.20,pymatching,769b0381ba69a0542c9985f90da82846fd031e8eb69e3de4a1cce452c519a17f,"{""d"":7,""model"":""measurement"",""p"":0.005}",
   1955840,        10,         0,    4.20,pymatching,769b0381ba69a0542c9985f90da82846fd031e8eb69e3de4a1cce452c519a17f,"{""d"":7,""model"":""measurement"",""p"":0.005}",
    684032,        33,         0,    4.25,pymatching,86b3858361a196bf75ce5c91e577522977558d7accbb131be9c1cd69c3ad677c,"{""d"":9,""model"":""measurement"",""p"":0.015}",
    742400,         3,         0,    4.24,pymatching,1938eb02fa174e4398af57ea22b7b299d6e80e0682a4886085d64e26cc5d8b28,"{""d"":9,""model"":""phenomenological"",""p"":0.005}",
      2321,         0,         0,   0.010,pymatching,d8cc9c2aa429a5713ed477b1939a2eff819cd7386a3ff93fdca7863794e89a3c,"{""d"":9,""model"":""measurement"",""p"":0.005}",
      4369,         0,         0,   0.010,pymatching,769b0381ba69a0542c9985f90da82846fd031e8eb69e3de4a1cce452c519a17f,"{""d"":7,""model"":""measurement"",""p"":0.005}",
      2321,         0,         0,   0.013,pymatching,f8b16c1db98fb154e268a37dcebc8c5eacbd03993daab091f051fc9a559c4e8e,"{""d"":9,""model"":""measurement"",""p"":0.01}",
   1972224,         8,         0,    4.20,pymatching,769b0381ba69a0542c9985f90da82846fd031e8eb69e3de4a1cce452c519a17f,"{""d"":7,""model"":""measurement"",""p"":0.005}",
      1297,         0,         0,   0.011,pymatching,86b3858361a196bf75ce5c91e577522977558d7accbb131be9c1cd69c3ad677c,"{""d"":9,""model"":""measurement"",""p"":0.015}",
      2321,         0,         0,   0.014,pymatching,8407028e38ab80c5f461f56566276bae40a0814bc899a34e1aaa9345eb22cef3,"{""d"":9,""model"":""measurement"",""p"":0.013}",
    736256,         7,         0,    4.24,pymatching,1938eb02fa174e4398af57ea22b7b299d6e80e0682a4886085d64e26cc5d8b28,"{""d"":9,""model"":""phenomenological"",""p"":0.005}",
   1955840,         8,         0,    4.20,pymatching,769b0381ba69a0542c9985f90da82846fd031e8eb69e3de4a1cce452c519a17f,"{""d"":7,""model"":""measurement"",""p"":0.005}",
      2321,         0,         0,   0.015,pymatching,1938eb02fa174e4398af57ea22b7b299d6e80e0682a4886085d64e26cc5d8b28,"{""d"":9,""model"":""phenomenological"",""p"":0.005}",
      2321,         0,         0,   0.015,pymatching,1938eb02fa174e4398af57ea22b7b299d6e80e0682a4886085d64e26cc5d8b28,"{""d"":9,""model"":""phenomenological"",""p"":0.005}",
    693248,        39,         0,    4.24,pymatching,86b3858361a196bf75ce5c91e577522977558d7accbb131be9c1cd69c3ad677c,"{""d"":9,""model"":""measurement"",""p"":0.015}",
      6144,         0,         0,   0.013,pymatching,769b0381ba69a0542c9985f90da82846fd031e8eb69e3de4a1cce452c519a17f,"{""d"":7,""model"":""measurement"",""p"":0.005}",
    693248,        38,         0,    4.25,pymatching,86b3858361a196bf75ce5c91e577522977558d7accbb131be9c1cd69c3ad677c,"{""d"":9,""model"":""measurement"",""p"":0.015}",
      4096,         0,         0,   0.016,pymatching,d8cc9c2aa429a5713ed477b1939a2eff819cd7386a3ff93fdca7863794e89a3c,"{""d"":9,""model"":""measurement"",""p"":0.005}",
      3072,         0,         0,   0.015,pymatching,f8b16c1db98fb154e268a37dcebc8c5eacbd03993daab091f051fc9a559c4e8e,"{""d"":9,""model"":""measurement"",""p"":0.01}",
      2048,         0,         0,   0.015,pymatching,86b3858361a196bf75ce5c91e577522977558d7accbb131be9c1cd69c3ad677c,"{""d"":9,""model"":""measurement"",""p"":0.015}",
    946176,         0,         0,    4.23,pymatching,d8cc9c2aa429a5713ed477b1939a2eff819cd7386a3ff93fdca7863794e89a3c,"{""d"":9,""model"":""measurement"",""p"":0.005}",
    732160,         1,         0,    4.25,pymatching,1938eb02fa174e4398af57ea22b7b299d6e80e0682a4886085d64e26cc5d8b28,"{""d"":9,""model"":""phenomenological"",""p"":0.005}",
    724992,         2,         0,    4.24,pymatching,f8b16c1db98fb154e268a37dcebc8c5eacbd03993daab091f051fc9a559c4e8e,"{""d"":9,""model"":""measurement"",""p"":0.01}",
    731136,         2,         0,    4.24,pymatching,1938eb02fa174e4398af57ea22b7b299d6e80e0682a4886085d64e26cc5d8b28,"{""d"":9,""model"":""phenomenological"",""p"":0.005}",
      3072,         0,         0,   0.017,pymatching,8407028e38ab80c5f461f56566276bae40a0814bc899a34e1aaa9345eb22cef3,"{""d"":9,""model"":""measurement"",""p"":0.013}",
      3072,         0,         0,   0.018,pymatching,1938eb02fa174e4398af57ea22b7b299d6e80e0682a4886085d64e26cc5d8b28,"{""d"":9,""model"":""phenomenological"",""p"":0.005}",
      3072,         0,         0,   0.018,pymatching,1938eb02fa174e4398af57ea22b7b299d6e80e0682a4886085d64e26cc5d8b28,"{""d"":9,""model"":""phenomenological"",""p"":0.005}",
      9216,         0,         0,   0.020,pymatching,769b0381ba69a0542c9985f90da82846fd031e8eb69e3de4a1cce452c519a17f,"{""d"":7,""model"":""measurement"",""p"":0.005}",
    937984,         0,         0,    4.23,pymatching,d8cc9c2aa429a5713ed477b1939a2eff819cd7386a3ff93fdca7863794e89a3c,"{""d"":9,""model"":""measurement"",""p"":0.005}",
      5120,         0,         0,   0.020,pymatching,d8cc9c2aa429a5713ed477b1939a2eff819cd7386a3ff93fdca7863794e89a3c,"{""d"":9,""model"":""measurement"",""p"":0.005}",
    931840,         1,         0,    4.23,pymatching,d8cc9c2aa429a5713ed477b1939a2eff819cd7386a3ff93fdca7863794e89a3c,"{""d"":9,""model"":""measurement"",""p"":0.005}",
      4096,         0,         0,   0.020,pymatching,f8b16c1db98fb154e268a37dcebc8c5eacbd03993daab091f051fc9a559c4e8e,"{""d"":9,""model"":""measurement"",""p"":0.01}",
      3072,         0,         0,   0.022,pymatching,86b3858361a196bf75ce5c91e577522977558d7accbb131be9c1cd69c3ad677c,"{""d"":9,""model"":""measurement"",""p"":0.015}",
    721920,         7,         0,    4.24,pymatching,f8b16c1db98fb154e268a37dcebc8c5eacbd03993daab091f051fc9a559c4e8e,"{""d"":9,""model"":""measurement"",""p"":0.01}",
    939008,         0,         0,    4.23,pymatching,d8cc9c2aa429a5713ed477b1939a2eff819cd7386a3ff93fdca7863794e89a3c,"{""d"":9,""model"":""measurement"",""p"":0.005}",
    586752,        25,         0,    4.24,pymatching,86b3858361a196bf75ce5c91e577522977558d7accbb131be9c1cd69c3ad677c,"{""d"":9,""model"":""measurement"",""p"":0.015}",
      4096,         0,         0,   0.023,pymatching,8407028e38ab80c5f461f56566276bae40a0814bc899a34e1aaa9345eb22cef3,"{""d"":9,""model"":""measurement"",""p"":0.013}",
    637952,        16,         0,    4.25,pymatching,8407028e38ab80c5f461f56566276bae40a0814bc899a34e1aaa9345eb22cef3,"{""d"":9,""model"":""measurement"",""p"":0.013}",
      4096,         0,         0,   0.024,pymatching,1938eb02fa174e4398af57ea22b7b299d6e80e0682a4886085d64e26cc5d8b28,"{""d"":9,""model"":""phenomenological"",""p"":0.005}",
      4096,         0,         0,   0.024,pymatching,1938eb02fa174e4398af57ea22b7b299d6e80e0682a4886085d64e26cc5d8b28,"{""d"":9,""model"":""phenomenological"",""p"":0.005}",
     12288,         0,         0,   0.027,pymatching,769b0381ba69a0542c9985f90da82846fd031e8eb69e3de4a1cce452c519a17f,"{""d"":7,""model"":""measurement"",""p"":0.005}",
      7168,         0,         0,   0.028,pymatching,d8cc9c2aa429a5713ed477b1939a2eff819cd7386a3ff93fdca7863794e89a3c,"{""d"":9,""model"":""measurement"",""p"":0.005}",
    635904,        17,         0,    4.24,pymatching,8407028e38ab80c5f461f56566276bae40a0814bc899a34e1aaa9345eb22cef3,"{""d"":9,""model"":""measurement"",""p"":0.013}",
      6144,         0,         0,   0.030,pymatching,f8b16c1db98fb154e268a37dcebc8c5eacbd03993daab091f051fc9a559c4e8e,"{""d"":9,""model"":""measurement"",""p"":0.01}",
      4096,         0,         0,   0.030,pymatching,86b3858361a196bf75ce5c91e577522977558d7accbb131be9c1cd69c3ad677c,"{""d"":9,""model"":""measurement"",""p"":0.015}",
      5120,         1,         0,   0.029,pymatching,8407028e38ab80c5f461f56566276bae40a0814bc899a34e1aaa9345eb22cef3,"{""d"":9,""model"":""measurement"",""p"":0.013}",
      5120,         0,         0,   0.029,pymatching,1938eb02fa174e4398af57ea22b7b299d6e80e0682a4886085d64e26cc5d8b28,"{""d"":9,""model"":""phenomenological"",""p"":0.005}",
      5120,         0,         0,   0.030,pymatching,1938eb02fa174e4398af57ea22b7b299d6e80e0682a4886085d64e26cc5d8b28,"{""d"":9,""model"":""phenomenological"",""p"":0.005}",
     17408,         0,         0,   0.038,pymatching,769b0381ba69a0542c9985f90da82846fd031e8eb69e3de4a1cce452c519a17f,"{""d"":7,""model"":""measurement"",""p"":0.005}",
     10240,         0,         0,   0.040,pymatching,d8cc9c2aa429a5713ed477b1939a2eff819cd7386a3ff93fdca7863794e89a3c,"{""d"":9,""model"":""measurement"",""p"":0.005}",
      8192,         0,         0,   0.041,pymatching,f8b16c1db98fb154e268a37dcebc8c5eacbd03993daab091f051fc9a559c4e8e,"{""d"":9,""model"":""measurement"",""p"":0.01}",
      6144,         0,         0,   0.044,pymatching,86b3858361a196bf75ce5c91e577522977558d7accbb131be9c1cd69c3ad677c,"{""d"":9,""model"":""measurement"",""p"":0.015}",
      7168,         1,         0,   0.041,pymatching,8407028e38ab80c5f461f56566276bae40a0814bc899a34e1aaa9345eb22cef3,"{""d"":9,""model"":""measurement"",""p"":0.013}",
      7168,         0,         0,   0.041,pymatching,1938eb02fa174e4398af57ea22b7b299d6e80e0682a4886085d64e26cc5d8b28,"{""d"":9,""model"":""phenomenological"",""p"":0.005}",
      7168,         0,         0,   0.042,pymatching,1938eb02fa174e4398af57ea22b7b299d6e80e0682a4886085d64e26cc5d8b28,"{""d"":9,""model"":""phenomenological"",""p"":0.005}",
     24576,         0,         0,   0.053,pymatching,769b0381ba69a0542c9985f90da82846fd031e8eb69e3de4a1cce452c519a17f,"{""d"":7,""model"":""measurement"",""p"":0.005}",
     14336,         0,         0,   0.056,pymatching,d8cc9c2aa429a5713ed477b1939a2eff819cd7386a3ff93fdca7863794e89a3c,"{""d"":9,""model"":""measurement"",""p"":0.005}",
     11264,         0,         0,   0.056,pymatching,f8b16c1db98fb154e268a37dcebc8c5eacbd03993daab091f051fc9a559c4e8e,"{""d"":9,""model"":""measurement"",""p"":0.01}",
      8192,         0,         0,   0.059,pymatching,86b3858361a196bf75ce5c91e577522977558d7accbb131be9c1cd69c3ad677c,"{""d"":9,""model"":""measurement"",""p"":0.015}",
     10240,         0,         0,   0.058,pymatching,8407028e38ab80c5f461f56566276bae40a0814bc899a34e1aaa9345eb22cef3,"{""d"":9,""model"":""measurement"",""p"":0.013}",
      9216,         0,         0,   0.054,pymatching,1938eb02fa174e4398af57ea22b7b299d6e80e0682a4886085d64e26cc5d8b28,"{""d"":9,""model"":""phenomenological"",""p"":0.005}",
     10240,         0,         0,   0.059,pymatching,1938eb02fa174e4398af57ea22b7b299d6e80e0682a4886085d64e26cc5d8b28,"{""d"":9,""model"":""phenomenological"",""p"":0.005}",
    636928,        10,         0,    4.25,pymatching,8407028e38ab80c5f461f56566276bae40a0814bc899a34e1aaa9345eb22cef3,"{""d"":9,""model"":""measurement"",""p"":0.013}",
    722944,         6,         0,    4.24,pymatching,f8b16c1db98fb154e268a37dcebc8c5eacbd03993daab091f051fc9a559c4e8e,"{""d"":9,""model"":""measurement"",""p"":0.01}",
     34816,         0,         0,   0.075,pymatching,769b0381ba69a0542c9985f90da82846fd031e8eb69e3de4a1cce452c519a17f,"{""d"":7,""model"":""measurement"",""p"":0.005}",
    582656,        24,         0,    4.24,pymatching,86b3858361a196bf75ce5c91e577522977558d7accbb131be9c1cd69c3ad677c,"{""d"":9,""model"":""measurement"",""p"":0.015}",
     19456,         0,         0,   0.076,pymatching,d8cc9c2aa429a5713ed477b1939a2eff819cd7386a3ff93fdca7863794e89a3c,"{""d"":9,""model"":""measurement"",""p"":0.005}",
     15360,         0,         0,   0.076,pymatching,f8b16c1db98fb154e268a37dcebc8c5eacbd03993daab091f051fc9a559c4e8e,"{""d"":9,""model"":""measurement"",""p"":0.01}",
    622592,         2,         0,    4.24,pymatching,1938eb02fa174e4398af57ea22b7b299d6e80e0682a4886085d64e26cc5d8b28,"{""d"":9,""model"":""phenomenological"",""p"":0.005}",
     10240,         0,         0,   0.075,pymatching,86b3858361a196bf75ce5c91e577522977558d7accbb131be9c1cd69c3ad677c,"{""d"":9,""model"":""measurement"",""p"":0.015}",
     13312,         0,         0,   0.076,pymatching,8407028e38ab80c5f461f56566276bae40a0814bc899a34e1aaa9345eb22cef3,"{""d"":9,""model"":""measurement"",""p"":0.013}",
     13312,         0,         0,   0.077,pymatching,1938eb02fa174e4398af57ea22b7b299d6e80e0682a4886085d64e26cc5d8b28,"{""d"":9,""model"":""phenomenological"",""p"":0.005}",
     13312,         0,         0,   0.076,pymatching,1938eb02fa174e4398af57ea22b7b299d6e80e0682a4886085d64e26cc5d8b28,"{""d"":9,""model"":""phenomenological"",""p"":0.005}",
     47104,         0,         0,   0.103,pymatching,769b0381ba69a0542c9985f90da82846fd031e8eb69e3de4a1cce452c519a17f,"{""d"":7,""model"":""measurement"",""p"":0.005}",
    474112,         0,         0,    2.16,pymatching,d8cc9c2aa429a5713ed477b1939a2eff819cd7386a3ff93fdca7863794e89a3c,"{""d"":9,""model"":""measurement"",""p"":0.005}",
     27648,         0,         0,   0.107,pymatching,d8cc9c2aa429a5713ed477b1939a2eff819cd7386a3ff93fdca7863794e89a3c,"{""d"":9,""model"":""measurement"",""p"":0.005}",
     21504,         0,         0,   0.107,pymatching,f8b16c1db98fb154e268a37dcebc8c5eacbd03993daab091f051fc9a559c4e8e,"{""d"":9,""model"":""measurement"",""p"":0.01}",
    366592,         3,         0,    2.17,pymatching,f8b16c1db98fb154e268a37dcebc8c5eacbd03993daab091f051fc9a559c4e8e,"{""d"":9,""model"":""measurement"",""p"":0.01}",
    324608,         4,         0,    2.17,pymatching,8407028e38ab80c5f461f56566276bae40a0814bc899a34e1aaa9345eb22cef3,"{""d"":9,""model"":""measurement"",""p"":0.013}",
    318464,         2,         0,    2.16,pymatching,1938eb02fa174e4398af57ea22b7b299d6e80e0682a4886085d64e26cc5d8b28,"{""d"":9,""model"":""phenomenological"",""p"":0.005}",
     18432,         0,         0,   0.105,pymatching,8407028e38ab80c5f461f56566276bae40a0814bc899a34e1aaa9345eb22cef3,"{""d"":9,""model"":""measurement"",""p"":0.013}",
     15360,         0,         0,   0.112,pymatching,86b3858361a196bf75ce5c91e577522977558d7accbb131be9c1cd69c3ad677c,"{""d"":9,""model"":""measurement"",""p"":0.015}",
     18432,         0,         0,   0.108,pymatching,1938eb02fa174e4398af57ea22b7b299d6e80e0682a4886085d64e26cc5d8b28,"{""d"":9,""model"":""phenomenological"",""p"":0.005}",
    348160,        18,         0,    2.17,pymatching,86b3858361a196bf75ce5c91e577522977558d7accbb131be9c1cd69c3ad677c,"{""d"":9,""model"":""measurement"",""p"":0.015}",
     18432,         0,         0,   0.105,pymatching,1938eb02fa174e4398af57ea22b7b299d6e80e0682a4886085d64e26cc5d8b28,"{""d"":9,""model"":""phenomenological"",""p"":0.005}",
     59392,         0,         0,   0.147,pymatching,769b0381ba69a0542c9985f90da82846fd031e8eb69e3de4a1cce452c519a17f,"{""d"":7,""model"":""measurement"",""p"":0.005}",
     37888,         0,         0,   0.147,pymatching,d8cc9c2aa429a5713ed477b1939a2eff819cd7386a3ff93fdca7863794e89a3c,"{""d"":9,""model"":""measurement"",""p"":0.005}",
     29696,         0,         0,   0.148,pymatching,f8b16c1db98fb154e268a37dcebc8c5eacbd03993daab091f051fc9a559c4e8e,"{""d"":9,""model"":""measurement"",""p"":0.01}",
     26624,         1,         0,   0.151,pymatching,8407028e38ab80c5f461f56566276bae40a0814bc899a34e1aaa9345eb22cef3,"{""d"":9,""model"":""measurement"",""p"":0.013}",
     20480,         1,         0,   0.148,pymatching,86b3858361a196bf75ce5c91e577522977558d7accbb131be9c1cd69c3ad677c,"{""d"":9,""model"":""measurement"",""p"":0.015}",
     25600,         0,         0,   0.148,pymatching,1938eb02fa174e4398af57ea22b7b299d6e80e0682a4886085d64e26cc5d8b28,"{""d"":9,""model"":""phenomenological"",""p"":0.005}",
     25600,         0,         0,   0.149,pymatching,1938eb02fa174e4398af57ea22b7b299d6e80e0682a4886085d64e26cc5d8b28,"{""d"":9,""model"":""phenomenological"",""p"":0.005}",
     94208,         0,         0,   0.204,pymatching,769b0381ba69a0542c9985f90da82846fd031e8eb69e3de4a1cce452c519a17f,"{""d"":7,""model"":""measurement"",""p"":0.005}",
     53248,         0,         0,   0.207,pymatching,d8cc9c2aa429a5713ed477b1939a2eff819cd7386a3ff93fdca7863794e89a3c,"{""d"":9,""model"":""measurement"",""p"":0.005}",
     41984,         1,         0,   0.208,pymatching,f8b16c1db98fb154e268a37dcebc8c5eacbd03993daab091f051fc9a559c4e8e,"{""d"":9,""model"":""measurement"",""p"":0.01}",
     35840,         1,         0,   0.205,pymatching,1938eb02fa174e4398af57ea22b7b299d6e80e0682a4886085d64e26cc5d8b28,"{""d"":9,""model"":""phenomenological"",""p"":0.005}",
     36864,         0,         0,   0.209,pymatching,8407028e38ab80c5f461f56566276bae40a0814bc899a34e1aaa9345eb22cef3,"{""d"":9,""model"":""measurement"",""p"":0.013}",
     28672,         2,         0,   0.208,pymatching,86b3858361a196bf75ce5c91e577522977558d7accbb131be9c1cd69c3ad677c,"{""d"":9,""model"":""measurement"",""p"":0.015}",
     35840,         0,         0,   0.209,pymatching,1938eb02fa174e4398af57ea22b7b299d6e80e0682a4886085d64e26cc5d8b28,"{""d"":9,""model"":""phenomenological"",""p"":0.005}",
    596992,         2,         0,    1.09,pymatching,769b0381ba69a0542c9985f90da82846fd031e8eb69e3de4a1cce452c519a17f,"{""d"":7,""model"":""measurement"",""p"":0.005}",
    284672,         0,         0,    1.10,pymatching,d8cc9c2aa429a5713ed477b1939a2eff819cd7386a3ff93fdca7863794e89a3c,"{""d"":9,""model"":""measurement"",""p"":0.005}",
    219136,         0,         0,    1.11,pymatching,f8b16c1db98fb154e268a37dcebc8c5eacbd03993daab091f051fc9a559c4e8e,"{""d"":9,""model"":""measurement"",""p"":0.01}",
    195584,         3,         0,    1.11,pymatching,8407028e38ab80c5f461f56566276bae40a0814bc899a34e1aaa9345eb22cef3,"{""d"":9,""model"":""measurement"",""p"":0.013}",
    179200,         4,         0,    1.11,pymatching,86b3858361a196bf75ce5c91e577522977558d7accbb131be9c1cd69c3ad677c,"{""d"":9,""model"":""measurement"",""p"":0.015}",
    132096,         1,         0,   0.285,pymatching,769b0381ba69a0542c9985f90da82846fd031e8eb69e3de4a1cce452c519a17f,"{""d"":7,""model"":""measurement"",""p"":0.005}",
     73728,         0,         0,   0.287,pymatching,d8cc9c2aa429a5713ed477b1939a2eff819cd7386a3ff93fdca7863794e89a3c,"{""d"":9,""model"":""measurement"",""p"":0.005}",
     58368,         0,         0,   0.289,pymatching,f8b16c1db98fb154e268a37dcebc8c5eacbd03993daab091f051fc9a559c4e8e,"{""d"":9,""model"":""measurement"",""p"":0.01}",
     50176,         1,         0,   0.289,pymatching,1938eb02fa174e4398af57ea22b7b299d6e80e0682a4886085d64e26cc5d8b28,"{""d"":9,""model"":""phenomenological"",""p"":0.005}",
     39936,         0,         0,   0.289,pymatching,86b3858361a196bf75ce5c91e577522977558d7accbb131be9c1cd69c3ad677c,"{""d"":9,""model"":""measurement"",""p"":0.015}",
     51200,         1,         0,   0.291,pymatching,8407028e38ab80c5f461f56566276bae40a0814bc899a34e1aaa9345eb22cef3,"{""d"":9,""model"":""measurement"",""p"":0.013}",
     50176,         0,         0,   0.293,pymatching,1938eb02fa174e4398af57ea22b7b299d6e80e0682a4886085d64e26cc5d8b28,"{""d"":9,""model"":""phenomenological"",""p"":0.005}",
   2270208,         4,         0,    4.20,pymatching,769b0381ba69a0542c9985f90da82846fd031e8eb69e3de4a1cce452c519a17f,"{""d"":7,""model"":""measurement"",""p"":0.005}",
    185344,         1,         0,   0.399,pymatching,769b0381ba69a0542c9985f90da82846fd031e8eb69e3de4a1cce452c519a17f,"{""d"":7,""model"":""measurement"",""p"":0.005}",
    103424,         0,         0,   0.402,pymatching,d8cc9c2aa429a5713ed477b1939a2eff819cd7386a3ff93fdca7863794e89a3c,"{""d"":9,""model"":""measurement"",""p"":0.005}",
     81920,         0,         0,   0.406,pymatching,f8b16c1db98fb154e268a37dcebc8c5eacbd03993daab091f051fc9a559c4e8e,"{""d"":9,""model"":""measurement"",""p"":0.01}",
     70656,         2,         0,   0.407,pymatching,1938eb02fa174e4398af57ea22b7b299d6e80e0682a4886085d64e26cc5d8b28,"{""d"":9,""model"":""phenomenological"",""p"":0.005}",
     71680,         2,         0,   0.407,pymatching,8407028e38ab80c5f461f56566276bae40a0814bc899a34e1aaa9345eb22cef3,"{""d"":9,""model"":""measurement"",""p"":0.013}",
     56320,         4,         0,   0.409,pymatching,86b3858361a196bf75ce5c91e577522977558d7accbb131be9c1cd69c3ad677c,"{""d"":9,""model"":""measurement"",""p"":0.015}",
     68608,         0,         0,   0.406,pymatching,1938eb02fa174e4398af57ea22b7b299d6e80e0682a4886085d64e26cc5d8b28,"{""d"":9,""model"":""phenomenological"",""p"":0.005}",
    257024,         0,         0,   0.559,pymatching,769b0381ba69a0542c9985f90da82846fd031e8eb69e3de4a1cce452c519a17f,"{""d"":7,""model"":""measurement"",""p"":0.005}",
    145408,         0,         0,   0.565,pymatching,d8cc9c2aa429a5713ed477b1939a2eff819cd7386a3ff93fdca7863794e89a3c,"{""d"":9,""model"":""measurement"",""p"":0.005}",
    113664,         1,         0,   0.563,pymatching,f8b16c1db98fb154e268a37dcebc8c5eacbd03993daab091f051fc9a559c4e8e,"{""d"":9,""model"":""measurement"",""p"":0.01}",
     98304,         1,         0,   0.565,pymatching,1938eb02fa174e4398af57ea22b7b299d6e80e0682a4886085d64e26cc5d8b28,"{""d"":9,""model"":""phenomenological"",""p"":0.005}",
     77824,         4,         0,   0.565,pymatching,86b3858361a196bf75ce5c91e577522977558d7accbb131be9c1cd69c3ad677c,"{""d"":9,""model"":""measurement"",""p"":0.015}",
    100352,         4,         0,   0.569,pymatching,8407028e38ab80c5f461f56566276bae40a0814bc899a34e1aaa9345eb22cef3,"{""d"":9,""model"":""measurement"",""p"":0.013}",
     97280,         0,         0,   0.567,pymatching,1938eb02fa174e4398af57ea22b7b299d6e80e0682a4886085d64e26cc5d8b28,"{""d"":9,""model"":""phenomenological"",""p"":0.005}",
    833536,         2,         0,    1.53,pymatching,769b0381ba69a0542c9985f90da82846fd031e8eb69e3de4a1cce452c519a17f,"{""d"":7,""model"":""measurement"",""p"":0.005}",
    396288,         0,         0,    1.54,pymatching,d8cc9c2aa429a5713ed477b1939a2eff819cd7386a3ff93fdca7863794e89a3c,"{""d"":9,""model"":""measurement"",""p"":0.005}",
    307200,         2,         0,    1.55,pymatching,f8b16c1db98fb154e268a37dcebc8c5eacbd03993daab091f051fc9a559c4e8e,"{""d"":9,""model"":""measurement"",""p"":0.01}",
    272384,         5,         0,    1.55,pymatching,8407028e38ab80c5f461f56566276bae40a0814bc899a34e1aaa9345eb22cef3,"{""d"":9,""model"":""measurement"",""p"":0.013}",
    249856,        13,         0,    1.55,pymatching,86b3858361a196bf75ce5c91e577522977558d7accbb131be9c1cd69c3ad677c,"{""d"":9,""model"":""measurement"",""p"":0.015}",
    361472,         0,         0,   0.782,pymatching,769b0381ba69a0542c9985f90da82846fd031e8eb69e3de4a1cce452c519a17f,"{""d"":7,""model"":""measurement"",""p"":0.005}",
    202752,         0,         0,   0.790,pymatching,d8cc9c2aa429a5713ed477b1939a2eff819cd7386a3ff93fdca7863794e89a3c,"{""d"":9,""model"":""measurement"",""p"":0.005}",
    158720,         2,         0,   0.788,pymatching,f8b16c1db98fb154e268a37dcebc8c5eacbd03993daab091f051fc9a559c4e8e,"{""d"":9,""model"":""measurement"",""p"":0.01}",
    137216,         0,         0,   0.790,pymatching,1938eb02fa174e4398af57ea22b7b299d6e80e0682a4886085d64e26cc5d8b28,"{""d"":9,""model"":""phenomenological"",""p"":0.005}",
    108544,         4,         0,   0.789,pymatching,86b3858361a196bf75ce5c91e577522977558d7accbb131be9c1cd69c3ad677c,"{""d"":9,""model"":""measurement"",""p"":0.015}",
    139264,         2,         0,   0.792,pymatching,8407028e38ab80c5f461f56566276bae40a0814bc899a34e1aaa9345eb22cef3,"{""d"":9,""model"":""measurement"",""p"":0.013}",
    136192,         0,         0,   0.794,pymatching,1938eb02fa174e4398af57ea22b7b299d6e80e0682a4886085d64e26cc5d8b28,"{""d"":9,""model"":""phenomenological"",""p"":0.005}",
    659456,         0,         0,    3.02,pymatching,d8cc9c2aa429a5713ed477b1939a2eff819cd7386a3ff93fdca7863794e89a3c,"{""d"":9,""model"":""measurement"",""p"":0.005}",
    512000,         5,         0,    3.03,pymatching,f8b16c1db98fb154e268a37dcebc8c5eacbd03993daab091f051fc9a559c4e8e,"{""d"":9,""model"":""measurement"",""p"":0.01}",
    443392,         0,         0,    3.03,pymatching,1938eb02fa174e4398af57ea22b7b299d6e80e0682a4886085d64e26cc5d8b28,"{""d"":9,""model"":""phenomenological"",""p"":0.005}",
    451584,        10,         0,    3.03,pymatching,8407028e38ab80c5f461f56566276bae40a0814bc899a34e1aaa9345eb22cef3,"{""d"":9,""model"":""measurement"",""p"":0.013}",
    485376,        16,         0,    3.03,pymatching,86b3858361a196bf75ce5c91e577522977558d7accbb131be9c1cd69c3ad677c,"{""d"":9,""model"":""measurement"",""p"":0.015}",
    504832,         1,         0,    1.09,pymatching,769b0381ba69a0542c9985f90da82846fd031e8eb69e3de4a1cce452c519a17f,"{""d"":7,""model"":""measurement"",""p"":0.005}",
    282624,         0,         0,    1.10,pymatching,d8cc9c2aa429a5713ed477b1939a2eff819cd7386a3ff93fdca7863794e89a3c,"{""d"":9,""model"":""measurement"",""p"":0.005}",
    223232,         0,         0,    1.11,pymatching,f8b16c1db98fb154e268a37dcebc8c5eacbd03993daab091f051fc9a559c4e8e,"{""d"":9,""model"":""measurement"",""p"":0.01}",
    192512,         1,         0,    1.11,pymatching,1938eb02fa174e4398af57ea22b7b299d6e80e0682a4886085d64e26cc5d8b28,"{""d"":9,""model"":""phenomenological"",""p"":0.005}",
    152576,         7,         0,    1.11,pymatching,86b3858361a196bf75ce5c91e577522977558d7accbb131be9c1cd69c3ad677c,"{""d"":9,""model"":""measurement"",""p"":0.015}",
    194560,         1,         0,    1.11,pymatching,8407028e38ab80c5f461f56566276bae40a0814bc899a34e1aaa9345eb22cef3,"{""d"":9,""model"":""measurement"",""p"":0.013}",
    189440,         0,         0,    1.10,pymatching,1938eb02fa174e4398af57ea22b7b299d6e80e0682a4886085d64e26cc5d8b28,"{""d"":9,""model"":""phenomenological"",""p"":0.005}",
   1167360,         5,         0,    2.14,pymatching,769b0381ba69a0542c9985f90da82846fd031e8eb69e3de4a1cce452c519a17f,"{""d"":7,""model"":""measurement"",""p"":0.005}",
    553984,         0,         0,    2.16,pymatching,d8cc9c2aa429a5713ed477b1939a2eff819cd7386a3ff93fdca7863794e89a3c,"{""d"":9,""model"":""measurement"",""p"":0.005}",
    428032,         1,         0,    2.16,pymatching,f8b16c1db98fb154e268a37dcebc8c5eacbd03993daab091f051fc9a559c4e8e,"{""d"":9,""model"":""measurement"",""p"":0.01}",
    380928,        12,         0,    2.17,pymatching,8407028e38ab80c5f461f56566276bae40a0814bc899a34e1aaa9345eb22cef3,"{""d"":9,""model"":""measurement"",""p"":0.013}",
    348160,        10,         0,    2.16,pymatching,86b3858361a196bf75ce5c91e577522977558d7accbb131be9c1cd69c3ad677c,"{""d"":9,""model"":""measurement"",""p"":0.015}",
    706560,         1,         0,    1.53,pymatching,769b0381ba69a0542c9985f90da82846fd031e8eb69e3de4a1cce452c519a17f,"{""d"":7,""model"":""measurement"",""p"":0.005}",
    396288,         0,         0,    1.55,pymatching,d8cc9c2aa429a5713ed477b1939a2eff819cd7386a3ff93fdca7863794e89a3c,"{""d"":9,""model"":""measurement"",""p"":0.005}",
    311296,         3,         0,    1.55,pymatching,f8b16c1db98fb154e268a37dcebc8c5eacbd03993daab091f051fc9a559c4e8e,"{""d"":9,""model"":""measurement"",""p"":0.01}",
    269312,         0,         0,    1.55,pymatching,1938eb02fa174e4398af57ea22b7b299d6e80e0682a4886085d64e26cc5d8b28,"{""d"":9,""model"":""phenomenological"",""p"":0.005}",
    211968,         9,         0,    1.55,pymatching,86b3858361a196bf75ce5c91e577522977558d7accbb131be9c1cd69c3ad677c,"{""d"":9,""model"":""measurement"",""p"":0.015}",
    272384,         8,         0,    1.55,pymatching,8407028e38ab80c5f461f56566276bae40a0814bc899a34e1aaa9345eb22cef3,"{""d"":9,""model"":""measurement"",""p"":0.013}",
    261120,         0,         0,    1.55,pymatching,1938eb02fa174e4398af57ea22b7b299d6e80e0682a4886085d64e26cc5d8b28,"{""d"":9,""model"":""phenomenological"",""p"":0.005}",
   1046528,        28,         0,    5.94,pymatching,8407028e38ab80c5f461f56566276bae40a0814bc899a34e1aaa9345eb22cef3,"{""d"":9,""model"":""measurement"",""p"":0.013}",
   2693120,         6,         0,    5.88,pymatching,769b0381ba69a0542c9985f90da82846fd031e8eb69e3de4a1cce452c519a17f,"{""d"":7,""model"":""measurement"",""p"":0.005}",
   1193984,        12,         0,    5.94,pymatching,f8b16c1db98fb154e268a37dcebc8c5eacbd03993daab091f051fc9a559c4e8e,"{""d"":9,""model"":""measurement"",""p"":0.01}",
   1550336,         0,         0,    5.92,pymatching,d8cc9c2aa429a5713ed477b1939a2eff819cd7386a3ff93fdca7863794e89a3c,"{""d"":9,""model"":""measurement"",""p"":0.005}",
   1199104,         4,         0,    5.94,pymatching,f8b16c1db98fb154e268a37dcebc8c5eacbd03993daab091f051fc9a559c4e8e,"{""d"":9,""model"":""measurement"",""p"":0.01}",
   1045504,        22,         0,    5.94,pymatching,8407028e38ab80c5f461f56566276bae40a0814bc899a34e1aaa9345eb22cef3,"{""d"":9,""model"":""measurement"",""p"":0.013}",
   2711552,         5,         0,    5.88,pymatching,769b0381ba69a0542c9985f90da82846fd031e8eb69e3de4a1cce452c519a17f,"{""d"":7,""model"":""measurement"",""p"":0.005}",
   2708480,         5,         0,    5.88,pymatching,769b0381ba69a0542c9985f90da82846fd031e8eb69e3de4a1cce452c519a17f,"{""d"":7,""model"":""measurement"",""p"":0.005}",
    953344,        43,         0,    5.94,pymatching,86b3858361a196bf75ce5c91e577522977558d7accbb131be9c1cd69c3ad677c,"{""d"":9,""model"":""measurement"",""p"":0.015}",
   2728960,         4,         0,    5.88,pymatching,769b0381ba69a0542c9985f90da82846fd031e8eb69e3de4a1cce452c519a17f,"{""d"":7,""model"":""measurement"",""p"":0.005}",
   1036288,         6,         0,    5.94,pymatching,1938eb02fa174e4398af57ea22b7b299d6e80e0682a4886085d64e26cc5d8b28,"{""d"":9,""model"":""phenomenological"",""p"":0.005}",
   2707456,         4,         0,    5.88,pymatching,769b0381ba69a0542c9985f90da82846fd031e8eb69e3de4a1cce452c519a17f,"{""d"":7,""model"":""measurement"",""p"":0.005}",
   1024000,         1,         0,    5.94,pymatching,1938eb02fa174e4398af57ea22b7b299d6e80e0682a4886085d64e26cc5d8b28,"{""d"":9,""model"":""phenomenological"",""p"":0.005}",
    965632,        42,         0,    5.94,pymatching,86b3858361a196bf75ce5c91e577522977558d7accbb131be9c1cd69c3ad677c,"{""d"":9,""model"":""measurement"",""p"":0.015}",
    967680,        55,         0,    5.94,pymatching,86b3858361a196bf75ce5c91e577522977558d7accbb131be9c1cd69c3ad677c,"{""d"":9,""model"":""measurement"",""p"":0.015}",
   1308672,         1,         0,    5.92,pymatching,d8cc9c2aa429a5713ed477b1939a2eff819cd7386a3ff93fdca7863794e89a3c,"{""d"":9,""model"":""measurement"",""p"":0.005}",
   1018880,         3,         0,    5.94,pymatching,1938eb02fa174e4398af57ea22b7b299d6e80e0682a4886085d64e26cc5d8b28,"{""d"":9,""model"":""phenomenological"",""p"":0.005}",
      3072,         0,         0,   0.019,pymatching,86b3858361a196bf75ce5c91e577522977558d7accbb131be9c1cd69c3ad677c,"{""d"":9,""model"":""measurement"",""p"":0.015}",
   1003520,         6,         0,    5.93,pymatching,f8b16c1db98fb154e268a37dcebc8c5eacbd03993daab091f051fc9a559c4e8e,"{""d"":9,""model"":""measurement"",""p"":0.01}",
     72704,         6,         0,   0.530,pymatching,86b3858361a196bf75ce5c91e577522977558d7accbb131be9c1cd69c3ad677c,"{""d"":9,""model"":""measurement"",""p"":0.015}",
    232448,        17,         0,    1.45,pymatching,86b3858361a196bf75ce5c91e577522977558d7accbb131be9c1cd69c3ad677c,"{""d"":9,""model"":""measurement"",""p"":0.015}",
      1024,         0,         0,   0.006,pymatching,86b3858361a196bf75ce5c91e577522977558d7accbb131be9c1cd69c3ad677c,"{""d"":9,""model"":""measurement"",""p"":0.015}",
    410624,        21,         0,    2.57,pymatching,86b3858361a196bf75ce5c91e577522977558d7accbb131be9c1cd69c3ad677c,"{""d"":9,""model"":""measurement"",""p"":0.015}",
      1024,         0,         0,   0.007,pymatching,86b3858361a196bf75ce5c91e577522977558d7accbb131be9c1cd69c3ad677c,"{""d"":9,""model"":""measurement"",""p"":0.015}",
    807936,        36,         0,    5.92,pymatching,86b3858361a196bf75ce5c91e577522977558d7accbb131be9c1cd69c3ad677c,"{""d"":9,""model"":""measurement"",""p"":0.015}",
    778240,        41,         0,    5.73,pymatching,86b3858361a196bf75ce5c91e577522977558d7accbb131be9c1cd69c3ad677c,"{""d"":9,""model"":""measurement"",""p"":0.015}",
   1018880,         4,         0,    5.94,pymatching,1938eb02fa174e4398af57ea22b7b299d6e80e0682a4886085d64e26cc5d8b28,"{""d"":9,""model"":""phenomenological"",""p"":0.005}",
   2620416,         8,         0,    4.87,pymatching,769b0381ba69a0542c9985f90da82846fd031e8eb69e3de4a1cce452c519a17f,"{""d"":7,""model"":""measurement"",""p"":0.005}",
   1312768,         0,         0,    5.92,pymatching,d8cc9c2aa429a5713ed477b1939a2eff819cd7386a3ff93fdca7863794e89a3c,"{""d"":9,""model"":""measurement"",""p"":0.005}",
   1289216,         0,         0,    5.92,pymatching,d8cc9c2aa429a5713ed477b1939a2eff819cd7386a3ff93fdca7863794e89a3c,"{""d"":9,""model"":""measurement"",""p"":0.005}",
      5393,         0,         0,   0.011,pymatching,769b0381ba69a0542c9985f90da82846fd031e8eb69e3de4a1cce452c519a17f,"{""d"":7,""model"":""measurement"",""p"":0.005}",
   1298432,         0,         0,    5.93,pymatching,d8cc9c2aa429a5713ed477b1939a2eff819cd7386a3ff93fdca7863794e89a3c,"{""d"":9,""model"":""measurement"",""p"":0.005}",
   1000448,         5,         0,    5.94,pymatching,f8b16c1db98fb154e268a37dcebc8c5eacbd03993daab091f051fc9a559c4e8e,"{""d"":9,""model"":""measurement"",""p"":0.01}",
      2321,         0,         0,   0.010,pymatching,d8cc9c2aa429a5713ed477b1939a2eff819cd7386a3ff93fdca7863794e89a3c,"{""d"":9,""model"":""measurement"",""p"":0.005}",
      2321,         0,         0,   0.015,pymatching,f8b16c1db98fb154e268a37dcebc8c5eacbd03993daab091f051fc9a559c4e8e,"{""d"":9,""model"":""measurement"",""p"":0.01}",
      1297,         0,         0,   0.010,pymatching,8407028e38ab80c5f461f56566276bae40a0814bc899a34e1aaa9345eb22cef3,"{""d"":9,""model"":""measurement"",""p"":0.013}",
    880640,        21,         0,    5.94,pymatching,8407028e38ab80c5f461f56566276bae40a0814bc899a34e1aaa9345eb22cef3,"{""d"":9,""model"":""measurement"",""p"":0.013}",
      2321,         0,         0,   0.014,pymatching,8407028e38ab80c5f461f56566276bae40a0814bc899a34e1aaa9345eb22cef3,"{""d"":9,""model"":""measurement"",""p"":0.013}",
      2321,         0,         0,   0.015,pymatching,1938eb02fa174e4398af57ea22b7b299d6e80e0682a4886085d64e26cc5d8b28,"{""d"":9,""model"":""phenomenological"",""p"":0.005}",
      2321,         0,         0,   0.015,pymatching,1938eb02fa174e4398af57ea22b7b299d6e80e0682a4886085d64e26cc5d8b28,"{""d"":9,""model"":""phenomenological"",""p"":0.005}",
      2321,         0,         0,   0.015,pymatching,f8b16c1db98fb154e268a37dcebc8c5eacbd03993daab091f051fc9a559c4e8e,"{""d"":9,""model"":""measurement"",""p"":0.01}",
      7168,         0,         0,   0.014,pymatching,769b0381ba69a0542c9985f90da82846fd031e8eb69e3de4a1cce452c519a17f,"{""d"":7,""model"":""measurement"",""p"":0.005}",
      4096,         0,         0,   0.016,pymatching,d8cc9c2aa429a5713ed477b1939a2eff819cd7386a3ff93fdca7863794e89a3c,"{""d"":9,""model"":""measurement"",""p"":0.005}",
    878592,        22,         0,    5.94,pymatching,8407028e38ab80c5f461f56566276bae40a0814bc899a34e1aaa9345eb22cef3,"{""d"":9,""model"":""measurement"",""p"":0.013}",
      2048,         0,         0,   0.014,pymatching,8407028e38ab80c5f461f56566276bae40a0814bc899a34e1aaa9345eb22cef3,"{""d"":9,""model"":""measurement"",""p"":0.013}",
      3072,         0,         0,   0.018,pymatching,f8b16c1db98fb154e268a37dcebc8c5eacbd03993daab091f051fc9a559c4e8e,"{""d"":9,""model"":""measurement"",""p"":0.01}",
      3072,         0,         0,   0.018,pymatching,8407028e38ab80c5f461f56566276bae40a0814bc899a34e1aaa9345eb22cef3,"{""d"":9,""model"":""measurement"",""p"":0.013}",
      3072,         0,         0,   0.018,pymatching,1938eb02fa174e4398af57ea22b7b299d6e80e0682a4886085d64e26cc5d8b28,"{""d"":9,""model"":""phenomenological"",""p"":0.005}",
      3072,         0,         0,   0.018,pymatching,1938eb02fa174e4398af57ea22b7b299d6e80e0682a4886085d64e26cc5d8b28,"{""d"":9,""model"":""phenomenological"",""p"":0.005}",
      3072,         0,         0,   0.019,pymatching,f8b16c1db98fb154e268a37dcebc8c5eacbd03993daab091f051fc9a559c4e8e,"{""d"":9,""model"":""measurement"",""p"":0.01}",
     10240,         0,         0,   0.019,pymatching,769b0381ba69a0542c9985f90da82846fd031e8eb69e3de4a1cce452c519a17f,"{""d"":7,""model"":""measurement"",""p"":0.005}",
      5120,         0,         0,   0.020,pymatching,d8cc9c2aa429a5713ed477b1939a2eff819cd7386a3ff93fdca7863794e89a3c,"{""d"":9,""model"":""measurement"",""p"":0.005}",
      3072,         0,         0,   0.021,pymatching,8407028e38ab80c5f461f56566276bae40a0814bc899a34e1aaa9345eb22cef3,"{""d"":9,""model"":""measurement"",""p"":0.013}",
      4096,         0,         0,   0.024,pymatching,f8b16c1db98fb154e268a37dcebc8c5eacbd03993daab091f051fc9a559c4e8e,"{""d"":9,""model"":""measurement"",""p"":0.01}",
      4096,         0,         0,   0.023,pymatching,8407028e38ab80c5f461f56566276bae40a0814bc899a34e1aaa9345eb22cef3,"{""d"":9,""model"":""measurement"",""p"":0.013}",
      4096,         0,         0,   0.024,pymatching,1938eb02fa174e4398af57ea22b7b299d6e80e0682a4886085d64e26cc5d8b28,"{""d"":9,""model"":""phenomenological"",""p"":0.005}",
      4096,         0,         0,   0.024,pymatching,1938eb02fa174e4398af57ea22b7b299d6e80e0682a4886085d64e26cc5d8b28,"{""d"":9,""model"":""phenomenological"",""p"":0.005}",
      4096,         0,         0,   0.025,pymatching,f8b16c1db98fb154e268a37dcebc8c5eacbd03993daab091f051fc9a559c4e8e,"{""d"":9,""model"":""measurement"",""p"":0.01}",
     14336,         0,         0,   0.027,pymatching,769b0381ba69a0542c9985f90da82846fd031e8eb69e3de4a1cce452c519a17f,"{""d"":7,""model"":""measurement"",""p"":0.005}",
      7168,         0,         0,   0.028,pymatching,d8cc9c2aa429a5713ed477b1939a2eff819cd7386a3ff93fdca7863794e89a3c,"{""d"":9,""model"":""measurement"",""p"":0.005}",
      4096,         0,         0,   0.028,pymatching,8407028e38ab80c5f461f56566276bae40a0814bc899a34e1aaa9345eb22cef3,"{""d"":9,""model"":""measurement"",""p"":0.013}",
      5120,         0,         0,   0.029,pymatching,8407028e38ab80c5f461f56566276bae40a0814bc899a34e1aaa9345eb22cef3,"{""d"":9,""model"":""measurement"",""p"":0.013}",
      5120,         0,         0,   0.031,pymatching,f8b16c1db98fb154e268a37dcebc8c5eacbd03993daab091f051fc9a559c4e8e,"{""d"":9,""model"":""measurement"",""p"":0.01}",
      5120,         0,         0,   0.030,pymatching,1938eb02fa174e4398af57ea22b7b299d6e80e0682a4886085d64e26cc5d8b28,"{""d"":9,""model"":""phenomenological"",""p"":0.005}",
      5120,         0,         0,   0.030,pymatching,1938eb02fa174e4398af57ea22b7b299d6e80e0682a4886085d64e26cc5d8b28,"{""d"":9,""model"":""phenomenological"",""p"":0.005}",
      5120,         0,         0,   0.031,pymatching,f8b16c1db98fb154e268a37dcebc8c5eacbd03993daab091f051fc9a559c4e8e,"{""d"":9,""model"":""measurement"",""p"":0.01}",
     20480,         0,         0,   0.038,pymatching,769b0381ba69a0542c9985f90da82846fd031e8eb69e3de4a1cce452c519a17f,"{""d"":7,""model"":""measurement"",""p"":0.005}",
     10240,         0,         0,   0.039,pymatching,d8cc9c2aa429a5713ed477b1939a2eff819cd7386a3ff93fdca7863794e89a3c,"{""d"":9,""model"":""measurement"",""p"":0.005}",
      6144,         0,         0,   0.042,pymatching,8407028e38ab80c5f461f56566276bae40a0814bc899a34e1aaa9345eb22cef3,"{""d"":9,""model"":""measurement"",""p"":0.013}",
      7168,         2,         0,   0.041,pymatching,8407028e38ab80c5f461f56566276bae40a0814bc899a34e1aaa9345eb22cef3,"{""d"":9,""model"":""measurement"",""p"":0.013}",
      7168,         1,         0,   0.043,pymatching,f8b16c1db98fb154e268a37dcebc8c5eacbd03993daab091f051fc9a559c4e8e,"{""d"":9,""model"":""measurement"",""p"":0.01}",
      7168,         0,         0,   0.042,pymatching,1938eb02fa174e4398af57ea22b7b299d6e80e0682a4886085d64e26cc5d8b28,"{""d"":9,""model"":""phenomenological"",""p"":0.005}",
      7168,         0,         0,   0.043,pymatching,1938eb02fa174e4398af57ea22b7b299d6e80e0682a4886085d64e26cc5d8b28,"{""d"":9,""model"":""phenomenological"",""p"":0.005}",
      7168,         0,         0,   0.043,pymatching,f8b16c1db98fb154e268a37dcebc8c5eacbd03993daab091f051fc9a559c4e8e,"{""d"":9,""model"":""measurement"",""p"":0.01}",
     28672,         0,         0,   0.054,pymatching,769b0381ba69a0542c9985f90da82846fd031e8eb69e3de4a1cce452c519a17f,"{""d"":7,""model"":""measurement"",""p"":0.005}",
     14336,         0,         0,   0.055,pymatching,d8cc9c2aa429a5713ed477b1939a2eff819cd7386a3ff93fdca7863794e89a3c,"{""d"":9,""model"":""measurement"",""p"":0.005}",
      8192,         0,         0,   0.056,pymatching,8407028e38ab80c5f461f56566276bae40a0814bc899a34e1aaa9345eb22cef3,"{""d"":9,""model"":""measurement"",""p"":0.013}",
      9216,         0,         0,   0.055,pymatching,f8b16c1db98fb154e268a37dcebc8c5eacbd03993daab091f051fc9a559c4e8e,"{""d"":9,""model"":""measurement"",""p"":0.01}",
     10240,         1,         0,   0.059,pymatching,8407028e38ab80c5f461f56566276bae40a0814bc899a34e1aaa9345eb22cef3,"{""d"":9,""model"":""measurement"",""p"":0.013}",
      9216,         0,         0,   0.055,pymatching,1938eb02fa174e4398af57ea22b7b299d6e80e0682a4886085d64e26cc5d8b28,"{""d"":9,""model"":""phenomenological"",""p"":0.005}",
      9216,         0,         0,   0.054,pymatching,1938eb02fa174e4398af57ea22b7b299d6e80e0682a4886085d64e26cc5d8b28,"{""d"":9,""model"":""phenomenological"",""p"":0.005}",
      9216,         0,         0,   0.056,pymatching,f8b16c1db98fb154e268a37dcebc8c5eacbd03993daab091f051fc9a559c4e8e,"{""d"":9,""model"":""measurement"",""p"":0.01}",
    879616,        21,         0,    5.94,pymatching,8407028e38ab80c5f461f56566276bae40a0814bc899a34e1aaa9345eb22cef3,"{""d"":9,""model"":""measurement"",""p"":0.013}",
    997376,         5,         0,    5.94,pymatching,f8b16c1db98fb154e268a37dcebc8c5eacbd03993daab091f051fc9a559c4e8e,"{""d"":9,""model"":""measurement"",""p"":0.01}",
    863232,         3,         0,    5.94,pymatching,1938eb02fa174e4398af57ea22b7b299d6e80e0682a4886085d64e26cc5d8b28,"{""d"":9,""model"":""phenomenological"",""p"":0.005}",
     39936,         0,         0,   0.075,pymatching,769b0381ba69a0542c9985f90da82846fd031e8eb69e3de4a1cce452c519a17f,"{""d"":7,""model"":""measurement"",""p"":0.005}",
     19456,         0,         0,   0.075,pymatching,d8cc9c2aa429a5713ed477b1939a2eff819cd7386a3ff93fdca7863794e89a3c,"{""d"":9,""model"":""measurement"",""p"":0.005}",
     11264,         1,         0,   0.077,pymatching,8407028e38ab80c5f461f56566276bae40a0814bc899a34e1aaa9345eb22cef3,"{""d"":9,""model"":""measurement"",""p"":0.013}",
     13312,         0,         0,   0.076,pymatching,8407028e38ab80c5f461f56566276bae40a0814bc899a34e1aaa9345eb22cef3,"{""d"":9,""model"":""measurement"",""p"":0.013}",
     13312,         0,         0,   0.079,pymatching,f8b16c1db98fb154e268a37dcebc8c5eacbd03993daab091f051fc9a559c4e8e,"{""d"":9,""model"":""measurement"",""p"":0.01}",
     13312,         0,         0,   0.078,pymatching,1938eb02fa174e4398af57ea22b7b299d6e80e0682a4886085d64e26cc5d8b28,"{""d"":9,""model"":""phenomenological"",""p"":0.005}",
     13312,         0,         0,   0.079,pymatching,1938eb02fa174e4398af57ea22b7b299d6e80e0682a4886085d64e26cc5d8b28,"{""d"":9,""model"":""phenomenological"",""p"":0.005}",
     13312,         0,         0,   0.080,pymatching,f8b16c1db98fb154e268a37dcebc8c5eacbd03993daab091f051fc9a559c4e8e,"{""d"":9,""model"":""measurement"",""p"":0.01}",
     55296,         0,         0,   0.103,pymatching,769b0381ba69a0542c9985f90da82846fd031e8eb69e3de4a1cce452c519a17f,"{""d"":7,""model"":""measurement"",""p"":0.005}",
     27648,         0,         0,   0.107,pymatching,d8cc9c2aa429a5713ed477b1939a2eff819cd7386a3ff93fdca7863794e89a3c,"{""d"":9,""model"":""measurement"",""p"":0.005}",
     15360,         1,         0,   0.105,pymatching,8407028e38ab80c5f461f56566276bae40a0814bc899a34e1aaa9345eb22cef3,"{""d"":9,""model"":""measurement"",""p"":0.013}",
     18432,         0,         0,   0.105,pymatching,8407028e38ab80c5f461f56566276bae40a0814bc899a34e1aaa9345eb22cef3,"{""d"":9,""model"":""measurement"",""p"":0.013}",
     17408,         0,         0,   0.104,pymatching,f8b16c1db98fb154e268a37dcebc8c5eacbd03993daab091f051fc9a559c4e8e,"{""d"":9,""model"":""measurement"",""p"":0.01}",
     18432,         0,         0,   0.109,pymatching,1938eb02fa174e4398af57ea22b7b299d6e80e0682a4886085d64e26cc5d8b28,"{""d"":9,""model"":""phenomenological"",""p"":0.005}",
     18432,         0,         0,   0.109,pymatching,1938eb02fa174e4398af57ea22b7b299d6e80e0682a4886085d64e26cc5d8b28,"{""d"":9,""model"":""phenomenological"",""p"":0.005}",
     17408,         0,         0,   0.105,pymatching,f8b16c1db98fb154e268a37dcebc8c5eacbd03993daab091f051fc9a559c4e8e,"{""d"":9,""model"":""measurement"",""p"":0.01}",
     77824,         0,         0,   0.145,pymatching,769b0381ba69a0542c9985f90da82846fd031e8eb69e3de4a1cce452c519a17f,"{""d"":7,""model"":""measurement"",""p"":0.005}",
     37888,         0,         0,   0.146,pymatching,d8cc9c2aa429a5713ed477b1939a2eff819cd7386a3ff93fdca7863794e89a3c,"{""d"":9,""model"":""measurement"",""p"":0.005}",
     21504,         1,         0,   0.147,pymatching,8407028e38ab80c5f461f56566276bae40a0814bc899a34e1aaa9345eb22cef3,"{""d"":9,""model"":""measurement"",""p"":0.013}",
     25600,         0,         0,   0.147,pymatching,8407028e38ab80c5f461f56566276bae40a0814bc899a34e1aaa9345eb22cef3,"{""d"":9,""model"":""measurement"",""p"":0.013}",
     25600,         0,         0,   0.152,pymatching,f8b16c1db98fb154e268a37dcebc8c5eacbd03993daab091f051fc9a559c4e8e,"{""d"":9,""model"":""measurement"",""p"":0.01}",
     24576,         0,         0,   0.147,pymatching,f8b16c1db98fb154e268a37dcebc8c5eacbd03993daab091f051fc9a559c4e8e,"{""d"":9,""model"":""measurement"",""p"":0.01}",
     25600,         0,         0,   0.150,pymatching,1938eb02fa174e4398af57ea22b7b299d6e80e0682a4886085d64e26cc5d8b28,"{""d"":9,""model"":""phenomenological"",""p"":0.005}",
     25600,         0,         0,   0.151,pymatching,1938eb02fa174e4398af57ea22b7b299d6e80e0682a4886085d64e26cc5d8b28,"{""d"":9,""model"":""phenomenological"",""p"":0.005}",
    109568,         0,         0,   0.204,pymatching,769b0381ba69a0542c9985f90da82846fd031e8eb69e3de4a1cce452c519a17f,"{""d"":7,""model"":""measurement"",""p"":0.005}",
     53248,         0,         0,   0.208,pymatching,d8cc9c2aa429a5713ed477b1939a2eff819cd7386a3ff93fdca7863794e89a3c,"{""d"":9,""model"":""measurement"",""p"":0.005}",
     30720,         0,         0,   0.211,pymatching,8407028e38ab80c5f461f56566276bae40a0814bc899a34e1aaa9345eb22cef3,"{""d"":9,""model"":""measurement"",""p"":0.013}",
     35840,         0,         0,   0.205,pymatching,8407028e38ab80c5f461f56566276bae40a0814bc899a34e1aaa9345eb22cef3,"{""d"":9,""model"":""measurement"",""p"":0.013}",
     34816,         1,         0,   0.206,pymatching,f8b16c1db98fb154e268a37dcebc8c5eacbd03993daab091f051fc9a559c4e8e,"{""d"":9,""model"":""measurement"",""p"":0.01}",
     34816,         0,         0,   0.210,pymatching,f8b16c1db98fb154e268a37dcebc8c5eacbd03993daab091f051fc9a559c4e8e,"{""d"":9,""model"":""measurement"",""p"":0.01}",
     35840,         0,         0,   0.210,pymatching,1938eb02fa174e4398af57ea22b7b299d6e80e0682a4886085d64e26cc5d8b28,"{""d"":9,""model"":""phenomenological"",""p"":0.005}",
     35840,         0,         0,   0.211,pymatching,1938eb02fa174e4398af57ea22b7b299d6e80e0682a4886085d64e26cc5d8b28,"{""d"":9,""model"":""phenomenological"",""p"":0.005}",
    152576,         2,         0,   0.286,pymatching,769b0381ba69a0542c9985f90da82846fd031e8eb69e3de4a1cce452c519a17f,"{""d"":7,""model"":""measurement"",""p"":0.005}",
     74752,         0,         0,   0.288,pymatching,d8cc9c2aa429a5713ed477b1939a2eff819cd7386a3ff93fdca7863794e89a3c,"{""d"":9,""model"":""measurement"",""p"":0.005}",
     41984,         2,         0,   0.288,pymatching,8407028e38ab80c5f461f56566276bae40a0814bc899a34e1aaa9345eb22cef3,"{""d"":9,""model"":""measurement"",""p"":0.013}",
     50176,         0,         0,   0.287,pymatching,8407028e38ab80c5f461f56566276bae40a0814bc899a34e1aaa9345eb22cef3,"{""d"":9,""model"":""measurement"",""p"":0.013}",
     49152,         1,         0,   0.291,pymatching,f8b16c1db98fb154e268a37dcebc8c5eacbd03993daab091f051fc9a559c4e8e,"{""d"":9,""model"":""measurement"",""p"":0.01}",
     49152,         0,         0,   0.288,pymatching,1938eb02fa174e4398af57ea22b7b299d6e80e0682a4886085d64e26cc5d8b28,"{""d"":9,""model"":""phenomenological"",""p"":0.005}",
     48128,         1,         0,   0.291,pymatching,f8b16c1db98fb154e268a37dcebc8c5eacbd03993daab091f051fc9a559c4e8e,"{""d"":9,""model"":""measurement"",""p"":0.01}",
     49152,         0,         0,   0.288,pymatching,1938eb02fa174e4398af57ea22b7b299d6e80e0682a4886085d64e26cc5d8b28,"{""d"":9,""model"":""phenomenological"",""p"":0.005}",
    214016,         0,         0,   0.400,pymatching,769b0381ba69a0542c9985f90da82846fd031e8eb69e3de4a1cce452c519a17f,"{""d"":7,""model"":""measurement"",""p"":0.005}",
    104448,         0,         0,   0.404,pymatching,d8cc9c2aa429a5713ed477b1939a2eff819cd7386a3ff93fdca7863794e89a3c,"{""d"":9,""model"":""measurement"",""p"":0.005}",
     70656,         2,         0,   0.405,pymatching,8407028e38ab80c5f461f56566276bae40a0814bc899a34e1aaa9345eb22cef3,"{""d"":9,""model"":""measurement"",""p"":0.013}",
     59392,         1,         0,   0.408,pymatching,8407028e38ab80c5f461f56566276bae40a0814bc899a34e1aaa9345eb22cef3,"{""d"":9,""model"":""measurement"",""p"":0.013}",
     68608,         0,         0,   0.408,pymatching,f8b16c1db98fb154e268a37dcebc8c5eacbd03993daab091f051fc9a559c4e8e,"{""d"":9,""model"":""measurement"",""p"":0.01}",
     68608,         0,         0,   0.403,pymatching,1938eb02fa174e4398af57ea22b7b299d6e80e0682a4886085d64e26cc5d8b28,"{""d"":9,""model"":""phenomenological"",""p"":0.005}",
     69632,         0,         0,   0.407,pymatching,1938eb02fa174e4398af57ea22b7b299d6e80e0682a4886085d64e26cc5d8b28,"{""d"":9,""model"":""phenomenological"",""p"":0.005}",
     67584,         0,         0,   0.408,pymatching,f8b16c1db98fb154e268a37dcebc8c5eacbd03993daab091f051fc9a559c4e8e,"{""d"":9,""model"":""measurement"",""p"":0.01}",
   1623040,         6,         0,    3.00,pymatching,769b0381ba69a0542c9985f90da82846fd031e8eb69e3de4a1cce452c519a17f,"{""d"":7,""model"":""measurement"",""p"":0.005}",
    775168,         1,         0,    3.03,pymatching,d8cc9c2aa429a5713ed477b1939a2eff819cd7386a3ff93fdca7863794e89a3c,"{""d"":9,""model"":""measurement"",""p"":0.005}",
    598016,         3,         0,    3.03,pymatching,f8b16c1db98fb154e268a37dcebc8c5eacbd03993daab091f051fc9a559c4e8e,"{""d"":9,""model"":""measurement"",""p"":0.01}",
    532480,        12,         0,    3.03,pymatching,8407028e38ab80c5f461f56566276bae40a0814bc899a34e1aaa9345eb22cef3,"{""d"":9,""model"":""measurement"",""p"":0.013}",
    984064,         0,         0,    2.14,pymatching,769b0381ba69a0542c9985f90da82846fd031e8eb69e3de4a1cce452c519a17f,"{""d"":7,""model"":""measurement"",""p"":0.005}",
    552960,         0,         0,    2.16,pymatching,d8cc9c2aa429a5713ed477b1939a2eff819cd7386a3ff93fdca7863794e89a3c,"{""d"":9,""model"":""measurement"",""p"":0.005}",
    435200,         5,         0,    2.16,pymatching,f8b16c1db98fb154e268a37dcebc8c5eacbd03993daab091f051fc9a559c4e8e,"{""d"":9,""model"":""measurement"",""p"":0.01}",
    375808,         0,         0,    2.17,pymatching,1938eb02fa174e4398af57ea22b7b299d6e80e0682a4886085d64e26cc5d8b28,"{""d"":9,""model"":""phenomenological"",""p"":0.005}",
    369664,         0,         0,    2.16,pymatching,1938eb02fa174e4398af57ea22b7b299d6e80e0682a4886085d64e26cc5d8b28,"{""d"":9,""model"":""phenomenological"",""p"":0.005}",
    380928,        10,         0,    2.17,pymatching,8407028e38ab80c5f461f56566276bae40a0814bc899a34e1aaa9345eb22cef3,"{""d"":9,""model"":""measurement"",""p"":0.013}",
    917504,         0,         0,    4.23,pymatching,d8cc9c2aa429a5713ed477b1939a2eff819cd7386a3ff93fdca7863794e89a3c,"{""d"":9,""model"":""measurement"",""p"":0.005}",
    627712,        18,         0,    4.24,pymatching,8407028e38ab80c5f461f56566276bae40a0814bc899a34e1aaa9345eb22cef3,"{""d"":9,""model"":""measurement"",""p"":0.013}",
    712704,         4,         0,    4.24,pymatching,f8b16c1db98fb154e268a37dcebc8c5eacbd03993daab091f051fc9a559c4e8e,"{""d"":9,""model"":""measurement"",""p"":0.01}",
    617472,         2,         0,    4.24,pymatching,1938eb02fa174e4398af57ea22b7b299d6e80e0682a4886085d64e26cc5d8b28,"{""d"":9,""model"":""phenomenological"",""p"":0.005}",
    297984,         1,         0,   0.559,pymatching,769b0381ba69a0542c9985f90da82846fd031e8eb69e3de4a1cce452c519a17f,"{""d"":7,""model"":""measurement"",""p"":0.005}",
    146432,         0,         0,   0.564,pymatching,d8cc9c2aa429a5713ed477b1939a2eff819cd7386a3ff93fdca7863794e89a3c,"{""d"":9,""model"":""measurement"",""p"":0.005}",
     98304,         2,         0,   0.563,pymatching,8407028e38ab80c5f461f56566276bae40a0814bc899a34e1aaa9345eb22cef3,"{""d"":9,""model"":""measurement"",""p"":0.013}",
     82944,         4,         0,   0.570,pymatching,8407028e38ab80c5f461f56566276bae40a0814bc899a34e1aaa9345eb22cef3,"{""d"":9,""model"":""measurement"",""p"":0.013}",
     95232,         0,         0,   0.566,pymatching,f8b16c1db98fb154e268a37dcebc8c5eacbd03993daab091f051fc9a559c4e8e,"{""d"":9,""model"":""measurement"",""p"":0.01}",
     96256,         0,         0,   0.565,pymatching,1938eb02fa174e4398af57ea22b7b299d6e80e0682a4886085d64e26cc5d8b28,"{""d"":9,""model"":""phenomenological"",""p"":0.005}",
     96256,         0,         0,   0.567,pymatching,1938eb02fa174e4398af57ea22b7b299d6e80e0682a4886085d64e26cc5d8b28,"{""d"":9,""model"":""phenomenological"",""p"":0.005}",
     94208,         0,         0,   0.568,pymatching,f8b16c1db98fb154e268a37dcebc8c5eacbd03993daab091f051fc9a559c4e8e,"{""d"":9,""model"":""measurement"",""p"":0.01}",
    416768,         0,         0,   0.780,pymatching,769b0381ba69a0542c9985f90da82846fd031e8eb69e3de4a1cce452c519a17f,"{""d"":7,""model"":""measurement"",""p"":0.005}",
    203776,         0,         0,   0.787,pymatching,d8cc9c2aa429a5713ed477b1939a2eff819cd7386a3ff93fdca7863794e89a3c,"{""d"":9,""model"":""measurement"",""p"":0.005}",
    138240,         6,         0,   0.792,pymatching,8407028e38ab80c5f461f56566276bae40a0814bc899a34e1aaa9345eb22cef3,"{""d"":9,""model"":""measurement"",""p"":0.013}",
    115712,         0,         0,   0.794,pymatching,8407028e38ab80c5f461f56566276bae40a0814bc899a34e1aaa9345eb22cef3,"{""d"":9,""model"":""measurement"",""p"":0.013}",
    133120,         3,         0,   0.791,pymatching,f8b16c1db98fb154e268a37dcebc8c5eacbd03993daab091f051fc9a559c4e8e,"{""d"":9,""model"":""measurement"",""p"":0.01}",
    115712,         0,         0,   0.789,pymatching,1938eb02fa174e4398af57ea22b7b299d6e80e0682a4886085d64e26cc5d8b28,"{""d"":9,""model"":""phenomenological"",""p"":0.005}",
    132096,         0,         0,   0.792,pymatching,1938eb02fa174e4398af57ea22b7b299d6e80e0682a4886085d64e26cc5d8b28,"{""d"":9,""model"":""phenomenological"",""p"":0.005}",
    131072,         0,         0,   0.792,pymatching,f8b16c1db98fb154e268a37dcebc8c5eacbd03993daab091f051fc9a559c4e8e,"{""d"":9,""model"":""measurement"",""p"":0.01}",
    911791,         2,         0,    1.75,pymatching,769b0381ba69a0542c9985f90da82846fd031e8eb69e3de4a1cce452c519a17f,"{""d"":7,""model"":""measurement"",""p"":0.005}",
   1744896,         5,         0,    3.25,pymatching,769b0381ba69a0542c9985f90da82846fd031e8eb69e3de4a1cce452c519a17f,"{""d"":7,""model"":""measurement"",""p"":0.005}",
   1691546,         6,         0,    3.67,pymatching,769b0381ba69a0542c9985f90da82846fd031e8eb69e3de4a1cce452c519a17f,"{""d"":7,""model"":""measurement"",""p"":0.005}",
   1671168,         3,         0,    3.67,pymatching,769b0381ba69a0542c9985f90da82846fd031e8eb69e3de4a1cce452c519a17f,"{""d"":7,""model"":""measurement"",""p"":0.005}",
   1685504,         4,         0,    3.68,pymatching,769b0381ba69a0542c9985f90da82846fd031e8eb69e3de4a1cce452c519a17f,"{""d"":7,""model"":""measurement"",""p"":0.005}",
   1680384,         5,         0,    3.70,pymatching,769b0381ba69a0542c9985f90da82846fd031e8eb69e3de4a1cce452c519a17f,"{""d"":7,""model"":""measurement"",""p"":0.005}",
   1684480,         6,         0,    3.68,pymatching,769b0381ba69a0542c9985f90da82846fd031e8eb69e3de4a1cce452c519a17f,"{""d"":7,""model"":""measurement"",""p"":0.005}",
      7066,         0,         0,   0.016,pymatching,769b0381ba69a0542c9985f90da82846fd031e8eb69e3de4a1cce452c519a17f,"{""d"":7,""model"":""measurement"",""p"":0.005}",
    964608,         6,         0,    2.10,pymatching,769b0381ba69a0542c9985f90da82846fd031e8eb69e3de4a1cce452c519a17f,"{""d"":7,""model"":""measurement"",""p"":0.005}",
    562096,         2,         0,    1.05,pymatching,769b0381ba69a0542c9985f90da82846fd031e8eb69e3de4a1cce452c519a17f,"{""d"":7,""model"":""measurement"",""p"":0.005}",
    285696,         0,         0,    1.10,pymatching,d8cc9c2aa429a5713ed477b1939a2eff819cd7386a3ff93fdca7863794e89a3c,"{""d"":9,""model"":""measurement"",""p"":0.005}",
    192512,         2,         0,    1.10,pymatching,8407028e38ab80c5f461f56566276bae40a0814bc899a34e1aaa9345eb22cef3,"{""d"":9,""model"":""measurement"",""p"":0.013}",
    160768,         0,         0,    1.11,pymatching,8407028e38ab80c5f461f56566276bae40a0814bc899a34e1aaa9345eb22cef3,"{""d"":9,""model"":""measurement"",""p"":0.013}",
    188416,         1,         0,    1.10,pymatching,1938eb02fa174e4398af57ea22b7b299d6e80e0682a4886085d64e26cc5d8b28,"{""d"":9,""model"":""phenomenological"",""p"":0.005}",
    188416,         0,         0,    1.11,pymatching,1938eb02fa174e4398af57ea22b7b299d6e80e0682a4886085d64e26cc5d8b28,"{""d"":9,""model"":""phenomenological"",""p"":0.005}",
    186368,         0,         0,    1.11,pymatching,f8b16c1db98fb154e268a37dcebc8c5eacbd03993daab091f051fc9a559c4e8e,"{""d"":9,""model"":""measurement"",""p"":0.01}",
    184320,         1,         0,    1.11,pymatching,f8b16c1db98fb154e268a37dcebc8c5eacbd03993daab091f051fc9a559c4e8e,"{""d"":9,""model"":""measurement"",""p"":0.01}",
    392463,         1,         0,   0.732,pymatching,769b0381ba69a0542c9985f90da82846fd031e8eb69e3de4a1cce452c519a17f,"{""d"":7,""model"":""measurement"",""p"":0.005}",
    389120,         0,         0,   0.726,pymatching,769b0381ba69a0542c9985f90da82846fd031e8eb69e3de4a1cce452c519a17f,"{""d"":7,""model"":""measurement"",""p"":0.005}",
    134164,         0,         0,   0.250,pymatching,769b0381ba69a0542c9985f90da82846fd031e8eb69e3de4a1cce452c519a17f,"{""d"":7,""model"":""measurement"",""p"":0.005}",
    290713,         0,         0,   0.634,pymatching,769b0381ba69a0542c9985f90da82846fd031e8eb69e3de4a1cce452c519a17f,"{""d"":7,""model"":""measurement"",""p"":0.005}",
    288768,         1,         0,   0.633,pymatching,769b0381ba69a0542c9985f90da82846fd031e8eb69e3de4a1cce452c519a17f,"{""d"":7,""model"":""measurement"",""p"":0.005}",
    276480,         0,         0,   0.607,pymatching,769b0381ba69a0542c9985f90da82846fd031e8eb69e3de4a1cce452c519a17f,"{""d"":7,""model"":""measurement"",""p"":0.005}",
    286720,         1,         0,   0.633,pymatching,769b0381ba69a0542c9985f90da82846fd031e8eb69e3de4a1cce452c519a17f,"{""d"":7,""model"":""measurement"",""p"":0.005}",
    287744,         0,         0,   0.635,pymatching,769b0381ba69a0542c9985f90da82846fd031e8eb69e3de4a1cce452c519a17f,"{""d"":7,""model"":""measurement"",""p"":0.005}",
    268288,         0,         0,   0.504,pymatching,769b0381ba69a0542c9985f90da82846fd031e8eb69e3de4a1cce452c519a17f,"{""d"":7,""model"":""measurement"",""p"":0.005}",
    282624,         2,         0,   0.618,pymatching,769b0381ba69a0542c9985f90da82846fd031e8eb69e3de4a1cce452c519a17f,"{""d"":7,""model"":""measurement"",""p"":0.005}",
      2969,         0,         0,   0.007,pymatching,769b0381ba69a0542c9985f90da82846fd031e8eb69e3de4a1cce452c519a17f,"{""d"":7,""model"":""measurement"",""p"":0.005}",
      3993,         0,         0,   0.009,pymatching,769b0381ba69a0542c9985f90da82846fd031e8eb69e3de4a1cce452c519a17f,"{""d"":7,""model"":""measurement"",""p"":0.005}",
    162816,         1,         0,   0.304,pymatching,769b0381ba69a0542c9985f90da82846fd031e8eb69e3de4a1cce452c519a17f,"{""d"":7,""model"":""measurement"",""p"":0.005}",
      8089,         0,         0,   0.018,pymatching,769b0381ba69a0542c9985f90da82846fd031e8eb69e3de4a1cce452c519a17f,"{""d"":7,""model"":""measurement"",""p"":0.005}",
     28853,         0,         0,   0.054,pymatching,769b0381ba69a0542c9985f90da82846fd031e8eb69e3de4a1cce452c519a17f,"{""d"":7,""model"":""measurement"",""p"":0.005}",
     47595,         0,         0,   0.090,pymatching,769b0381ba69a0542c9985f90da82846fd031e8eb69e3de4a1cce452c519a17f,"{""d"":7,""model"":""measurement"",""p"":0.005}",
     42307,         0,         0,   0.079,pymatching,769b0381ba69a0542c9985f90da82846fd031e8eb69e3de4a1cce452c519a17f,"{""d"":7,""model"":""measurement"",""p"":0.005}",
     40960,         1,         0,   0.090,pymatching,769b0381ba69a0542c9985f90da82846fd031e8eb69e3de4a1cce452c519a17f,"{""d"":7,""model"":""measurement"",""p"":0.005}",
     40960,         0,         0,   0.090,pymatching,769b0381ba69a0542c9985f90da82846fd031e8eb69e3de4a1cce452c519a17f,"{""d"":7,""model"":""measurement"",""p"":0.005}",
     40960,         0,         0,   0.090,pymatching,769b0381ba69a0542c9985f90da82846fd031e8eb69e3de4a1cce452c519a17f,"{""d"":7,""model"":""measurement"",""p"":0.005}",
     37606,         0,         0,   0.082,pymatching,769b0381ba69a0542c9985f90da82846fd031e8eb69e3de4a1cce452c519a17f,"{""d"":7,""model"":""measurement"",""p"":0.005}",
     33792,         0,         0,   0.075,pymatching,769b0381ba69a0542c9985f90da82846fd031e8eb69e3de4a1cce452c519a17f,"{""d"":7,""model"":""measurement"",""p"":0.005}",
     34816,         0,         0,   0.078,pymatching,769b0381ba69a0542c9985f90da82846fd031e8eb69e3de4a1cce452c519a17f,"{""d"":7,""model"":""measurement"",""p"":0.005}",
      2790,         0,         0,   0.006,pymatching,769b0381ba69a0542c9985f90da82846fd031e8eb69e3de4a1cce452c519a17f,"{""d"":7,""model"":""measurement"",""p"":0.005}",
     19775,         0,         0,   0.037,pymatching,769b0381ba69a0542c9985f90da82846fd031e8eb69e3de4a1cce452c519a17f,"{""d"":7,""model"":""measurement"",""p"":0.005}",
     18432,         0,         0,   0.035,pymatching,769b0381ba69a0542c9985f90da82846fd031e8eb69e3de4a1cce452c519a17f,"{""d"":7,""model"":""measurement"",""p"":0.005}",
      3540,         0,         0,   0.007,pymatching,769b0381ba69a0542c9985f90da82846fd031e8eb69e3de4a1cce452c519a17f,"{""d"":7,""model"":""measurement"",""p"":0.005}",
      6048,         0,         0,   0.013,pymatching,769b0381ba69a0542c9985f90da82846fd031e8eb69e3de4a1cce452c519a17f,"{""d"":7,""model"":""measurement"",""p"":0.005}",
      7203,         0,         0,   0.014,pymatching,769b0381ba69a0542c9985f90da82846fd031e8eb69e3de4a1cce452c519a17f,"{""d"":7,""model"":""measurement"",""p"":0.005}",
      6048,         0,         0,   0.013,pymatching,769b0381ba69a0542c9985f90da82846fd031e8eb69e3de4a1cce452c519a17f,"{""d"":7,""model"":""measurement"",""p"":0.005}",
      7168,         0,         0,   0.016,pymatching,769b0381ba69a0542c9985f90da82846fd031e8eb69e3de4a1cce452c519a17f,"{""d"":7,""model"":""measurement"",""p"":0.005}",
        35,         0,         0,   0.000,pymatching,769b0381ba69a0542c9985f90da82846fd031e8eb69e3de4a1cce452c519a17f,"{""d"":7,""model"":""measurement"",""p"":0.005}",
      5731,         0,         0,   0.013,pymatching,769b0381ba69a0542c9985f90da82846fd031e8eb69e3de4a1cce452c519a17f,"{""d"":7,""model"":""measurement"",""p"":0.005}",
      6144,         0,         0,   0.014,pymatching,769b0381ba69a0542c9985f90da82846fd031e8eb69e3de4a1cce452c519a17f,"{""d"":7,""model"":""measurement"",""p"":0.005}",
      3621,         0,         0,   0.007,pymatching,769b0381ba69a0542c9985f90da82846fd031e8eb69e3de4a1cce452c519a17f,"{""d"":7,""model"":""measurement"",""p"":0.005}",
      1059,         0,         0,   0.002,pymatching,769b0381ba69a0542c9985f90da82846fd031e8eb69e3de4a1cce452c519a17f,"{""d"":7,""model"":""measurement"",""p"":0.005}",
      3621,         0,         0,   0.009,pymatching,769b0381ba69a0542c9985f90da82846fd031e8eb69e3de4a1cce452c519a17f,"{""d"":7,""model"":""measurement"",""p"":0.005}",
      2016,         0,         0,   0.004,pymatching,769b0381ba69a0542c9985f90da82846fd031e8eb69e3de4a1cce452c519a17f,"{""d"":7,""model"":""measurement"",""p"":0.005}",
      2016,         0,         0,   0.004,pymatching,769b0381ba69a0542c9985f90da82846fd031e8eb69e3de4a1cce452c519a17f,"{""d"":7,""model"":""measurement"",""p"":0.005}",
      2016,         0,         0,   0.005,pymatching,769b0381ba69a0542c9985f90da82846fd031e8eb69e3de4a1cce452c519a17f,"{""d"":7,""model"":""measurement"",""p"":0.005}",
      2048,         0,         0,   0.004,pymatching,769b0381ba69a0542c9985f90da82846fd031e8eb69e3de4a1cce452c519a17f,"{""d"":7,""model"":""measurement"",""p"":0.005}",
      1117,         0,         0,   0.003,pymatching,769b0381ba69a0542c9985f90da82846fd031e8eb69e3de4a1cce452c519a17f,"{""d"":7,""model"":""measurement"",""p"":0.005}",
      1344,         0,         0,   0.003,pymatching,769b0381ba69a0542c9985f90da82846fd031e8eb69e3de4a1cce452c519a17f,"{""d"":7,""model"":""measurement"",""p"":0.005}",
      1024,         0,         0,   0.002,pymatching,769b0381ba69a0542c9985f90da82846fd031e8eb69e3de4a1cce452c519a17f,"{""d"":7,""model"":""measurement"",""p"":0.005}",
       758,         0,         0,   0.002,pymatching,769b0381ba69a0542c9985f90da82846fd031e8eb69e3de4a1cce452c519a17f,"{""d"":7,""model"":""measurement"",""p"":0.005}",
      1024,         0,         0,   0.003,pymatching,769b0381ba69a0542c9985f90da82846fd031e8eb69e3de4a1cce452c519a17f,"{""d"":7,""model"":""measurement"",""p"":0.005}",
       532,         0,         0,   0.001,pymatching,769b0381ba69a0542c9985f90da82846fd031e8eb69e3de4a1cce452c519a17f,"{""d"":7,""model"":""measurement"",""p"":0.005}",
       207,         0,         0,   0.000,pymatching,769b0381ba69a0542c9985f90da82846fd031e8eb69e3de4a1cce452c519a17f,"{""d"":7,""model"":""measurement"",""p"":0.005}",
       124,         0,         0,   0.000,pymatching,769b0381ba69a0542c9985f90da82846fd031e8eb69e3de4a1cce452c519a17f,"{""d"":7,""model"":""measurement"",""p"":0.005}",
       356,         0,         0,   0.001,pymatching,769b0381ba69a0542c9985f90da82846fd031e8eb69e3de4a1cce452c519a17f,"{""d"":7,""model"":""measurement"",""p"":0.005}",
       124,         0,         0,   0.000,pymatching,769b0381ba69a0542c9985f90da82846fd031e8eb69e3de4a1cce452c519a17f,"{""d"":7,""model"":""measurement"",""p"":0.005}",
       993,         0,         0,   0.002,pymatching,769b0381ba69a0542c9985f90da82846fd031e8eb69e3de4a1cce452c519a17f,"{""d"":7,""model"":""measurement"",""p"":0.005}",
       993,         0,         0,   0.002,pymatching,769b0381ba69a0542c9985f90da82846fd031e8eb69e3de4a1cce452c519a17f,"{""d"":7,""model"":""measurement"",""p"":0.005}",
       224,         0,         0,   0.001,pymatching,769b0381ba69a0542c9985f90da82846fd031e8eb69e3de4a1cce452c519a17f,"{""d"":7,""model"":""measurement"",""p"":0.005}",
       162,         0,         0,   0.000,pymatching,769b0381ba69a0542c9985f90da82846fd031e8eb69e3de4a1cce452c519a17f,"{""d"":7,""model"":""measurement"",""p"":0.005}",
       272,         0,         0,   0.001,pymatching,769b0381ba69a0542c9985f90da82846fd031e8eb69e3de4a1cce452c519a17f,"{""d"":7,""model"":""measurement"",""p"":0.005}",
       473,         0,         0,   0.001,pymatching,769b0381ba69a0542c9985f90da82846fd031e8eb69e3de4a1cce452c519a17f,"{""d"":7,""model"":""measurement"",""p"":0.005}",
        36,         0,         0,   0.000,pymatching,769b0381ba69a0542c9985f90da82846fd031e8eb69e3de4a1cce452c519a17f,"{""d"":7,""model"":""measurement"",""p"":0.005}",
        89,         0,         0,   0.000,pymatching,769b0381ba69a0542c9985f90da82846fd031e8eb69e3de4a1cce452c519a17f,"{""d"":7,""model"":""measurement"",""p"":0.005}",
        36,         0,         0,   0.000,pymatching,769b0381ba69a0542c9985f90da82846fd031e8eb69e3de4a1cce452c519a17f,"{""d"":7,""model"":""measurement"",""p"":0.005}",
        36,         0,         0,   0.000,pymatching,769b0381ba69a0542c9985f90da82846fd031e8eb69e3de4a1cce452c519a17f,"{""d"":7,""model"":""measurement"",""p"":0.005}",
        22,         0,         0,   0.000,pymatching,769b0381ba69a0542c9985f90da82846fd031e8eb69e3de4a1cce452c519a17f,"{""d"":7,""model"":""measurement"",""p"":0.005}",
        14,         0,         0,   0.000,pymatching,769b0381ba69a0542c9985f90da82846fd031e8eb69e3de4a1cce452c519a17f,"{""d"":7,""model"":""measurement"",""p"":0.005}",
        14,         0,         0,   0.000,pymatching,769b0381ba69a0542c9985f90da82846fd031e8eb69e3de4a1cce452c519a17f,"{""d"":7,""model"":""measurement"",""p"":0.005}",
        22,         0,         0,   0.000,pymatching,769b0381ba69a0542c9985f90da82846fd031e8eb69e3de4a1cce452c519a17f,"{""d"":7,""model"":""measurement"",""p"":0.005}",
        14,         0,         0,   0.000,pymatching,769b0381ba69a0542c9985f90da82846fd031e8eb69e3de4a1cce452c519a17f,"{""d"":7,""model"":""measurement"",""p"":0.005}",
        14,         0,         0,   0.000,pymatching,769b0381ba69a0542c9985f90da82846fd031e8eb69e3de4a1cce452c519a17f,"{""d"":7,""model"":""measurement"",""p"":0.005}",
         4,         0,         0,   0.000,pymatching,769b0381ba69a0542c9985f90da82846fd031e8eb69e3de4a1cce452c519a17f,"{""d"":7,""model"":""measurement"",""p"":0.005}",
         3,         0,         0,   0.000,pymatching,769b0381ba69a0542c9985f90da82846fd031e8eb69e3de4a1cce452c519a17f,"{""d"":7,""model"":""measurement"",""p"":0.005}",
         1,         0,         0,   0.000,pymatching,769b0381ba69a0542c9985f90da82846fd031e8eb69e3de4a1cce452c519a17f,"{""d"":7,""model"":""measurement"",""p"":0.005}",
         8,         0,         0,   0.000,pymatching,769b0381ba69a0542c9985f90da82846fd031e8eb69e3de4a1cce452c519a17f,"{""d"":7,""model"":""measurement"",""p"":0.005}",
         3,         0,         0,   0.000,pymatching,769b0381ba69a0542c9985f90da82846fd031e8eb69e3de4a1cce452c519a17f,"{""d"":7,""model"":""measurement"",""p"":0.005}",
         4,         0,         0,   0.000,pymatching,769b0381ba69a0542c9985f90da82846fd031e8eb69e3de4a1cce452c519a17f,"{""d"":7,""model"":""measurement"",""p"":0.005}",
         1,         0,         0,   0.000,pymatching,769b0381ba69a0542c9985f90da82846fd031e8eb69e3de4a1cce452c519a17f,"{""d"":7,""model"":""measurement"",""p"":0.005}",
      2321,         0,         0,   0.010,pymatching,d8cc9c2aa429a5713ed477b1939a2eff819cd7386a3ff93fdca7863794e89a3c,"{""d"":9,""model"":""measurement"",""p"":0.005}",
      2321,         0,         0,   0.012,pymatching,d8cc9c2aa429a5713ed477b1939a2eff819cd7386a3ff93fdca7863794e89a3c,"{""d"":9,""model"":""measurement"",""p"":0.005}",
      2321,         0,         0,   0.013,pymatching,f8b16c1db98fb154e268a37dcebc8c5eacbd03993daab091f051fc9a559c4e8e,"{""d"":9,""model"":""measurement"",""p"":0.01}",
      2321,         0,         0,   0.014,pymatching,8407028e38ab80c5f461f56566276bae40a0814bc899a34e1aaa9345eb22cef3,"{""d"":9,""model"":""measurement"",""p"":0.013}",
      1297,         0,         0,   0.010,pymatching,8407028e38ab80c5f461f56566276bae40a0814bc899a34e1aaa9345eb22cef3,"{""d"":9,""model"":""measurement"",""p"":0.013}",
      1297,         0,         0,   0.011,pymatching,1938eb02fa174e4398af57ea22b7b299d6e80e0682a4886085d64e26cc5d8b28,"{""d"":9,""model"":""phenomenological"",""p"":0.005}",
      2321,         0,         0,   0.014,pymatching,d8cc9c2aa429a5713ed477b1939a2eff819cd7386a3ff93fdca7863794e89a3c,"{""d"":9,""model"":""measurement"",""p"":0.005}",
      2321,         0,         0,   0.015,pymatching,f8b16c1db98fb154e268a37dcebc8c5eacbd03993daab091f051fc9a559c4e8e,"{""d"":9,""model"":""measurement"",""p"":0.01}",
      1297,         0,         0,   0.011,pymatching,1938eb02fa174e4398af57ea22b7b299d6e80e0682a4886085d64e26cc5d8b28,"{""d"":9,""model"":""phenomenological"",""p"":0.005}",
      4096,         0,         0,   0.017,pymatching,d8cc9c2aa429a5713ed477b1939a2eff819cd7386a3ff93fdca7863794e89a3c,"{""d"":9,""model"":""measurement"",""p"":0.005}",
      3072,         0,         0,   0.014,pymatching,d8cc9c2aa429a5713ed477b1939a2eff819cd7386a3ff93fdca7863794e89a3c,"{""d"":9,""model"":""measurement"",""p"":0.005}",
      3072,         0,         0,   0.015,pymatching,f8b16c1db98fb154e268a37dcebc8c5eacbd03993daab091f051fc9a559c4e8e,"{""d"":9,""model"":""measurement"",""p"":0.01}",
      2048,         0,         0,   0.014,pymatching,8407028e38ab80c5f461f56566276bae40a0814bc899a34e1aaa9345eb22cef3,"{""d"":9,""model"":""measurement"",""p"":0.013}",
      3072,         0,         0,   0.014,pymatching,d8cc9c2aa429a5713ed477b1939a2eff819cd7386a3ff93fdca7863794e89a3c,"{""d"":9,""model"":""measurement"",""p"":0.005}",
      3072,         0,         0,   0.018,pymatching,8407028e38ab80c5f461f56566276bae40a0814bc899a34e1aaa9345eb22cef3,"{""d"":9,""model"":""measurement"",""p"":0.013}",
      2048,         0,         0,   0.014,pymatching,1938eb02fa174e4398af57ea22b7b299d6e80e0682a4886085d64e26cc5d8b28,"{""d"":9,""model"":""phenomenological"",""p"":0.005}",
      2048,         0,         0,   0.015,pymatching,1938eb02fa174e4398af57ea22b7b299d6e80e0682a4886085d64e26cc5d8b28,"{""d"":9,""model"":""phenomenological"",""p"":0.005}",
      3072,         1,         0,   0.018,pymatching,f8b16c1db98fb154e268a37dcebc8c5eacbd03993daab091f051fc9a559c4e8e,"{""d"":9,""model"":""measurement"",""p"":0.01}",
      5120,         0,         0,   0.020,pymatching,d8cc9c2aa429a5713ed477b1939a2eff819cd7386a3ff93fdca7863794e89a3c,"{""d"":9,""model"":""measurement"",""p"":0.005}",
      5120,         0,         0,   0.024,pymatching,d8cc9c2aa429a5713ed477b1939a2eff819cd7386a3ff93fdca7863794e89a3c,"{""d"":9,""model"":""measurement"",""p"":0.005}",
      4096,         0,         0,   0.021,pymatching,f8b16c1db98fb154e268a37dcebc8c5eacbd03993daab091f051fc9a559c4e8e,"{""d"":9,""model"":""measurement"",""p"":0.01}",
      3072,         1,         0,   0.021,pymatching,8407028e38ab80c5f461f56566276bae40a0814bc899a34e1aaa9345eb22cef3,"{""d"":9,""model"":""measurement"",""p"":0.013}",
      4096,         0,         0,   0.020,pymatching,d8cc9c2aa429a5713ed477b1939a2eff819cd7386a3ff93fdca7863794e89a3c,"{""d"":9,""model"":""measurement"",""p"":0.005}",
      3072,         0,         0,   0.021,pymatching,1938eb02fa174e4398af57ea22b7b299d6e80e0682a4886085d64e26cc5d8b28,"{""d"":9,""model"":""phenomenological"",""p"":0.005}",
      3072,         0,         0,   0.022,pymatching,1938eb02fa174e4398af57ea22b7b299d6e80e0682a4886085d64e26cc5d8b28,"{""d"":9,""model"":""phenomenological"",""p"":0.005}",
      4096,         0,         0,   0.024,pymatching,8407028e38ab80c5f461f56566276bae40a0814bc899a34e1aaa9345eb22cef3,"{""d"":9,""model"":""measurement"",""p"":0.013}",
      4096,         0,         0,   0.024,pymatching,f8b16c1db98fb154e268a37dcebc8c5eacbd03993daab091f051fc9a559c4e8e,"{""d"":9,""model"":""measurement"",""p"":0.01}",
      7168,         0,         0,   0.028,pymatching,d8cc9c2aa429a5713ed477b1939a2eff819cd7386a3ff93fdca7863794e89a3c,"{""d"":9,""model"":""measurement"",""p"":0.005}",
      6144,         0,         0,   0.028,pymatching,d8cc9c2aa429a5713ed477b1939a2eff819cd7386a3ff93fdca7863794e89a3c,"{""d"":9,""model"":""measurement"",""p"":0.005}",
      4096,         0,         0,   0.028,pymatching,8407028e38ab80c5f461f56566276bae40a0814bc899a34e1aaa9345eb22cef3,"{""d"":9,""model"":""measurement"",""p"":0.013}",
      6144,         0,         0,   0.029,pymatching,d8cc9c2aa429a5713ed477b1939a2eff819cd7386a3ff93fdca7863794e89a3c,"{""d"":9,""model"":""measurement"",""p"":0.005}",
      6144,         0,         0,   0.031,pymatching,f8b16c1db98fb154e268a37dcebc8c5eacbd03993daab091f051fc9a559c4e8e,"{""d"":9,""model"":""measurement"",""p"":0.01}",
      4096,         0,         0,   0.028,pymatching,1938eb02fa174e4398af57ea22b7b299d6e80e0682a4886085d64e26cc5d8b28,"{""d"":9,""model"":""phenomenological"",""p"":0.005}",
      4096,         0,         0,   0.028,pymatching,1938eb02fa174e4398af57ea22b7b299d6e80e0682a4886085d64e26cc5d8b28,"{""d"":9,""model"":""phenomenological"",""p"":0.005}",
      5120,         0,         0,   0.030,pymatching,8407028e38ab80c5f461f56566276bae40a0814bc899a34e1aaa9345eb22cef3,"{""d"":9,""model"":""measurement"",""p"":0.013}",
      5120,         0,         0,   0.030,pymatching,f8b16c1db98fb154e268a37dcebc8c5eacbd03993daab091f051fc9a559c4e8e,"{""d"":9,""model"":""measurement"",""p"":0.01}",
    774144,         0,         0,    3.02,pymatching,d8cc9c2aa429a5713ed477b1939a2eff819cd7386a3ff93fdca7863794e89a3c,"{""d"":9,""model"":""measurement"",""p"":0.005}",
    608256,         3,         0,    3.03,pymatching,f8b16c1db98fb154e268a37dcebc8c5eacbd03993daab091f051fc9a559c4e8e,"{""d"":9,""model"":""measurement"",""p"":0.01}",
     10240,         0,         0,   0.041,pymatching,d8cc9c2aa429a5713ed477b1939a2eff819cd7386a3ff93fdca7863794e89a3c,"{""d"":9,""model"":""measurement"",""p"":0.005}",
      8192,         0,         0,   0.038,pymatching,d8cc9c2aa429a5713ed477b1939a2eff819cd7386a3ff93fdca7863794e89a3c,"{""d"":9,""model"":""measurement"",""p"":0.005}",
    525312,         3,         0,    3.03,pymatching,1938eb02fa174e4398af57ea22b7b299d6e80e0682a4886085d64e26cc5d8b28,"{""d"":9,""model"":""phenomenological"",""p"":0.005}",
      9216,         0,         0,   0.042,pymatching,d8cc9c2aa429a5713ed477b1939a2eff819cd7386a3ff93fdca7863794e89a3c,"{""d"":9,""model"":""measurement"",""p"":0.005}",
      6144,         0,         0,   0.042,pymatching,8407028e38ab80c5f461f56566276bae40a0814bc899a34e1aaa9345eb22cef3,"{""d"":9,""model"":""measurement"",""p"":0.013}",
      8192,         0,         0,   0.042,pymatching,f8b16c1db98fb154e268a37dcebc8c5eacbd03993daab091f051fc9a559c4e8e,"{""d"":9,""model"":""measurement"",""p"":0.01}",
      6144,         0,         0,   0.043,pymatching,1938eb02fa174e4398af57ea22b7b299d6e80e0682a4886085d64e26cc5d8b28,"{""d"":9,""model"":""phenomenological"",""p"":0.005}",
    531456,        12,         0,    3.03,pymatching,8407028e38ab80c5f461f56566276bae40a0814bc899a34e1aaa9345eb22cef3,"{""d"":9,""model"":""measurement"",""p"":0.013}",
      6144,         0,         0,   0.042,pymatching,1938eb02fa174e4398af57ea22b7b299d6e80e0682a4886085d64e26cc5d8b28,"{""d"":9,""model"":""phenomenological"",""p"":0.005}",
    516096,         0,         0,    3.03,pymatching,1938eb02fa174e4398af57ea22b7b299d6e80e0682a4886085d64e26cc5d8b28,"{""d"":9,""model"":""phenomenological"",""p"":0.005}",
      7168,         0,         0,   0.042,pymatching,8407028e38ab80c5f461f56566276bae40a0814bc899a34e1aaa9345eb22cef3,"{""d"":9,""model"":""measurement"",""p"":0.013}",
      7168,         0,         0,   0.043,pymatching,f8b16c1db98fb154e268a37dcebc8c5eacbd03993daab091f051fc9a559c4e8e,"{""d"":9,""model"":""measurement"",""p"":0.01}",
     14336,         0,         0,   0.057,pymatching,d8cc9c2aa429a5713ed477b1939a2eff819cd7386a3ff93fdca7863794e89a3c,"{""d"":9,""model"":""measurement"",""p"":0.005}",
     12288,         0,         0,   0.057,pymatching,d8cc9c2aa429a5713ed477b1939a2eff819cd7386a3ff93fdca7863794e89a3c,"{""d"":9,""model"":""measurement"",""p"":0.005}",
      8192,         0,         0,   0.055,pymatching,8407028e38ab80c5f461f56566276bae40a0814bc899a34e1aaa9345eb22cef3,"{""d"":9,""model"":""measurement"",""p"":0.013}",
     12288,         0,         0,   0.057,pymatching,d8cc9c2aa429a5713ed477b1939a2eff819cd7386a3ff93fdca7863794e89a3c,"{""d"":9,""model"":""measurement"",""p"":0.005}",
     11264,         0,         0,   0.057,pymatching,f8b16c1db98fb154e268a37dcebc8c5eacbd03993daab091f051fc9a559c4e8e,"{""d"":9,""model"":""measurement"",""p"":0.01}",
      9216,         0,         0,   0.053,pymatching,8407028e38ab80c5f461f56566276bae40a0814bc899a34e1aaa9345eb22cef3,"{""d"":9,""model"":""measurement"",""p"":0.013}",
      8192,         0,         0,   0.057,pymatching,1938eb02fa174e4398af57ea22b7b299d6e80e0682a4886085d64e26cc5d8b28,"{""d"":9,""model"":""phenomenological"",""p"":0.005}",
      8192,         0,         0,   0.057,pymatching,1938eb02fa174e4398af57ea22b7b299d6e80e0682a4886085d64e26cc5d8b28,"{""d"":9,""model"":""phenomenological"",""p"":0.005}",
      9216,         1,         0,   0.055,pymatching,f8b16c1db98fb154e268a37dcebc8c5eacbd03993daab091f051fc9a559c4e8e,"{""d"":9,""model"":""measurement"",""p"":0.01}",
     19456,         0,         0,   0.077,pymatching,d8cc9c2aa429a5713ed477b1939a2eff819cd7386a3ff93fdca7863794e89a3c,"{""d"":9,""model"":""measurement"",""p"":0.005}",
     16384,         0,         0,   0.076,pymatching,d8cc9c2aa429a5713ed477b1939a2eff819cd7386a3ff93fdca7863794e89a3c,"{""d"":9,""model"":""measurement"",""p"":0.005}",
     11264,         0,         0,   0.076,pymatching,8407028e38ab80c5f461f56566276bae40a0814bc899a34e1aaa9345eb22cef3,"{""d"":9,""model"":""measurement"",""p"":0.013}",
     16384,         0,         0,   0.076,pymatching,d8cc9c2aa429a5713ed477b1939a2eff819cd7386a3ff93fdca7863794e89a3c,"{""d"":9,""model"":""measurement"",""p"":0.005}",
     15360,         0,         0,   0.078,pymatching,f8b16c1db98fb154e268a37dcebc8c5eacbd03993daab091f051fc9a559c4e8e,"{""d"":9,""model"":""measurement"",""p"":0.01}",
     13312,         2,         0,   0.077,pymatching,8407028e38ab80c5f461f56566276bae40a0814bc899a34e1aaa9345eb22cef3,"{""d"":9,""model"":""measurement"",""p"":0.013}",
     11264,         0,         0,   0.079,pymatching,1938eb02fa174e4398af57ea22b7b299d6e80e0682a4886085d64e26cc5d8b28,"{""d"":9,""model"":""phenomenological"",""p"":0.005}",
     11264,         0,         0,   0.078,pymatching,1938eb02fa174e4398af57ea22b7b299d6e80e0682a4886085d64e26cc5d8b28,"{""d"":9,""model"":""phenomenological"",""p"":0.005}",
     13312,         1,         0,   0.079,pymatching,f8b16c1db98fb154e268a37dcebc8c5eacbd03993daab091f051fc9a559c4e8e,"{""d"":9,""model"":""measurement"",""p"":0.01}",
     26624,         1,         0,   0.105,pymatching,d8cc9c2aa429a5713ed477b1939a2eff819cd7386a3ff93fdca7863794e89a3c,"{""d"":9,""model"":""measurement"",""p"":0.005}",
     22528,         0,         0,   0.104,pymatching,d8cc9c2aa429a5713ed477b1939a2eff819cd7386a3ff93fdca7863794e89a3c,"{""d"":9,""model"":""measurement"",""p"":0.005}",
     23552,         0,         0,   0.108,pymatching,d8cc9c2aa429a5713ed477b1939a2eff819cd7386a3ff93fdca7863794e89a3c,"{""d"":9,""model"":""measurement"",""p"":0.005}",
     16384,         0,         0,   0.111,pymatching,8407028e38ab80c5f461f56566276bae40a0814bc899a34e1aaa9345eb22cef3,"{""d"":9,""model"":""measurement"",""p"":0.013}",
     18432,         0,         0,   0.106,pymatching,8407028e38ab80c5f461f56566276bae40a0814bc899a34e1aaa9345eb22cef3,"{""d"":9,""model"":""measurement"",""p"":0.013}",
     21504,         0,         0,   0.109,pymatching,f8b16c1db98fb154e268a37dcebc8c5eacbd03993daab091f051fc9a559c4e8e,"{""d"":9,""model"":""measurement"",""p"":0.01}",
     15360,         0,         0,   0.106,pymatching,1938eb02fa174e4398af57ea22b7b299d6e80e0682a4886085d64e26cc5d8b28,"{""d"":9,""model"":""phenomenological"",""p"":0.005}",
     15360,         0,         0,   0.107,pymatching,1938eb02fa174e4398af57ea22b7b299d6e80e0682a4886085d64e26cc5d8b28,"{""d"":9,""model"":""phenomenological"",""p"":0.005}",
     18432,         0,         0,   0.109,pymatching,f8b16c1db98fb154e268a37dcebc8c5eacbd03993daab091f051fc9a559c4e8e,"{""d"":9,""model"":""measurement"",""p"":0.01}",
     37888,         0,         0,   0.150,pymatching,d8cc9c2aa429a5713ed477b1939a2eff819cd7386a3ff93fdca7863794e89a3c,"{""d"":9,""model"":""measurement"",""p"":0.005}",
     31744,         0,         0,   0.147,pymatching,d8cc9c2aa429a5713ed477b1939a2eff819cd7386a3ff93fdca7863794e89a3c,"{""d"":9,""model"":""measurement"",""p"":0.005}",
     32768,         0,         0,   0.150,pymatching,d8cc9c2aa429a5713ed477b1939a2eff819cd7386a3ff93fdca7863794e89a3c,"{""d"":9,""model"":""measurement"",""p"":0.005}",
     25600,         1,         0,   0.147,pymatching,8407028e38ab80c5f461f56566276bae40a0814bc899a34e1aaa9345eb22cef3,"{""d"":9,""model"":""measurement"",""p"":0.013}",
     29696,         0,         0,   0.150,pymatching,f8b16c1db98fb154e268a37dcebc8c5eacbd03993daab091f051fc9a559c4e8e,"{""d"":9,""model"":""measurement"",""p"":0.01}",
     22528,         1,         0,   0.153,pymatching,8407028e38ab80c5f461f56566276bae40a0814bc899a34e1aaa9345eb22cef3,"{""d"":9,""model"":""measurement"",""p"":0.013}",
     21504,         1,         0,   0.149,pymatching,1938eb02fa174e4398af57ea22b7b299d6e80e0682a4886085d64e26cc5d8b28,"{""d"":9,""model"":""phenomenological"",""p"":0.005}",
     21504,         0,         0,   0.150,pymatching,1938eb02fa174e4398af57ea22b7b299d6e80e0682a4886085d64e26cc5d8b28,"{""d"":9,""model"":""phenomenological"",""p"":0.005}",
     25600,         0,         0,   0.151,pymatching,f8b16c1db98fb154e268a37dcebc8c5eacbd03993daab091f051fc9a559c4e8e,"{""d"":9,""model"":""measurement"",""p"":0.01}",
     52224,         0,         0,   0.206,pymatching,d8cc9c2aa429a5713ed477b1939a2eff819cd7386a3ff93fdca7863794e89a3c,"{""d"":9,""model"":""measurement"",""p"":0.005}",
     45056,         0,         0,   0.209,pymatching,d8cc9c2aa429a5713ed477b1939a2eff819cd7386a3ff93fdca7863794e89a3c,"{""d"":9,""model"":""measurement"",""p"":0.005}",
     45056,         0,         0,   0.206,pymatching,d8cc9c2aa429a5713ed477b1939a2eff819cd7386a3ff93fdca7863794e89a3c,"{""d"":9,""model"":""measurement"",""p"":0.005}",
     35840,         2,         0,   0.206,pymatching,8407028e38ab80c5f461f56566276bae40a0814bc899a34e1aaa9345eb22cef3,"{""d"":9,""model"":""measurement"",""p"":0.013}",
     40960,         0,         0,   0.208,pymatching,f8b16c1db98fb154e268a37dcebc8c5eacbd03993daab091f051fc9a559c4e8e,"{""d"":9,""model"":""measurement"",""p"":0.01}",
     30720,         1,         0,   0.209,pymatching,8407028e38ab80c5f461f56566276bae40a0814bc899a34e1aaa9345eb22cef3,"{""d"":9,""model"":""measurement"",""p"":0.013}",
     29696,         0,         0,   0.209,pymatching,1938eb02fa174e4398af57ea22b7b299d6e80e0682a4886085d64e26cc5d8b28,"{""d"":9,""model"":""phenomenological"",""p"":0.005}",
     30720,         0,         0,   0.212,pymatching,1938eb02fa174e4398af57ea22b7b299d6e80e0682a4886085d64e26cc5d8b28,"{""d"":9,""model"":""phenomenological"",""p"":0.005}",
     34816,         2,         0,   0.206,pymatching,f8b16c1db98fb154e268a37dcebc8c5eacbd03993daab091f051fc9a559c4e8e,"{""d"":9,""model"":""measurement"",""p"":0.01}",
    399360,         0,         0,    1.54,pymatching,d8cc9c2aa429a5713ed477b1939a2eff819cd7386a3ff93fdca7863794e89a3c,"{""d"":9,""model"":""measurement"",""p"":0.005}",
    269312,         3,         0,    1.55,pymatching,8407028e38ab80c5f461f56566276bae40a0814bc899a34e1aaa9345eb22cef3,"{""d"":9,""model"":""measurement"",""p"":0.013}",
    225280,         4,         0,    1.55,pymatching,8407028e38ab80c5f461f56566276bae40a0814bc899a34e1aaa9345eb22cef3,"{""d"":9,""model"":""measurement"",""p"":0.013}",
    273408,         0,         0,    1.55,pymatching,1938eb02fa174e4398af57ea22b7b299d6e80e0682a4886085d64e26cc5d8b28,"{""d"":9,""model"":""phenomenological"",""p"":0.005}",
    260096,         1,         0,    1.55,pymatching,f8b16c1db98fb154e268a37dcebc8c5eacbd03993daab091f051fc9a559c4e8e,"{""d"":9,""model"":""measurement"",""p"":0.01}",
    264192,         2,         0,    1.55,pymatching,1938eb02fa174e4398af57ea22b7b299d6e80e0682a4886085d64e26cc5d8b28,"{""d"":9,""model"":""phenomenological"",""p"":0.005}",
    266240,         1,         0,    1.55,pymatching,f8b16c1db98fb154e268a37dcebc8c5eacbd03993daab091f051fc9a559c4e8e,"{""d"":9,""model"":""measurement"",""p"":0.01}",
     72704,         0,         0,   0.287,pymatching,d8cc9c2aa429a5713ed477b1939a2eff819cd7386a3ff93fdca7863794e89a3c,"{""d"":9,""model"":""measurement"",""p"":0.005}",
     62464,         0,         0,   0.288,pymatching,d8cc9c2aa429a5713ed477b1939a2eff819cd7386a3ff93fdca7863794e89a3c,"{""d"":9,""model"":""measurement"",""p"":0.005}",
     62464,         0,         0,   0.291,pymatching,d8cc9c2aa429a5713ed477b1939a2eff819cd7386a3ff93fdca7863794e89a3c,"{""d"":9,""model"":""measurement"",""p"":0.005}",
     50176,         0,         0,   0.289,pymatching,8407028e38ab80c5f461f56566276bae40a0814bc899a34e1aaa9345eb22cef3,"{""d"":9,""model"":""measurement"",""p"":0.013}",
     57344,         1,         0,   0.290,pymatching,f8b16c1db98fb154e268a37dcebc8c5eacbd03993daab091f051fc9a559c4e8e,"{""d"":9,""model"":""measurement"",""p"":0.01}",
     40960,         0,         0,   0.289,pymatching,1938eb02fa174e4398af57ea22b7b299d6e80e0682a4886085d64e26cc5d8b28,"{""d"":9,""model"":""phenomenological"",""p"":0.005}",
     43008,         1,         0,   0.292,pymatching,8407028e38ab80c5f461f56566276bae40a0814bc899a34e1aaa9345eb22cef3,"{""d"":9,""model"":""measurement"",""p"":0.013}",
     41984,         1,         0,   0.291,pymatching,1938eb02fa174e4398af57ea22b7b299d6e80e0682a4886085d64e26cc5d8b28,"{""d"":9,""model"":""phenomenological"",""p"":0.005}",
     49152,         0,         0,   0.291,pymatching,f8b16c1db98fb154e268a37dcebc8c5eacbd03993daab091f051fc9a559c4e8e,"{""d"":9,""model"":""measurement"",""p"":0.01}",
   1082368,         0,         0,    4.23,pymatching,d8cc9c2aa429a5713ed477b1939a2eff819cd7386a3ff93fdca7863794e89a3c,"{""d"":9,""model"":""measurement"",""p"":0.005}",
    836608,         3,         0,    4.24,pymatching,f8b16c1db98fb154e268a37dcebc8c5eacbd03993daab091f051fc9a559c4e8e,"{""d"":9,""model"":""measurement"",""p"":0.01}",
    743424,        24,         0,    4.24,pymatching,8407028e38ab80c5f461f56566276bae40a0814bc899a34e1aaa9345eb22cef3,"{""d"":9,""model"":""measurement"",""p"":0.013}",
    102400,         0,         0,   0.404,pymatching,d8cc9c2aa429a5713ed477b1939a2eff819cd7386a3ff93fdca7863794e89a3c,"{""d"":9,""model"":""measurement"",""p"":0.005}",
     87040,         0,         0,   0.403,pymatching,d8cc9c2aa429a5713ed477b1939a2eff819cd7386a3ff93fdca7863794e89a3c,"{""d"":9,""model"":""measurement"",""p"":0.005}",
     88064,         0,         0,   0.406,pymatching,d8cc9c2aa429a5713ed477b1939a2eff819cd7386a3ff93fdca7863794e89a3c,"{""d"":9,""model"":""measurement"",""p"":0.005}",
     70656,         1,         0,   0.408,pymatching,8407028e38ab80c5f461f56566276bae40a0814bc899a34e1aaa9345eb22cef3,"{""d"":9,""model"":""measurement"",""p"":0.013}",
     79872,         0,         0,   0.404,pymatching,f8b16c1db98fb154e268a37dcebc8c5eacbd03993daab091f051fc9a559c4e8e,"{""d"":9,""model"":""measurement"",""p"":0.01}",
     59392,         1,         0,   0.404,pymatching,8407028e38ab80c5f461f56566276bae40a0814bc899a34e1aaa9345eb22cef3,"{""d"":9,""model"":""measurement"",""p"":0.013}",
     58368,         0,         0,   0.405,pymatching,1938eb02fa174e4398af57ea22b7b299d6e80e0682a4886085d64e26cc5d8b28,"{""d"":9,""model"":""phenomenological"",""p"":0.005}",
     58368,         0,         0,   0.405,pymatching,1938eb02fa174e4398af57ea22b7b299d6e80e0682a4886085d64e26cc5d8b28,"{""d"":9,""model"":""phenomenological"",""p"":0.005}",
     68608,         0,         0,   0.407,pymatching,f8b16c1db98fb154e268a37dcebc8c5eacbd03993daab091f051fc9a559c4e8e,"{""d"":9,""model"":""measurement"",""p"":0.01}",
    143360,         0,         0,   0.565,pymatching,d8cc9c2aa429a5713ed477b1939a2eff819cd7386a3ff93fdca7863794e89a3c,"{""d"":9,""model"":""measurement"",""p"":0.005}",
    121856,         0,         0,   0.564,pymatching,d8cc9c2aa429a5713ed477b1939a2eff819cd7386a3ff93fdca7863794e89a3c,"{""d"":9,""model"":""measurement"",""p"":0.005}",
    122880,         0,         0,   0.565,pymatching,d8cc9c2aa429a5713ed477b1939a2eff819cd7386a3ff93fdca7863794e89a3c,"{""d"":9,""model"":""measurement"",""p"":0.005}",
     98304,         2,         0,   0.567,pymatching,8407028e38ab80c5f461f56566276bae40a0814bc899a34e1aaa9345eb22cef3,"{""d"":9,""model"":""measurement"",""p"":0.013}",
    111616,         0,         0,   0.565,pymatching,f8b16c1db98fb154e268a37dcebc8c5eacbd03993daab091f051fc9a559c4e8e,"{""d"":9,""model"":""measurement"",""p"":0.01}",
     82944,         2,         0,   0.564,pymatching,8407028e38ab80c5f461f56566276bae40a0814bc899a34e1aaa9345eb22cef3,"{""d"":9,""model"":""measurement"",""p"":0.013}",
     81920,         0,         0,   0.569,pymatching,1938eb02fa174e4398af57ea22b7b299d6e80e0682a4886085d64e26cc5d8b28,"{""d"":9,""model"":""phenomenological"",""p"":0.005}",
     81920,         0,         0,   0.567,pymatching,1938eb02fa174e4398af57ea22b7b299d6e80e0682a4886085d64e26cc5d8b28,"{""d"":9,""model"":""phenomenological"",""p"":0.005}",
     95232,         1,         0,   0.565,pymatching,f8b16c1db98fb154e268a37dcebc8c5eacbd03993daab091f051fc9a559c4e8e,"{""d"":9,""model"":""measurement"",""p"":0.01}",
    199680,         0,         0,   0.788,pymatching,d8cc9c2aa429a5713ed477b1939a2eff819cd7386a3ff93fdca7863794e89a3c,"{""d"":9,""model"":""measurement"",""p"":0.005}",
    169984,         0,         0,   0.790,pymatching,d8cc9c2aa429a5713ed477b1939a2eff819cd7386a3ff93fdca7863794e89a3c,"{""d"":9,""model"":""measurement"",""p"":0.005}",
    172032,         0,         0,   0.791,pymatching,d8cc9c2aa429a5713ed477b1939a2eff819cd7386a3ff93fdca7863794e89a3c,"{""d"":9,""model"":""measurement"",""p"":0.005}",
    137216,         2,         0,   0.791,pymatching,8407028e38ab80c5f461f56566276bae40a0814bc899a34e1aaa9345eb22cef3,"{""d"":9,""model"":""measurement"",""p"":0.013}",
    155648,         1,         0,   0.789,pymatching,f8b16c1db98fb154e268a37dcebc8c5eacbd03993daab091f051fc9a559c4e8e,"{""d"":9,""model"":""measurement"",""p"":0.01}",
    116736,         1,         0,   0.793,pymatching,8407028e38ab80c5f461f56566276bae40a0814bc899a34e1aaa9345eb22cef3,"{""d"":9,""model"":""measurement"",""p"":0.013}",
    113664,         2,         0,   0.790,pymatching,1938eb02fa174e4398af57ea22b7b299d6e80e0682a4886085d64e26cc5d8b28,"{""d"":9,""model"":""phenomenological"",""p"":0.005}",
    114688,         0,         0,   0.794,pymatching,1938eb02fa174e4398af57ea22b7b299d6e80e0682a4886085d64e26cc5d8b28,"{""d"":9,""model"":""phenomenological"",""p"":0.005}",
    133120,         1,         0,   0.792,pymatching,f8b16c1db98fb154e268a37dcebc8c5eacbd03993daab091f051fc9a559c4e8e,"{""d"":9,""model"":""measurement"",""p"":0.01}",
    559104,         0,         0,    2.16,pymatching,d8cc9c2aa429a5713ed477b1939a2eff819cd7386a3ff93fdca7863794e89a3c,"{""d"":9,""model"":""measurement"",""p"":0.005}",
   1270784,         0,         0,    5.92,pymatching,d8cc9c2aa429a5713ed477b1939a2eff819cd7386a3ff93fdca7863794e89a3c,"{""d"":9,""model"":""measurement"",""p"":0.005}",
    377856,         8,         0,    2.17,pymatching,8407028e38ab80c5f461f56566276bae40a0814bc899a34e1aaa9345eb22cef3,"{""d"":9,""model"":""measurement"",""p"":0.013}",
   1005568,        10,         0,    5.94,pymatching,f8b16c1db98fb154e268a37dcebc8c5eacbd03993daab091f051fc9a559c4e8e,"{""d"":9,""model"":""measurement"",""p"":0.01}",
    871424,        19,         0,    5.94,pymatching,8407028e38ab80c5f461f56566276bae40a0814bc899a34e1aaa9345eb22cef3,"{""d"":9,""model"":""measurement"",""p"":0.013}",
    872448,         2,         0,    5.94,pymatching,1938eb02fa174e4398af57ea22b7b299d6e80e0682a4886085d64e26cc5d8b28,"{""d"":9,""model"":""phenomenological"",""p"":0.005}",
    314368,        11,         0,    2.17,pymatching,8407028e38ab80c5f461f56566276bae40a0814bc899a34e1aaa9345eb22cef3,"{""d"":9,""model"":""measurement"",""p"":0.013}",
    370688,         0,         0,    2.17,pymatching,1938eb02fa174e4398af57ea22b7b299d6e80e0682a4886085d64e26cc5d8b28,"{""d"":9,""model"":""phenomenological"",""p"":0.005}",
    362496,         1,         0,    2.16,pymatching,f8b16c1db98fb154e268a37dcebc8c5eacbd03993daab091f051fc9a559c4e8e,"{""d"":9,""model"":""measurement"",""p"":0.01}",
    368640,         1,         0,    2.17,pymatching,1938eb02fa174e4398af57ea22b7b299d6e80e0682a4886085d64e26cc5d8b28,"{""d"":9,""model"":""phenomenological"",""p"":0.005}",
    358400,         2,         0,    2.17,pymatching,f8b16c1db98fb154e268a37dcebc8c5eacbd03993daab091f051fc9a559c4e8e,"{""d"":9,""model"":""measurement"",""p"":0.01}",
   1457152,        32,         0,    8.31,pymatching,8407028e38ab80c5f461f56566276bae40a0814bc899a34e1aaa9345eb22cef3,"{""d"":9,""model"":""measurement"",""p"":0.013}",
   2159616,         0,         0,    8.30,pymatching,d8cc9c2aa429a5713ed477b1939a2eff819cd7386a3ff93fdca7863794e89a3c,"{""d"":9,""model"":""measurement"",""p"":0.005}",
   1665024,        10,         0,    8.31,pymatching,f8b16c1db98fb154e268a37dcebc8c5eacbd03993daab091f051fc9a559c4e8e,"{""d"":9,""model"":""measurement"",""p"":0.01}",
   1662976,        12,         0,    8.31,pymatching,f8b16c1db98fb154e268a37dcebc8c5eacbd03993daab091f051fc9a559c4e8e,"{""d"":9,""model"":""measurement"",""p"":0.01}",
   1454080,        26,         0,    8.32,pymatching,8407028e38ab80c5f461f56566276bae40a0814bc899a34e1aaa9345eb22cef3,"{""d"":9,""model"":""measurement"",""p"":0.013}",
   1447936,         1,         0,    8.31,pymatching,1938eb02fa174e4398af57ea22b7b299d6e80e0682a4886085d64e26cc5d8b28,"{""d"":9,""model"":""phenomenological"",""p"":0.005}",
   1427456,         5,         0,    8.31,pymatching,1938eb02fa174e4398af57ea22b7b299d6e80e0682a4886085d64e26cc5d8b28,"{""d"":9,""model"":""phenomenological"",""p"":0.005}",
   1424384,         5,         0,    8.31,pymatching,1938eb02fa174e4398af57ea22b7b299d6e80e0682a4886085d64e26cc5d8b28,"{""d"":9,""model"":""phenomenological"",""p"":0.005}",
   1389568,        10,         0,    8.31,pymatching,f8b16c1db98fb154e268a37dcebc8c5eacbd03993daab091f051fc9a559c4e8e,"{""d"":9,""model"":""measurement"",""p"":0.01}",
   1810432,         1,         0,    8.30,pymatching,d8cc9c2aa429a5713ed477b1939a2eff819cd7386a3ff93fdca7863794e89a3c,"{""d"":9,""model"":""measurement"",""p"":0.005}",
   1436672,         4,         0,    8.32,pymatching,1938eb02fa174e4398af57ea22b7b299d6e80e0682a4886085d64e26cc5d8b28,"{""d"":9,""model"":""phenomenological"",""p"":0.005}",
   1813504,         0,         0,    8.29,pymatching,d8cc9c2aa429a5713ed477b1939a2eff819cd7386a3ff93fdca7863794e89a3c,"{""d"":9,""model"":""measurement"",""p"":0.005}",
   1785856,         0,         0,    8.29,pymatching,d8cc9c2aa429a5713ed477b1939a2eff819cd7386a3ff93fdca7863794e89a3c,"{""d"":9,""model"":""measurement"",""p"":0.005}",
   1798144,         1,         0,    8.29,pymatching,d8cc9c2aa429a5713ed477b1939a2eff819cd7386a3ff93fdca7863794e89a3c,"{""d"":9,""model"":""measurement"",""p"":0.005}",
   1383424,         6,         0,    8.31,pymatching,f8b16c1db98fb154e268a37dcebc8c5eacbd03993daab091f051fc9a559c4e8e,"{""d"":9,""model"":""measurement"",""p"":0.01}",
   1228800,        24,         0,    8.32,pymatching,8407028e38ab80c5f461f56566276bae40a0814bc899a34e1aaa9345eb22cef3,"{""d"":9,""model"":""measurement"",""p"":0.013}",
   1217536,        21,         0,    8.32,pymatching,8407028e38ab80c5f461f56566276bae40a0814bc899a34e1aaa9345eb22cef3,"{""d"":9,""model"":""measurement"",""p"":0.013}",
    279552,         0,         0,    1.10,pymatching,d8cc9c2aa429a5713ed477b1939a2eff819cd7386a3ff93fdca7863794e89a3c,"{""d"":9,""model"":""measurement"",""p"":0.005}",
    237568,         0,         0,    1.10,pymatching,d8cc9c2aa429a5713ed477b1939a2eff819cd7386a3ff93fdca7863794e89a3c,"{""d"":9,""model"":""measurement"",""p"":0.005}",
    239616,         0,         0,    1.11,pymatching,d8cc9c2aa429a5713ed477b1939a2eff819cd7386a3ff93fdca7863794e89a3c,"{""d"":9,""model"":""measurement"",""p"":0.005}",
    191488,         4,         0,    1.10,pymatching,8407028e38ab80c5f461f56566276bae40a0814bc899a34e1aaa9345eb22cef3,"{""d"":9,""model"":""measurement"",""p"":0.013}",
    218112,         2,         0,    1.10,pymatching,f8b16c1db98fb154e268a37dcebc8c5eacbd03993daab091f051fc9a559c4e8e,"{""d"":9,""model"":""measurement"",""p"":0.01}",
    162816,         0,         0,    1.11,pymatching,8407028e38ab80c5f461f56566276bae40a0814bc899a34e1aaa9345eb22cef3,"{""d"":9,""model"":""measurement"",""p"":0.013}",
    158720,         1,         0,    1.11,pymatching,1938eb02fa174e4398af57ea22b7b299d6e80e0682a4886085d64e26cc5d8b28,"{""d"":9,""model"":""phenomenological"",""p"":0.005}",
    185344,         0,         0,    1.10,pymatching,f8b16c1db98fb154e268a37dcebc8c5eacbd03993daab091f051fc9a559c4e8e,"{""d"":9,""model"":""measurement"",""p"":0.01}",
    159744,         0,         0,    1.11,pymatching,1938eb02fa174e4398af57ea22b7b299d6e80e0682a4886085d64e26cc5d8b28,"{""d"":9,""model"":""phenomenological"",""p"":0.005}",
   1234944,        27,         0,    8.31,pymatching,8407028e38ab80c5f461f56566276bae40a0814bc899a34e1aaa9345eb22cef3,"{""d"":9,""model"":""measurement"",""p"":0.013}",
   1385472,         7,         0,    8.31,pymatching,f8b16c1db98fb154e268a37dcebc8c5eacbd03993daab091f051fc9a559c4e8e,"{""d"":9,""model"":""measurement"",""p"":0.01}",
   1204224,         5,         0,    8.31,pymatching,1938eb02fa174e4398af57ea22b7b299d6e80e0682a4886085d64e26cc5d8b28,"{""d"":9,""model"":""phenomenological"",""p"":0.005}",
   1081344,         1,         0,    4.23,pymatching,d8cc9c2aa429a5713ed477b1939a2eff819cd7386a3ff93fdca7863794e89a3c,"{""d"":9,""model"":""measurement"",""p"":0.005}",
    849920,         7,         0,    4.24,pymatching,f8b16c1db98fb154e268a37dcebc8c5eacbd03993daab091f051fc9a559c4e8e,"{""d"":9,""model"":""measurement"",""p"":0.01}",
    734208,         3,         0,    4.24,pymatching,1938eb02fa174e4398af57ea22b7b299d6e80e0682a4886085d64e26cc5d8b28,"{""d"":9,""model"":""phenomenological"",""p"":0.005}",
    743424,        18,         0,    4.24,pymatching,8407028e38ab80c5f461f56566276bae40a0814bc899a34e1aaa9345eb22cef3,"{""d"":9,""model"":""measurement"",""p"":0.013}",
    720896,         4,         0,    4.24,pymatching,1938eb02fa174e4398af57ea22b7b299d6e80e0682a4886085d64e26cc5d8b28,"{""d"":9,""model"":""phenomenological"",""p"":0.005}",
    391168,         0,         0,    1.54,pymatching,d8cc9c2aa429a5713ed477b1939a2eff819cd7386a3ff93fdca7863794e89a3c,"{""d"":9,""model"":""measurement"",""p"":0.005}",
    331776,         0,         0,    1.54,pymatching,d8cc9c2aa429a5713ed477b1939a2eff819cd7386a3ff93fdca7863794e89a3c,"{""d"":9,""model"":""measurement"",""p"":0.005}",
    334848,         0,         0,    1.54,pymatching,d8cc9c2aa429a5713ed477b1939a2eff819cd7386a3ff93fdca7863794e89a3c,"{""d"":9,""model"":""measurement"",""p"":0.005}",
    268288,         5,         0,    1.55,pymatching,8407028e38ab80c5f461f56566276bae40a0814bc899a34e1aaa9345eb22cef3,"{""d"":9,""model"":""measurement"",""p"":0.013}",
    305152,         0,         0,    1.55,pymatching,f8b16c1db98fb154e268a37dcebc8c5eacbd03993daab091f051fc9a559c4e8e,"{""d"":9,""model"":""measurement"",""p"":0.01}",
    259072,         2,         0,    1.54,pymatching,f8b16c1db98fb154e268a37dcebc8c5eacbd03993daab091f051fc9a559c4e8e,"{""d"":9,""model"":""measurement"",""p"":0.01}",
    222208,         0,         0,    1.55,pymatching,1938eb02fa174e4398af57ea22b7b299d6e80e0682a4886085d64e26cc5d8b28,"{""d"":9,""model"":""phenomenological"",""p"":0.005}",
    227328,         5,         0,    1.55,pymatching,8407028e38ab80c5f461f56566276bae40a0814bc899a34e1aaa9345eb22cef3,"{""d"":9,""model"":""measurement"",""p"":0.013}",
    223232,         0,         0,    1.55,pymatching,1938eb02fa174e4398af57ea22b7b299d6e80e0682a4886085d64e26cc5d8b28,"{""d"":9,""model"":""phenomenological"",""p"":0.005}",
    780288,         0,         0,    3.02,pymatching,d8cc9c2aa429a5713ed477b1939a2eff819cd7386a3ff93fdca7863794e89a3c,"{""d"":9,""model"":""measurement"",""p"":0.005}",
    527360,        13,         0,    3.03,pymatching,8407028e38ab80c5f461f56566276bae40a0814bc899a34e1aaa9345eb22cef3,"{""d"":9,""model"":""measurement"",""p"":0.013}",
    438272,        11,         0,    3.03,pymatching,8407028e38ab80c5f461f56566276bae40a0814bc899a34e1aaa9345eb22cef3,"{""d"":9,""model"":""measurement"",""p"":0.013}",
    518144,         2,         0,    3.03,pymatching,1938eb02fa174e4398af57ea22b7b299d6e80e0682a4886085d64e26cc5d8b28,"{""d"":9,""model"":""phenomenological"",""p"":0.005}",
    505856,         5,         0,    3.03,pymatching,f8b16c1db98fb154e268a37dcebc8c5eacbd03993daab091f051fc9a559c4e8e,"{""d"":9,""model"":""measurement"",""p"":0.01}",
    516096,         2,         0,    3.03,pymatching,1938eb02fa174e4398af57ea22b7b299d6e80e0682a4886085d64e26cc5d8b28,"{""d"":9,""model"":""phenomenological"",""p"":0.005}",
    500736,         3,         0,    3.03,pymatching,f8b16c1db98fb154e268a37dcebc8c5eacbd03993daab091f051fc9a559c4e8e,"{""d"":9,""model"":""measurement"",""p"":0.01}",
   1510400,         2,         0,    5.93,pymatching,d8cc9c2aa429a5713ed477b1939a2eff819cd7386a3ff93fdca7863794e89a3c,"{""d"":9,""model"":""measurement"",""p"":0.005}",
   1169408,        10,         0,    5.93,pymatching,f8b16c1db98fb154e268a37dcebc8c5eacbd03993daab091f051fc9a559c4e8e,"{""d"":9,""model"":""measurement"",""p"":0.01}",
   1037312,        18,         0,    5.94,pymatching,8407028e38ab80c5f461f56566276bae40a0814bc899a34e1aaa9345eb22cef3,"{""d"":9,""model"":""measurement"",""p"":0.013}",
    545792,         1,         0,    2.16,pymatching,d8cc9c2aa429a5713ed477b1939a2eff819cd7386a3ff93fdca7863794e89a3c,"{""d"":9,""model"":""measurement"",""p"":0.005}",
    462848,         0,         0,    2.16,pymatching,d8cc9c2aa429a5713ed477b1939a2eff819cd7386a3ff93fdca7863794e89a3c,"{""d"":9,""model"":""measurement"",""p"":0.005}",
    466944,         0,         0,    2.16,pymatching,d8cc9c2aa429a5713ed477b1939a2eff819cd7386a3ff93fdca7863794e89a3c,"{""d"":9,""model"":""measurement"",""p"":0.005}",
    425984,         8,         0,    2.16,pymatching,f8b16c1db98fb154e268a37dcebc8c5eacbd03993daab091f051fc9a559c4e8e,"{""d"":9,""model"":""measurement"",""p"":0.01}",
    374784,         7,         0,    2.17,pymatching,8407028e38ab80c5f461f56566276bae40a0814bc899a34e1aaa9345eb22cef3,"{""d"":9,""model"":""measurement"",""p"":0.013}",
    316416,         5,         0,    2.16,pymatching,8407028e38ab80c5f461f56566276bae40a0814bc899a34e1aaa9345eb22cef3,"{""d"":9,""model"":""measurement"",""p"":0.013}",
    310272,         1,         0,    2.17,pymatching,1938eb02fa174e4398af57ea22b7b299d6e80e0682a4886085d64e26cc5d8b28,"{""d"":9,""model"":""phenomenological"",""p"":0.005}",
    355328,         2,         0,    2.17,pymatching,f8b16c1db98fb154e268a37dcebc8c5eacbd03993daab091f051fc9a559c4e8e,"{""d"":9,""model"":""measurement"",""p"":0.01}",
    310272,         0,         0,    2.16,pymatching,1938eb02fa174e4398af57ea22b7b299d6e80e0682a4886085d64e26cc5d8b28,"{""d"":9,""model"":""phenomenological"",""p"":0.005}",
   1499136,         0,         0,    5.92,pymatching,d8cc9c2aa429a5713ed477b1939a2eff819cd7386a3ff93fdca7863794e89a3c,"{""d"":9,""model"":""measurement"",""p"":0.005}",
   1187840,         8,         0,    5.94,pymatching,f8b16c1db98fb154e268a37dcebc8c5eacbd03993daab091f051fc9a559c4e8e,"{""d"":9,""model"":""measurement"",""p"":0.01}",
   1026048,         9,         0,    5.94,pymatching,1938eb02fa174e4398af57ea22b7b299d6e80e0682a4886085d64e26cc5d8b28,"{""d"":9,""model"":""phenomenological"",""p"":0.005}",
   1038336,        20,         0,    5.94,pymatching,8407028e38ab80c5f461f56566276bae40a0814bc899a34e1aaa9345eb22cef3,"{""d"":9,""model"":""measurement"",""p"":0.013}",
   1006592,         3,         0,    5.94,pymatching,1938eb02fa174e4398af57ea22b7b299d6e80e0682a4886085d64e26cc5d8b28,"{""d"":9,""model"":""phenomenological"",""p"":0.005}",
   1092608,         0,         0,    4.23,pymatching,d8cc9c2aa429a5713ed477b1939a2eff819cd7386a3ff93fdca7863794e89a3c,"{""d"":9,""model"":""measurement"",""p"":0.005}",
    737280,        19,         0,    4.24,pymatching,8407028e38ab80c5f461f56566276bae40a0814bc899a34e1aaa9345eb22cef3,"{""d"":9,""model"":""measurement"",""p"":0.013}",
    611328,        11,         0,    4.24,pymatching,8407028e38ab80c5f461f56566276bae40a0814bc899a34e1aaa9345eb22cef3,"{""d"":9,""model"":""measurement"",""p"":0.013}",
    723968,         0,         0,    4.24,pymatching,1938eb02fa174e4398af57ea22b7b299d6e80e0682a4886085d64e26cc5d8b28,"{""d"":9,""model"":""phenomenological"",""p"":0.005}",
    703488,         2,         0,    4.24,pymatching,f8b16c1db98fb154e268a37dcebc8c5eacbd03993daab091f051fc9a559c4e8e,"{""d"":9,""model"":""measurement"",""p"":0.01}",
    721920,         2,         0,    4.25,pymatching,1938eb02fa174e4398af57ea22b7b299d6e80e0682a4886085d64e26cc5d8b28,"{""d"":9,""model"":""phenomenological"",""p"":0.005}",
    696320,         3,         0,    4.24,pymatching,f8b16c1db98fb154e268a37dcebc8c5eacbd03993daab091f051fc9a559c4e8e,"{""d"":9,""model"":""measurement"",""p"":0.01}",
    763904,         0,         0,    3.02,pymatching,d8cc9c2aa429a5713ed477b1939a2eff819cd7386a3ff93fdca7863794e89a3c,"{""d"":9,""model"":""measurement"",""p"":0.005}",
    646144,         0,         0,    3.02,pymatching,d8cc9c2aa429a5713ed477b1939a2eff819cd7386a3ff93fdca7863794e89a3c,"{""d"":9,""model"":""measurement"",""p"":0.005}",
    652288,         0,         0,    3.02,pymatching,d8cc9c2aa429a5713ed477b1939a2eff819cd7386a3ff93fdca7863794e89a3c,"{""d"":9,""model"":""measurement"",""p"":0.005}",
    595968,         4,         0,    3.03,pymatching,f8b16c1db98fb154e268a37dcebc8c5eacbd03993daab091f051fc9a559c4e8e,"{""d"":9,""model"":""measurement"",""p"":0.01}",
    524288,         9,         0,    3.03,pymatching,8407028e38ab80c5f461f56566276bae40a0814bc899a34e1aaa9345eb22cef3,"{""d"":9,""model"":""measurement"",""p"":0.013}",
    505856,         5,         0,    3.03,pymatching,f8b16c1db98fb154e268a37dcebc8c5eacbd03993daab091f051fc9a559c4e8e,"{""d"":9,""model"":""measurement"",""p"":0.01}",
    442368,         6,         0,    3.03,pymatching,8407028e38ab80c5f461f56566276bae40a0814bc899a34e1aaa9345eb22cef3,"{""d"":9,""model"":""measurement"",""p"":0.013}",
    434176,         0,         0,    3.03,pymatching,1938eb02fa174e4398af57ea22b7b299d6e80e0682a4886085d64e26cc5d8b28,"{""d"":9,""model"":""phenomenological"",""p"":0.005}",
    434176,         1,         0,    3.03,pymatching,1938eb02fa174e4398af57ea22b7b299d6e80e0682a4886085d64e26cc5d8b28,"{""d"":9,""model"":""phenomenological"",""p"":0.005}",
   1771520,         0,         0,    8.30,pymatching,d8cc9c2aa429a5713ed477b1939a2eff819cd7386a3ff93fdca7863794e89a3c,"{""d"":9,""model"":""measurement"",""p"":0.005}",
   1215488,        36,         0,    8.32,pymatching,8407028e38ab80c5f461f56566276bae40a0814bc899a34e1aaa9345eb22cef3,"{""d"":9,""model"":""measurement"",""p"":0.013}",
   1334272,        27,         0,    7.64,pymatching,8407028e38ab80c5f461f56566276bae40a0814bc899a34e1aaa9345eb22cef3,"{""d"":9,""model"":""measurement"",""p"":0.013}",
    129024,         3,         0,   0.747,pymatching,8407028e38ab80c5f461f56566276bae40a0814bc899a34e1aaa9345eb22cef3,"{""d"":9,""model"":""measurement"",""p"":0.013}",
    107520,         2,         0,   0.738,pymatching,8407028e38ab80c5f461f56566276bae40a0814bc899a34e1aaa9345eb22cef3,"{""d"":9,""model"":""measurement"",""p"":0.013}",
   1381376,        15,         0,    8.31,pymatching,f8b16c1db98fb154e268a37dcebc8c5eacbd03993daab091f051fc9a559c4e8e,"{""d"":9,""model"":""measurement"",""p"":0.01}",
   1087488,        22,         0,    7.40,pymatching,8407028e38ab80c5f461f56566276bae40a0814bc899a34e1aaa9345eb22cef3,"{""d"":9,""model"":""measurement"",""p"":0.013}",
    181248,         8,         0,    1.05,pymatching,8407028e38ab80c5f461f56566276bae40a0814bc899a34e1aaa9345eb22cef3,"{""d"":9,""model"":""measurement"",""p"":0.013}",
    149504,         3,         0,    1.04,pymatching,8407028e38ab80c5f461f56566276bae40a0814bc899a34e1aaa9345eb22cef3,"{""d"":9,""model"":""measurement"",""p"":0.013}",
   1338368,        33,         0,    7.66,pymatching,8407028e38ab80c5f461f56566276bae40a0814bc899a34e1aaa9345eb22cef3,"{""d"":9,""model"":""measurement"",""p"":0.013}",
    187392,         7,         0,    1.07,pymatching,8407028e38ab80c5f461f56566276bae40a0814bc899a34e1aaa9345eb22cef3,"{""d"":9,""model"":""measurement"",""p"":0.013}",
    726016,        18,         0,    4.16,pymatching,8407028e38ab80c5f461f56566276bae40a0814bc899a34e1aaa9345eb22cef3,"{""d"":9,""model"":""measurement"",""p"":0.013}",
   1205248,         6,         0,    8.32,pymatching,1938eb02fa174e4398af57ea22b7b299d6e80e0682a4886085d64e26cc5d8b28,"{""d"":9,""model"":""phenomenological"",""p"":0.005}",
   1098752,        28,         0,    7.57,pymatching,8407028e38ab80c5f461f56566276bae40a0814bc899a34e1aaa9345eb22cef3,"{""d"":9,""model"":""measurement"",""p"":0.013}",
   1105920,        26,         0,    7.58,pymatching,8407028e38ab80c5f461f56566276bae40a0814bc899a34e1aaa9345eb22cef3,"{""d"":9,""model"":""measurement"",""p"":0.013}",
      1024,         0,         0,   0.008,pymatching,8407028e38ab80c5f461f56566276bae40a0814bc899a34e1aaa9345eb22cef3,"{""d"":9,""model"":""measurement"",""p"":0.013}",
      2321,         0,         0,   0.010,pymatching,d8cc9c2aa429a5713ed477b1939a2eff819cd7386a3ff93fdca7863794e89a3c,"{""d"":9,""model"":""measurement"",""p"":0.005}",
      2321,         0,         0,   0.012,pymatching,f8b16c1db98fb154e268a37dcebc8c5eacbd03993daab091f051fc9a559c4e8e,"{""d"":9,""model"":""measurement"",""p"":0.01}",
      2321,         0,         0,   0.013,pymatching,f8b16c1db98fb154e268a37dcebc8c5eacbd03993daab091f051fc9a559c4e8e,"{""d"":9,""model"":""measurement"",""p"":0.01}",
      2321,         0,         0,   0.015,pymatching,f8b16c1db98fb154e268a37dcebc8c5eacbd03993daab091f051fc9a559c4e8e,"{""d"":9,""model"":""measurement"",""p"":0.01}",
      2321,         0,         0,   0.012,pymatching,d8cc9c2aa429a5713ed477b1939a2eff819cd7386a3ff93fdca7863794e89a3c,"{""d"":9,""model"":""measurement"",""p"":0.005}",
      1297,         0,         0,   0.011,pymatching,1938eb02fa174e4398af57ea22b7b299d6e80e0682a4886085d64e26cc5d8b28,"{""d"":9,""model"":""phenomenological"",""p"":0.005}",
      2321,         0,         0,   0.012,pymatching,d8cc9c2aa429a5713ed477b1939a2eff819cd7386a3ff93fdca7863794e89a3c,"{""d"":9,""model"":""measurement"",""p"":0.005}",
      2321,         0,         0,   0.015,pymatching,f8b16c1db98fb154e268a37dcebc8c5eacbd03993daab091f051fc9a559c4e8e,"{""d"":9,""model"":""measurement"",""p"":0.01}",
      2321,         0,         0,   0.015,pymatching,1938eb02fa174e4398af57ea22b7b299d6e80e0682a4886085d64e26cc5d8b28,"{""d"":9,""model"":""phenomenological"",""p"":0.005}",
      2321,         0,         0,   0.012,pymatching,d8cc9c2aa429a5713ed477b1939a2eff819cd7386a3ff93fdca7863794e89a3c,"{""d"":9,""model"":""measurement"",""p"":0.005}",
      2321,         0,         0,   0.015,pymatching,1938eb02fa174e4398af57ea22b7b299d6e80e0682a4886085d64e26cc5d8b28,"{""d"":9,""model"":""phenomenological"",""p"":0.005}",
      2321,         0,         0,   0.015,pymatching,1938eb02fa174e4398af57ea22b7b299d6e80e0682a4886085d64e26cc5d8b28,"{""d"":9,""model"":""phenomenological"",""p"":0.005}",
      4096,         0,         0,   0.016,pymatching,d8cc9c2aa429a5713ed477b1939a2eff819cd7386a3ff93fdca7863794e89a3c,"{""d"":9,""model"":""measurement"",""p"":0.005}",
      3072,         0,         0,   0.015,pymatching,f8b16c1db98fb154e268a37dcebc8c5eacbd03993daab091f051fc9a559c4e8e,"{""d"":9,""model"":""measurement"",""p"":0.01}",
      3072,         0,         0,   0.015,pymatching,f8b16c1db98fb154e268a37dcebc8c5eacbd03993daab091f051fc9a559c4e8e,"{""d"":9,""model"":""measurement"",""p"":0.01}",
      3072,         0,         0,   0.014,pymatching,d8cc9c2aa429a5713ed477b1939a2eff819cd7386a3ff93fdca7863794e89a3c,"{""d"":9,""model"":""measurement"",""p"":0.005}",
      2048,         0,         0,   0.014,pymatching,1938eb02fa174e4398af57ea22b7b299d6e80e0682a4886085d64e26cc5d8b28,"{""d"":9,""model"":""phenomenological"",""p"":0.005}",
      3072,         0,         0,   0.015,pymatching,d8cc9c2aa429a5713ed477b1939a2eff819cd7386a3ff93fdca7863794e89a3c,"{""d"":9,""model"":""measurement"",""p"":0.005}",
      3072,         0,         0,   0.018,pymatching,f8b16c1db98fb154e268a37dcebc8c5eacbd03993daab091f051fc9a559c4e8e,"{""d"":9,""model"":""measurement"",""p"":0.01}",
      3072,         0,         0,   0.015,pymatching,d8cc9c2aa429a5713ed477b1939a2eff819cd7386a3ff93fdca7863794e89a3c,"{""d"":9,""model"":""measurement"",""p"":0.005}",
      3072,         0,         0,   0.018,pymatching,1938eb02fa174e4398af57ea22b7b299d6e80e0682a4886085d64e26cc5d8b28,"{""d"":9,""model"":""phenomenological"",""p"":0.005}",
      3072,         0,         0,   0.019,pymatching,f8b16c1db98fb154e268a37dcebc8c5eacbd03993daab091f051fc9a559c4e8e,"{""d"":9,""model"":""measurement"",""p"":0.01}",
      3072,         0,         0,   0.018,pymatching,1938eb02fa174e4398af57ea22b7b299d6e80e0682a4886085d64e26cc5d8b28,"{""d"":9,""model"":""phenomenological"",""p"":0.005}",
      3072,         0,         0,   0.018,pymatching,1938eb02fa174e4398af57ea22b7b299d6e80e0682a4886085d64e26cc5d8b28,"{""d"":9,""model"":""phenomenological"",""p"":0.005}",
      5120,         0,         0,   0.020,pymatching,d8cc9c2aa429a5713ed477b1939a2eff819cd7386a3ff93fdca7863794e89a3c,"{""d"":9,""model"":""measurement"",""p"":0.005}",
      4096,         0,         0,   0.019,pymatching,d8cc9c2aa429a5713ed477b1939a2eff819cd7386a3ff93fdca7863794e89a3c,"{""d"":9,""model"":""measurement"",""p"":0.005}",
      4096,         0,         0,   0.021,pymatching,f8b16c1db98fb154e268a37dcebc8c5eacbd03993daab091f051fc9a559c4e8e,"{""d"":9,""model"":""measurement"",""p"":0.01}",
      4096,         0,         0,   0.021,pymatching,f8b16c1db98fb154e268a37dcebc8c5eacbd03993daab091f051fc9a559c4e8e,"{""d"":9,""model"":""measurement"",""p"":0.01}",
      4096,         0,         0,   0.019,pymatching,d8cc9c2aa429a5713ed477b1939a2eff819cd7386a3ff93fdca7863794e89a3c,"{""d"":9,""model"":""measurement"",""p"":0.005}",
      3072,         0,         0,   0.021,pymatching,1938eb02fa174e4398af57ea22b7b299d6e80e0682a4886085d64e26cc5d8b28,"{""d"":9,""model"":""phenomenological"",""p"":0.005}",
      4096,         0,         0,   0.020,pymatching,d8cc9c2aa429a5713ed477b1939a2eff819cd7386a3ff93fdca7863794e89a3c,"{""d"":9,""model"":""measurement"",""p"":0.005}",
      4096,         0,         0,   0.025,pymatching,f8b16c1db98fb154e268a37dcebc8c5eacbd03993daab091f051fc9a559c4e8e,"{""d"":9,""model"":""measurement"",""p"":0.01}",
      4096,         0,         0,   0.024,pymatching,1938eb02fa174e4398af57ea22b7b299d6e80e0682a4886085d64e26cc5d8b28,"{""d"":9,""model"":""phenomenological"",""p"":0.005}",
      4096,         0,         0,   0.025,pymatching,f8b16c1db98fb154e268a37dcebc8c5eacbd03993daab091f051fc9a559c4e8e,"{""d"":9,""model"":""measurement"",""p"":0.01}",
      4096,         0,         0,   0.024,pymatching,1938eb02fa174e4398af57ea22b7b299d6e80e0682a4886085d64e26cc5d8b28,"{""d"":9,""model"":""phenomenological"",""p"":0.005}",
      4096,         0,         0,   0.024,pymatching,1938eb02fa174e4398af57ea22b7b299d6e80e0682a4886085d64e26cc5d8b28,"{""d"":9,""model"":""phenomenological"",""p"":0.005}",
      7168,         0,         0,   0.028,pymatching,d8cc9c2aa429a5713ed477b1939a2eff819cd7386a3ff93fdca7863794e89a3c,"{""d"":9,""model"":""measurement"",""p"":0.005}",
      6144,         0,         0,   0.029,pymatching,d8cc9c2aa429a5713ed477b1939a2eff819cd7386a3ff93fdca7863794e89a3c,"{""d"":9,""model"":""measurement"",""p"":0.005}",
      6144,         0,         0,   0.029,pymatching,d8cc9c2aa429a5713ed477b1939a2eff819cd7386a3ff93fdca7863794e89a3c,"{""d"":9,""model"":""measurement"",""p"":0.005}",
      4096,         0,         0,   0.029,pymatching,1938eb02fa174e4398af57ea22b7b299d6e80e0682a4886085d64e26cc5d8b28,"{""d"":9,""model"":""phenomenological"",""p"":0.005}",
      6144,         0,         0,   0.031,pymatching,f8b16c1db98fb154e268a37dcebc8c5eacbd03993daab091f051fc9a559c4e8e,"{""d"":9,""model"":""measurement"",""p"":0.01}",
      6144,         0,         0,   0.031,pymatching,f8b16c1db98fb154e268a37dcebc8c5eacbd03993daab091f051fc9a559c4e8e,"{""d"":9,""model"":""measurement"",""p"":0.01}",
      6144,         0,         0,   0.029,pymatching,d8cc9c2aa429a5713ed477b1939a2eff819cd7386a3ff93fdca7863794e89a3c,"{""d"":9,""model"":""measurement"",""p"":0.005}",
      5120,         0,         0,   0.030,pymatching,1938eb02fa174e4398af57ea22b7b299d6e80e0682a4886085d64e26cc5d8b28,"{""d"":9,""model"":""phenomenological"",""p"":0.005}",
      5120,         0,         0,   0.031,pymatching,f8b16c1db98fb154e268a37dcebc8c5eacbd03993daab091f051fc9a559c4e8e,"{""d"":9,""model"":""measurement"",""p"":0.01}",
      5120,         0,         0,   0.030,pymatching,1938eb02fa174e4398af57ea22b7b299d6e80e0682a4886085d64e26cc5d8b28,"{""d"":9,""model"":""phenomenological"",""p"":0.005}",
      5120,         0,         0,   0.031,pymatching,f8b16c1db98fb154e268a37dcebc8c5eacbd03993daab091f051fc9a559c4e8e,"{""d"":9,""model"":""measurement"",""p"":0.01}",
      5120,         0,         0,   0.030,pymatching,1938eb02fa174e4398af57ea22b7b299d6e80e0682a4886085d64e26cc5d8b28,"{""d"":9,""model"":""phenomenological"",""p"":0.005}",
     10240,         0,         0,   0.040,pymatching,d8cc9c2aa429a5713ed477b1939a2eff819cd7386a3ff93fdca7863794e89a3c,"{""d"":9,""model"":""measurement"",""p"":0.005}",
      8192,         0,         0,   0.039,pymatching,d8cc9c2aa429a5713ed477b1939a2eff819cd7386a3ff93fdca7863794e89a3c,"{""d"":9,""model"":""measurement"",""p"":0.005}",
      8192,         0,         0,   0.039,pymatching,d8cc9c2aa429a5713ed477b1939a2eff819cd7386a3ff93fdca7863794e89a3c,"{""d"":9,""model"":""measurement"",""p"":0.005}",
      8192,         0,         0,   0.038,pymatching,d8cc9c2aa429a5713ed477b1939a2eff819cd7386a3ff93fdca7863794e89a3c,"{""d"":9,""model"":""measurement"",""p"":0.005}",
      8192,         0,         0,   0.042,pymatching,f8b16c1db98fb154e268a37dcebc8c5eacbd03993daab091f051fc9a559c4e8e,"{""d"":9,""model"":""measurement"",""p"":0.01}",
      8192,         0,         0,   0.041,pymatching,f8b16c1db98fb154e268a37dcebc8c5eacbd03993daab091f051fc9a559c4e8e,"{""d"":9,""model"":""measurement"",""p"":0.01}",
      6144,         0,         0,   0.043,pymatching,1938eb02fa174e4398af57ea22b7b299d6e80e0682a4886085d64e26cc5d8b28,"{""d"":9,""model"":""phenomenological"",""p"":0.005}",
      7168,         0,         0,   0.042,pymatching,1938eb02fa174e4398af57ea22b7b299d6e80e0682a4886085d64e26cc5d8b28,"{""d"":9,""model"":""phenomenological"",""p"":0.005}",
      7168,         0,         0,   0.043,pymatching,f8b16c1db98fb154e268a37dcebc8c5eacbd03993daab091f051fc9a559c4e8e,"{""d"":9,""model"":""measurement"",""p"":0.01}",
      7168,         0,         0,   0.042,pymatching,1938eb02fa174e4398af57ea22b7b299d6e80e0682a4886085d64e26cc5d8b28,"{""d"":9,""model"":""phenomenological"",""p"":0.005}",
      7168,         0,         0,   0.044,pymatching,f8b16c1db98fb154e268a37dcebc8c5eacbd03993daab091f051fc9a559c4e8e,"{""d"":9,""model"":""measurement"",""p"":0.01}",
      7168,         0,         0,   0.042,pymatching,1938eb02fa174e4398af57ea22b7b299d6e80e0682a4886085d64e26cc5d8b28,"{""d"":9,""model"":""phenomenological"",""p"":0.005}",
   2025454,         0,         0,    7.80,pymatching,d8cc9c2aa429a5713ed477b1939a2eff819cd7386a3ff93fdca7863794e89a3c,"{""d"":9,""model"":""measurement"",""p"":0.005}",
     11264,         0,         0,   0.053,pymatching,d8cc9c2aa429a5713ed477b1939a2eff819cd7386a3ff93fdca7863794e89a3c,"{""d"":9,""model"":""measurement"",""p"":0.005}",
     14336,         0,         0,   0.056,pymatching,d8cc9c2aa429a5713ed477b1939a2eff819cd7386a3ff93fdca7863794e89a3c,"{""d"":9,""model"":""measurement"",""p"":0.005}",
     11264,         0,         0,   0.053,pymatching,d8cc9c2aa429a5713ed477b1939a2eff819cd7386a3ff93fdca7863794e89a3c,"{""d"":9,""model"":""measurement"",""p"":0.005}",
     11264,         0,         0,   0.053,pymatching,d8cc9c2aa429a5713ed477b1939a2eff819cd7386a3ff93fdca7863794e89a3c,"{""d"":9,""model"":""measurement"",""p"":0.005}",
     11264,         0,         0,   0.057,pymatching,f8b16c1db98fb154e268a37dcebc8c5eacbd03993daab091f051fc9a559c4e8e,"{""d"":9,""model"":""measurement"",""p"":0.01}",
     11264,         0,         0,   0.057,pymatching,f8b16c1db98fb154e268a37dcebc8c5eacbd03993daab091f051fc9a559c4e8e,"{""d"":9,""model"":""measurement"",""p"":0.01}",
      8192,         0,         0,   0.058,pymatching,1938eb02fa174e4398af57ea22b7b299d6e80e0682a4886085d64e26cc5d8b28,"{""d"":9,""model"":""phenomenological"",""p"":0.005}",
     10240,         0,         0,   0.054,pymatching,1938eb02fa174e4398af57ea22b7b299d6e80e0682a4886085d64e26cc5d8b28,"{""d"":9,""model"":""phenomenological"",""p"":0.005}",
      9216,         0,         0,   0.054,pymatching,1938eb02fa174e4398af57ea22b7b299d6e80e0682a4886085d64e26cc5d8b28,"{""d"":9,""model"":""phenomenological"",""p"":0.005}",
      9216,         0,         0,   0.056,pymatching,f8b16c1db98fb154e268a37dcebc8c5eacbd03993daab091f051fc9a559c4e8e,"{""d"":9,""model"":""measurement"",""p"":0.01}",
      9216,         0,         0,   0.056,pymatching,f8b16c1db98fb154e268a37dcebc8c5eacbd03993daab091f051fc9a559c4e8e,"{""d"":9,""model"":""measurement"",""p"":0.01}",
      9216,         0,         0,   0.054,pymatching,1938eb02fa174e4398af57ea22b7b299d6e80e0682a4886085d64e26cc5d8b28,"{""d"":9,""model"":""phenomenological"",""p"":0.005}",
     19456,         0,         0,   0.077,pymatching,d8cc9c2aa429a5713ed477b1939a2eff819cd7386a3ff93fdca7863794e89a3c,"{""d"":9,""model"":""measurement"",""p"":0.005}",
     16384,         0,         0,   0.078,pymatching,d8cc9c2aa429a5713ed477b1939a2eff819cd7386a3ff93fdca7863794e89a3c,"{""d"":9,""model"":""measurement"",""p"":0.005}",
     16384,         0,         0,   0.077,pymatching,d8cc9c2aa429a5713ed477b1939a2eff819cd7386a3ff93fdca7863794e89a3c,"{""d"":9,""model"":""measurement"",""p"":0.005}",
     16384,         0,         0,   0.077,pymatching,d8cc9c2aa429a5713ed477b1939a2eff819cd7386a3ff93fdca7863794e89a3c,"{""d"":9,""model"":""measurement"",""p"":0.005}",
     15360,         0,         0,   0.077,pymatching,f8b16c1db98fb154e268a37dcebc8c5eacbd03993daab091f051fc9a559c4e8e,"{""d"":9,""model"":""measurement"",""p"":0.01}",
     15360,         0,         0,   0.078,pymatching,f8b16c1db98fb154e268a37dcebc8c5eacbd03993daab091f051fc9a559c4e8e,"{""d"":9,""model"":""measurement"",""p"":0.01}",
     11264,         0,         0,   0.079,pymatching,1938eb02fa174e4398af57ea22b7b299d6e80e0682a4886085d64e26cc5d8b28,"{""d"":9,""model"":""phenomenological"",""p"":0.005}",
     13312,         0,         0,   0.078,pymatching,1938eb02fa174e4398af57ea22b7b299d6e80e0682a4886085d64e26cc5d8b28,"{""d"":9,""model"":""phenomenological"",""p"":0.005}",
     12288,         0,         0,   0.074,pymatching,f8b16c1db98fb154e268a37dcebc8c5eacbd03993daab091f051fc9a559c4e8e,"{""d"":9,""model"":""measurement"",""p"":0.01}",
     13312,         0,         0,   0.078,pymatching,1938eb02fa174e4398af57ea22b7b299d6e80e0682a4886085d64e26cc5d8b28,"{""d"":9,""model"":""phenomenological"",""p"":0.005}",
     12288,         0,         0,   0.074,pymatching,f8b16c1db98fb154e268a37dcebc8c5eacbd03993daab091f051fc9a559c4e8e,"{""d"":9,""model"":""measurement"",""p"":0.01}",
     13312,         0,         0,   0.079,pymatching,1938eb02fa174e4398af57ea22b7b299d6e80e0682a4886085d64e26cc5d8b28,"{""d"":9,""model"":""phenomenological"",""p"":0.005}",
     22528,         0,         0,   0.106,pymatching,d8cc9c2aa429a5713ed477b1939a2eff819cd7386a3ff93fdca7863794e89a3c,"{""d"":9,""model"":""measurement"",""p"":0.005}",
     27648,         0,         0,   0.107,pymatching,d8cc9c2aa429a5713ed477b1939a2eff819cd7386a3ff93fdca7863794e89a3c,"{""d"":9,""model"":""measurement"",""p"":0.005}",
     22528,         0,         0,   0.105,pymatching,d8cc9c2aa429a5713ed477b1939a2eff819cd7386a3ff93fdca7863794e89a3c,"{""d"":9,""model"":""measurement"",""p"":0.005}",
     22528,         0,         0,   0.107,pymatching,d8cc9c2aa429a5713ed477b1939a2eff819cd7386a3ff93fdca7863794e89a3c,"{""d"":9,""model"":""measurement"",""p"":0.005}",
     21504,         1,         0,   0.109,pymatching,f8b16c1db98fb154e268a37dcebc8c5eacbd03993daab091f051fc9a559c4e8e,"{""d"":9,""model"":""measurement"",""p"":0.01}",
     21504,         0,         0,   0.109,pymatching,f8b16c1db98fb154e268a37dcebc8c5eacbd03993daab091f051fc9a559c4e8e,"{""d"":9,""model"":""measurement"",""p"":0.01}",
     15360,         0,         0,   0.108,pymatching,1938eb02fa174e4398af57ea22b7b299d6e80e0682a4886085d64e26cc5d8b28,"{""d"":9,""model"":""phenomenological"",""p"":0.005}",
     17408,         0,         0,   0.105,pymatching,f8b16c1db98fb154e268a37dcebc8c5eacbd03993daab091f051fc9a559c4e8e,"{""d"":9,""model"":""measurement"",""p"":0.01}",
     18432,         0,         0,   0.108,pymatching,1938eb02fa174e4398af57ea22b7b299d6e80e0682a4886085d64e26cc5d8b28,"{""d"":9,""model"":""phenomenological"",""p"":0.005}",
     17408,         0,         0,   0.106,pymatching,f8b16c1db98fb154e268a37dcebc8c5eacbd03993daab091f051fc9a559c4e8e,"{""d"":9,""model"":""measurement"",""p"":0.01}",
     18432,         0,         0,   0.108,pymatching,1938eb02fa174e4398af57ea22b7b299d6e80e0682a4886085d64e26cc5d8b28,"{""d"":9,""model"":""phenomenological"",""p"":0.005}",
     18432,         0,         0,   0.109,pymatching,1938eb02fa174e4398af57ea22b7b299d6e80e0682a4886085d64e26cc5d8b28,"{""d"":9,""model"":""phenomenological"",""p"":0.005}",
     30720,         0,         0,   0.145,pymatching,d8cc9c2aa429a5713ed477b1939a2eff819cd7386a3ff93fdca7863794e89a3c,"{""d"":9,""model"":""measurement"",""p"":0.005}",
     37888,         0,         0,   0.148,pymatching,d8cc9c2aa429a5713ed477b1939a2eff819cd7386a3ff93fdca7863794e89a3c,"{""d"":9,""model"":""measurement"",""p"":0.005}",
     31744,         0,         0,   0.148,pymatching,d8cc9c2aa429a5713ed477b1939a2eff819cd7386a3ff93fdca7863794e89a3c,"{""d"":9,""model"":""measurement"",""p"":0.005}",
     31744,         0,         0,   0.150,pymatching,d8cc9c2aa429a5713ed477b1939a2eff819cd7386a3ff93fdca7863794e89a3c,"{""d"":9,""model"":""measurement"",""p"":0.005}",
     29696,         0,         0,   0.149,pymatching,f8b16c1db98fb154e268a37dcebc8c5eacbd03993daab091f051fc9a559c4e8e,"{""d"":9,""model"":""measurement"",""p"":0.01}",
     29696,         0,         0,   0.150,pymatching,f8b16c1db98fb154e268a37dcebc8c5eacbd03993daab091f051fc9a559c4e8e,"{""d"":9,""model"":""measurement"",""p"":0.01}",
     24576,         0,         0,   0.149,pymatching,f8b16c1db98fb154e268a37dcebc8c5eacbd03993daab091f051fc9a559c4e8e,"{""d"":9,""model"":""measurement"",""p"":0.01}",
     21504,         0,         0,   0.150,pymatching,1938eb02fa174e4398af57ea22b7b299d6e80e0682a4886085d64e26cc5d8b28,"{""d"":9,""model"":""phenomenological"",""p"":0.005}",
     25600,         0,         0,   0.149,pymatching,1938eb02fa174e4398af57ea22b7b299d6e80e0682a4886085d64e26cc5d8b28,"{""d"":9,""model"":""phenomenological"",""p"":0.005}",
     25600,         0,         0,   0.149,pymatching,1938eb02fa174e4398af57ea22b7b299d6e80e0682a4886085d64e26cc5d8b28,"{""d"":9,""model"":""phenomenological"",""p"":0.005}",
     24576,         0,         0,   0.150,pymatching,f8b16c1db98fb154e268a37dcebc8c5eacbd03993daab091f051fc9a559c4e8e,"{""d"":9,""model"":""measurement"",""p"":0.01}",
     25600,         0,         0,   0.151,pymatching,1938eb02fa174e4398af57ea22b7b299d6e80e0682a4886085d64e26cc5d8b28,"{""d"":9,""model"":""phenomenological"",""p"":0.005}",
     44032,         0,         0,   0.205,pymatching,d8cc9c2aa429a5713ed477b1939a2eff819cd7386a3ff93fdca7863794e89a3c,"{""d"":9,""model"":""measurement"",""p"":0.005}",
     53248,         0,         0,   0.208,pymatching,d8cc9c2aa429a5713ed477b1939a2eff819cd7386a3ff93fdca7863794e89a3c,"{""d"":9,""model"":""measurement"",""p"":0.005}",
     44032,         0,         0,   0.209,pymatching,d8cc9c2aa429a5713ed477b1939a2eff819cd7386a3ff93fdca7863794e89a3c,"{""d"":9,""model"":""measurement"",""p"":0.005}",
     44032,         0,         0,   0.208,pymatching,d8cc9c2aa429a5713ed477b1939a2eff819cd7386a3ff93fdca7863794e89a3c,"{""d"":9,""model"":""measurement"",""p"":0.005}",
     40960,         0,         0,   0.206,pymatching,f8b16c1db98fb154e268a37dcebc8c5eacbd03993daab091f051fc9a559c4e8e,"{""d"":9,""model"":""measurement"",""p"":0.01}",
     40960,         0,         0,   0.206,pymatching,f8b16c1db98fb154e268a37dcebc8c5eacbd03993daab091f051fc9a559c4e8e,"{""d"":9,""model"":""measurement"",""p"":0.01}",
     34816,         0,         0,   0.210,pymatching,f8b16c1db98fb154e268a37dcebc8c5eacbd03993daab091f051fc9a559c4e8e,"{""d"":9,""model"":""measurement"",""p"":0.01}",
     29696,         0,         0,   0.210,pymatching,1938eb02fa174e4398af57ea22b7b299d6e80e0682a4886085d64e26cc5d8b28,"{""d"":9,""model"":""phenomenological"",""p"":0.005}",
     35840,         1,         0,   0.209,pymatching,1938eb02fa174e4398af57ea22b7b299d6e80e0682a4886085d64e26cc5d8b28,"{""d"":9,""model"":""phenomenological"",""p"":0.005}",
     33792,         0,         0,   0.207,pymatching,f8b16c1db98fb154e268a37dcebc8c5eacbd03993daab091f051fc9a559c4e8e,"{""d"":9,""model"":""measurement"",""p"":0.01}",
     35840,         0,         0,   0.208,pymatching,1938eb02fa174e4398af57ea22b7b299d6e80e0682a4886085d64e26cc5d8b28,"{""d"":9,""model"":""phenomenological"",""p"":0.005}",
     35840,         1,         0,   0.211,pymatching,1938eb02fa174e4398af57ea22b7b299d6e80e0682a4886085d64e26cc5d8b28,"{""d"":9,""model"":""phenomenological"",""p"":0.005}",
     73728,         0,         0,   0.287,pymatching,d8cc9c2aa429a5713ed477b1939a2eff819cd7386a3ff93fdca7863794e89a3c,"{""d"":9,""model"":""measurement"",""p"":0.005}",
     62464,         0,         0,   0.290,pymatching,d8cc9c2aa429a5713ed477b1939a2eff819cd7386a3ff93fdca7863794e89a3c,"{""d"":9,""model"":""measurement"",""p"":0.005}",
     61440,         0,         0,   0.290,pymatching,d8cc9c2aa429a5713ed477b1939a2eff819cd7386a3ff93fdca7863794e89a3c,"{""d"":9,""model"":""measurement"",""p"":0.005}",
     61440,         0,         0,   0.290,pymatching,d8cc9c2aa429a5713ed477b1939a2eff819cd7386a3ff93fdca7863794e89a3c,"{""d"":9,""model"":""measurement"",""p"":0.005}",
     57344,         0,         0,   0.289,pymatching,f8b16c1db98fb154e268a37dcebc8c5eacbd03993daab091f051fc9a559c4e8e,"{""d"":9,""model"":""measurement"",""p"":0.01}",
     57344,         0,         0,   0.291,pymatching,f8b16c1db98fb154e268a37dcebc8c5eacbd03993daab091f051fc9a559c4e8e,"{""d"":9,""model"":""measurement"",""p"":0.01}",
     48128,         1,         0,   0.290,pymatching,f8b16c1db98fb154e268a37dcebc8c5eacbd03993daab091f051fc9a559c4e8e,"{""d"":9,""model"":""measurement"",""p"":0.01}",
     49152,         0,         0,   0.288,pymatching,1938eb02fa174e4398af57ea22b7b299d6e80e0682a4886085d64e26cc5d8b28,"{""d"":9,""model"":""phenomenological"",""p"":0.005}",
     41984,         0,         0,   0.292,pymatching,1938eb02fa174e4398af57ea22b7b299d6e80e0682a4886085d64e26cc5d8b28,"{""d"":9,""model"":""phenomenological"",""p"":0.005}",
     50176,         0,         0,   0.292,pymatching,1938eb02fa174e4398af57ea22b7b299d6e80e0682a4886085d64e26cc5d8b28,"{""d"":9,""model"":""phenomenological"",""p"":0.005}",
     47104,         0,         0,   0.290,pymatching,f8b16c1db98fb154e268a37dcebc8c5eacbd03993daab091f051fc9a559c4e8e,"{""d"":9,""model"":""measurement"",""p"":0.01}",
     49152,         0,         0,   0.288,pymatching,1938eb02fa174e4398af57ea22b7b299d6e80e0682a4886085d64e26cc5d8b28,"{""d"":9,""model"":""phenomenological"",""p"":0.005}",
   1892587,         0,         0,    8.73,pymatching,d8cc9c2aa429a5713ed477b1939a2eff819cd7386a3ff93fdca7863794e89a3c,"{""d"":9,""model"":""measurement"",""p"":0.005}",
   1891328,         0,         0,    8.72,pymatching,d8cc9c2aa429a5713ed477b1939a2eff819cd7386a3ff93fdca7863794e89a3c,"{""d"":9,""model"":""measurement"",""p"":0.005}",
   1861632,         1,         0,    8.72,pymatching,d8cc9c2aa429a5713ed477b1939a2eff819cd7386a3ff93fdca7863794e89a3c,"{""d"":9,""model"":""measurement"",""p"":0.005}",
   1870848,         0,         0,    8.71,pymatching,d8cc9c2aa429a5713ed477b1939a2eff819cd7386a3ff93fdca7863794e89a3c,"{""d"":9,""model"":""measurement"",""p"":0.005}",
     30955,         0,         0,   0.146,pymatching,d8cc9c2aa429a5713ed477b1939a2eff819cd7386a3ff93fdca7863794e89a3c,"{""d"":9,""model"":""measurement"",""p"":0.005}",
   1394688,         1,         0,    5.47,pymatching,d8cc9c2aa429a5713ed477b1939a2eff819cd7386a3ff93fdca7863794e89a3c,"{""d"":9,""model"":""measurement"",""p"":0.005}",
    103424,         0,         0,   0.404,pymatching,d8cc9c2aa429a5713ed477b1939a2eff819cd7386a3ff93fdca7863794e89a3c,"{""d"":9,""model"":""measurement"",""p"":0.005}",
     84992,         0,         0,   0.402,pymatching,d8cc9c2aa429a5713ed477b1939a2eff819cd7386a3ff93fdca7863794e89a3c,"{""d"":9,""model"":""measurement"",""p"":0.005}",
     88064,         0,         0,   0.403,pymatching,d8cc9c2aa429a5713ed477b1939a2eff819cd7386a3ff93fdca7863794e89a3c,"{""d"":9,""model"":""measurement"",""p"":0.005}",
     87040,         0,         0,   0.405,pymatching,d8cc9c2aa429a5713ed477b1939a2eff819cd7386a3ff93fdca7863794e89a3c,"{""d"":9,""model"":""measurement"",""p"":0.005}",
     79872,         0,         0,   0.404,pymatching,f8b16c1db98fb154e268a37dcebc8c5eacbd03993daab091f051fc9a559c4e8e,"{""d"":9,""model"":""measurement"",""p"":0.01}",
     79872,         0,         0,   0.404,pymatching,f8b16c1db98fb154e268a37dcebc8c5eacbd03993daab091f051fc9a559c4e8e,"{""d"":9,""model"":""measurement"",""p"":0.01}",
     69632,         0,         0,   0.406,pymatching,1938eb02fa174e4398af57ea22b7b299d6e80e0682a4886085d64e26cc5d8b28,"{""d"":9,""model"":""phenomenological"",""p"":0.005}",
     67584,         1,         0,   0.408,pymatching,f8b16c1db98fb154e268a37dcebc8c5eacbd03993daab091f051fc9a559c4e8e,"{""d"":9,""model"":""measurement"",""p"":0.01}",
     58368,         0,         0,   0.406,pymatching,1938eb02fa174e4398af57ea22b7b299d6e80e0682a4886085d64e26cc5d8b28,"{""d"":9,""model"":""phenomenological"",""p"":0.005}",
     65536,         0,         0,   0.406,pymatching,f8b16c1db98fb154e268a37dcebc8c5eacbd03993daab091f051fc9a559c4e8e,"{""d"":9,""model"":""measurement"",""p"":0.01}",
     69632,         0,         0,   0.407,pymatching,1938eb02fa174e4398af57ea22b7b299d6e80e0682a4886085d64e26cc5d8b28,"{""d"":9,""model"":""phenomenological"",""p"":0.005}",
     68608,         0,         0,   0.404,pymatching,1938eb02fa174e4398af57ea22b7b299d6e80e0682a4886085d64e26cc5d8b28,"{""d"":9,""model"":""phenomenological"",""p"":0.005}",
    120832,         0,         0,   0.563,pymatching,d8cc9c2aa429a5713ed477b1939a2eff819cd7386a3ff93fdca7863794e89a3c,"{""d"":9,""model"":""measurement"",""p"":0.005}",
    144384,         0,         0,   0.563,pymatching,d8cc9c2aa429a5713ed477b1939a2eff819cd7386a3ff93fdca7863794e89a3c,"{""d"":9,""model"":""measurement"",""p"":0.005}",
    119808,         0,         0,   0.566,pymatching,d8cc9c2aa429a5713ed477b1939a2eff819cd7386a3ff93fdca7863794e89a3c,"{""d"":9,""model"":""measurement"",""p"":0.005}",
    118784,         0,         0,   0.563,pymatching,d8cc9c2aa429a5713ed477b1939a2eff819cd7386a3ff93fdca7863794e89a3c,"{""d"":9,""model"":""measurement"",""p"":0.005}",
    111616,         0,         0,   0.563,pymatching,f8b16c1db98fb154e268a37dcebc8c5eacbd03993daab091f051fc9a559c4e8e,"{""d"":9,""model"":""measurement"",""p"":0.01}",
    111616,         0,         0,   0.565,pymatching,f8b16c1db98fb154e268a37dcebc8c5eacbd03993daab091f051fc9a559c4e8e,"{""d"":9,""model"":""measurement"",""p"":0.01}",
     80896,         0,         0,   0.563,pymatching,1938eb02fa174e4398af57ea22b7b299d6e80e0682a4886085d64e26cc5d8b28,"{""d"":9,""model"":""phenomenological"",""p"":0.005}",
     97280,         0,         0,   0.568,pymatching,1938eb02fa174e4398af57ea22b7b299d6e80e0682a4886085d64e26cc5d8b28,"{""d"":9,""model"":""phenomenological"",""p"":0.005}",
     94208,         0,         0,   0.568,pymatching,f8b16c1db98fb154e268a37dcebc8c5eacbd03993daab091f051fc9a559c4e8e,"{""d"":9,""model"":""measurement"",""p"":0.01}",
     93184,         1,         0,   0.567,pymatching,f8b16c1db98fb154e268a37dcebc8c5eacbd03993daab091f051fc9a559c4e8e,"{""d"":9,""model"":""measurement"",""p"":0.01}",
     97280,         0,         0,   0.569,pymatching,1938eb02fa174e4398af57ea22b7b299d6e80e0682a4886085d64e26cc5d8b28,"{""d"":9,""model"":""phenomenological"",""p"":0.005}",
     96256,         0,         0,   0.568,pymatching,1938eb02fa174e4398af57ea22b7b299d6e80e0682a4886085d64e26cc5d8b28,"{""d"":9,""model"":""phenomenological"",""p"":0.005}",
    202752,         0,         0,   0.789,pymatching,d8cc9c2aa429a5713ed477b1939a2eff819cd7386a3ff93fdca7863794e89a3c,"{""d"":9,""model"":""measurement"",""p"":0.005}",
    166912,         0,         0,   0.787,pymatching,d8cc9c2aa429a5713ed477b1939a2eff819cd7386a3ff93fdca7863794e89a3c,"{""d"":9,""model"":""measurement"",""p"":0.005}",
    169984,         0,         0,   0.791,pymatching,d8cc9c2aa429a5713ed477b1939a2eff819cd7386a3ff93fdca7863794e89a3c,"{""d"":9,""model"":""measurement"",""p"":0.005}",
    156672,         1,         0,   0.790,pymatching,f8b16c1db98fb154e268a37dcebc8c5eacbd03993daab091f051fc9a559c4e8e,"{""d"":9,""model"":""measurement"",""p"":0.01}",
    166912,         0,         0,   0.790,pymatching,d8cc9c2aa429a5713ed477b1939a2eff819cd7386a3ff93fdca7863794e89a3c,"{""d"":9,""model"":""measurement"",""p"":0.005}",
    156672,         2,         0,   0.791,pymatching,f8b16c1db98fb154e268a37dcebc8c5eacbd03993daab091f051fc9a559c4e8e,"{""d"":9,""model"":""measurement"",""p"":0.01}",
    135168,         0,         0,   0.789,pymatching,1938eb02fa174e4398af57ea22b7b299d6e80e0682a4886085d64e26cc5d8b28,"{""d"":9,""model"":""phenomenological"",""p"":0.005}",
    113664,         0,         0,   0.793,pymatching,1938eb02fa174e4398af57ea22b7b299d6e80e0682a4886085d64e26cc5d8b28,"{""d"":9,""model"":""phenomenological"",""p"":0.005}",
    128000,         1,         0,   0.789,pymatching,f8b16c1db98fb154e268a37dcebc8c5eacbd03993daab091f051fc9a559c4e8e,"{""d"":9,""model"":""measurement"",""p"":0.01}",
    131072,         3,         0,   0.791,pymatching,f8b16c1db98fb154e268a37dcebc8c5eacbd03993daab091f051fc9a559c4e8e,"{""d"":9,""model"":""measurement"",""p"":0.01}",
    135168,         0,         0,   0.790,pymatching,1938eb02fa174e4398af57ea22b7b299d6e80e0682a4886085d64e26cc5d8b28,"{""d"":9,""model"":""phenomenological"",""p"":0.005}",
    134144,         0,         0,   0.791,pymatching,1938eb02fa174e4398af57ea22b7b299d6e80e0682a4886085d64e26cc5d8b28,"{""d"":9,""model"":""phenomenological"",""p"":0.005}",
   1068032,         0,         0,    4.23,pymatching,d8cc9c2aa429a5713ed477b1939a2eff819cd7386a3ff93fdca7863794e89a3c,"{""d"":9,""model"":""measurement"",""p"":0.005}",
    896000,         0,         0,    4.23,pymatching,d8cc9c2aa429a5713ed477b1939a2eff819cd7386a3ff93fdca7863794e89a3c,"{""d"":9,""model"":""measurement"",""p"":0.005}",
    911360,         0,         0,    4.23,pymatching,d8cc9c2aa429a5713ed477b1939a2eff819cd7386a3ff93fdca7863794e89a3c,"{""d"":9,""model"":""measurement"",""p"":0.005}",
    833536,         2,         0,    4.24,pymatching,f8b16c1db98fb154e268a37dcebc8c5eacbd03993daab091f051fc9a559c4e8e,"{""d"":9,""model"":""measurement"",""p"":0.01}",
    699392,         5,         0,    4.24,pymatching,f8b16c1db98fb154e268a37dcebc8c5eacbd03993daab091f051fc9a559c4e8e,"{""d"":9,""model"":""measurement"",""p"":0.01}",
    605184,         2,         0,    4.24,pymatching,1938eb02fa174e4398af57ea22b7b299d6e80e0682a4886085d64e26cc5d8b28,"{""d"":9,""model"":""phenomenological"",""p"":0.005}",
    604160,         6,         0,    4.25,pymatching,1938eb02fa174e4398af57ea22b7b299d6e80e0682a4886085d64e26cc5d8b28,"{""d"":9,""model"":""phenomenological"",""p"":0.005}",
    236544,         0,         0,    1.10,pymatching,d8cc9c2aa429a5713ed477b1939a2eff819cd7386a3ff93fdca7863794e89a3c,"{""d"":9,""model"":""measurement"",""p"":0.005}",
    283648,         0,         0,    1.10,pymatching,d8cc9c2aa429a5713ed477b1939a2eff819cd7386a3ff93fdca7863794e89a3c,"{""d"":9,""model"":""measurement"",""p"":0.005}",
    234496,         0,         0,    1.11,pymatching,d8cc9c2aa429a5713ed477b1939a2eff819cd7386a3ff93fdca7863794e89a3c,"{""d"":9,""model"":""measurement"",""p"":0.005}",
    219136,         0,         0,    1.11,pymatching,f8b16c1db98fb154e268a37dcebc8c5eacbd03993daab091f051fc9a559c4e8e,"{""d"":9,""model"":""measurement"",""p"":0.01}",
    233472,         0,         0,    1.11,pymatching,d8cc9c2aa429a5713ed477b1939a2eff819cd7386a3ff93fdca7863794e89a3c,"{""d"":9,""model"":""measurement"",""p"":0.005}",
    218112,         1,         0,    1.11,pymatching,f8b16c1db98fb154e268a37dcebc8c5eacbd03993daab091f051fc9a559c4e8e,"{""d"":9,""model"":""measurement"",""p"":0.01}",
    189440,         0,         0,    1.11,pymatching,1938eb02fa174e4398af57ea22b7b299d6e80e0682a4886085d64e26cc5d8b28,"{""d"":9,""model"":""phenomenological"",""p"":0.005}",
    158720,         0,         0,    1.11,pymatching,1938eb02fa174e4398af57ea22b7b299d6e80e0682a4886085d64e26cc5d8b28,"{""d"":9,""model"":""phenomenological"",""p"":0.005}",
    664954,         0,         0,    2.61,pymatching,d8cc9c2aa429a5713ed477b1939a2eff819cd7386a3ff93fdca7863794e89a3c,"{""d"":9,""model"":""measurement"",""p"":0.005}",
   1276928,         0,         0,    4.96,pymatching,d8cc9c2aa429a5713ed477b1939a2eff819cd7386a3ff93fdca7863794e89a3c,"{""d"":9,""model"":""measurement"",""p"":0.005}",
    179200,         1,         0,    1.11,pymatching,f8b16c1db98fb154e268a37dcebc8c5eacbd03993daab091f051fc9a559c4e8e,"{""d"":9,""model"":""measurement"",""p"":0.01}",
    956416,         0,         0,    3.72,pymatching,d8cc9c2aa429a5713ed477b1939a2eff819cd7386a3ff93fdca7863794e89a3c,"{""d"":9,""model"":""measurement"",""p"":0.005}",
   1264640,         0,         0,    5.00,pymatching,d8cc9c2aa429a5713ed477b1939a2eff819cd7386a3ff93fdca7863794e89a3c,"{""d"":9,""model"":""measurement"",""p"":0.005}",
    183296,         1,         0,    1.11,pymatching,f8b16c1db98fb154e268a37dcebc8c5eacbd03993daab091f051fc9a559c4e8e,"{""d"":9,""model"":""measurement"",""p"":0.01}",
    189440,         0,         0,    1.11,pymatching,1938eb02fa174e4398af57ea22b7b299d6e80e0682a4886085d64e26cc5d8b28,"{""d"":9,""model"":""phenomenological"",""p"":0.005}",
    187392,         0,         0,    1.11,pymatching,1938eb02fa174e4398af57ea22b7b299d6e80e0682a4886085d64e26cc5d8b28,"{""d"":9,""model"":""phenomenological"",""p"":0.005}",
   2317312,        20,         0,    11.6,pymatching,f8b16c1db98fb154e268a37dcebc8c5eacbd03993daab091f051fc9a559c4e8e,"{""d"":9,""model"":""measurement"",""p"":0.01}",
   2316288,        14,         0,    11.6,pymatching,f8b16c1db98fb154e268a37dcebc8c5eacbd03993daab091f051fc9a559c4e8e,"{""d"":9,""model"":""measurement"",""p"":0.01}",
   2009088,         4,         0,    11.6,pymatching,1938eb02fa174e4398af57ea22b7b299d6e80e0682a4886085d64e26cc5d8b28,"{""d"":9,""model"":""phenomenological"",""p"":0.005}",
   1991680,         8,         0,    11.6,pymatching,1938eb02fa174e4398af57ea22b7b299d6e80e0682a4886085d64e26cc5d8b28,"{""d"":9,""model"":""phenomenological"",""p"":0.005}",
   1971200,         4,         0,    11.6,pymatching,1938eb02fa174e4398af57ea22b7b299d6e80e0682a4886085d64e26cc5d8b28,"{""d"":9,""model"":""phenomenological"",""p"":0.005}",
   1926144,        13,         0,    11.6,pymatching,f8b16c1db98fb154e268a37dcebc8c5eacbd03993daab091f051fc9a559c4e8e,"{""d"":9,""model"":""measurement"",""p"":0.01}",
   1993728,         6,         0,    11.6,pymatching,1938eb02fa174e4398af57ea22b7b299d6e80e0682a4886085d64e26cc5d8b28,"{""d"":9,""model"":""phenomenological"",""p"":0.005}",
   1900544,        14,         0,    11.6,pymatching,f8b16c1db98fb154e268a37dcebc8c5eacbd03993daab091f051fc9a559c4e8e,"{""d"":9,""model"":""measurement"",""p"":0.01}",
   1632256,         4,         0,    8.31,pymatching,f8b16c1db98fb154e268a37dcebc8c5eacbd03993daab091f051fc9a559c4e8e,"{""d"":9,""model"":""measurement"",""p"":0.01}",
    903030,         0,         0,    4.25,pymatching,d8cc9c2aa429a5713ed477b1939a2eff819cd7386a3ff93fdca7863794e89a3c,"{""d"":9,""model"":""measurement"",""p"":0.005}",
   1920000,         5,         0,    11.6,pymatching,f8b16c1db98fb154e268a37dcebc8c5eacbd03993daab091f051fc9a559c4e8e,"{""d"":9,""model"":""measurement"",""p"":0.01}",
    652288,         1,         0,    3.08,pymatching,d8cc9c2aa429a5713ed477b1939a2eff819cd7386a3ff93fdca7863794e89a3c,"{""d"":9,""model"":""measurement"",""p"":0.005}",
    665600,         1,         0,    3.09,pymatching,d8cc9c2aa429a5713ed477b1939a2eff819cd7386a3ff93fdca7863794e89a3c,"{""d"":9,""model"":""measurement"",""p"":0.005}",
    663552,         1,         0,    3.09,pymatching,d8cc9c2aa429a5713ed477b1939a2eff819cd7386a3ff93fdca7863794e89a3c,"{""d"":9,""model"":""measurement"",""p"":0.005}",
   1660928,         4,         0,    11.6,pymatching,1938eb02fa174e4398af57ea22b7b299d6e80e0682a4886085d64e26cc5d8b28,"{""d"":9,""model"":""phenomenological"",""p"":0.005}",
    627967,         0,         0,    2.96,pymatching,d8cc9c2aa429a5713ed477b1939a2eff819cd7386a3ff93fdca7863794e89a3c,"{""d"":9,""model"":""measurement"",""p"":0.005}",
   1011712,         6,         0,    5.94,pymatching,1938eb02fa174e4398af57ea22b7b299d6e80e0682a4886085d64e26cc5d8b28,"{""d"":9,""model"":""phenomenological"",""p"":0.005}",
    987136,         4,         0,    5.94,pymatching,f8b16c1db98fb154e268a37dcebc8c5eacbd03993daab091f051fc9a559c4e8e,"{""d"":9,""model"":""measurement"",""p"":0.01}",
   1007616,         8,         0,    5.94,pymatching,1938eb02fa174e4398af57ea22b7b299d6e80e0682a4886085d64e26cc5d8b28,"{""d"":9,""model"":""phenomenological"",""p"":0.005}",
    964608,         9,         0,    5.94,pymatching,f8b16c1db98fb154e268a37dcebc8c5eacbd03993daab091f051fc9a559c4e8e,"{""d"":9,""model"":""measurement"",""p"":0.01}",
    464879,         0,         0,    1.85,pymatching,d8cc9c2aa429a5713ed477b1939a2eff819cd7386a3ff93fdca7863794e89a3c,"{""d"":9,""model"":""measurement"",""p"":0.005}",
    330752,         0,         0,    1.54,pymatching,d8cc9c2aa429a5713ed477b1939a2eff819cd7386a3ff93fdca7863794e89a3c,"{""d"":9,""model"":""measurement"",""p"":0.005}",
    396288,         0,         0,    1.54,pymatching,d8cc9c2aa429a5713ed477b1939a2eff819cd7386a3ff93fdca7863794e89a3c,"{""d"":9,""model"":""measurement"",""p"":0.005}",
    325632,         0,         0,    1.54,pymatching,d8cc9c2aa429a5713ed477b1939a2eff819cd7386a3ff93fdca7863794e89a3c,"{""d"":9,""model"":""measurement"",""p"":0.005}",
    306176,         2,         0,    1.54,pymatching,f8b16c1db98fb154e268a37dcebc8c5eacbd03993daab091f051fc9a559c4e8e,"{""d"":9,""model"":""measurement"",""p"":0.01}",
    326656,         0,         0,    1.54,pymatching,d8cc9c2aa429a5713ed477b1939a2eff819cd7386a3ff93fdca7863794e89a3c,"{""d"":9,""model"":""measurement"",""p"":0.005}",
    305152,         1,         0,    1.55,pymatching,f8b16c1db98fb154e268a37dcebc8c5eacbd03993daab091f051fc9a559c4e8e,"{""d"":9,""model"":""measurement"",""p"":0.01}",
    265216,         1,         0,    1.55,pymatching,1938eb02fa174e4398af57ea22b7b299d6e80e0682a4886085d64e26cc5d8b28,"{""d"":9,""model"":""phenomenological"",""p"":0.005}",
    248832,         0,         0,    1.54,pymatching,f8b16c1db98fb154e268a37dcebc8c5eacbd03993daab091f051fc9a559c4e8e,"{""d"":9,""model"":""measurement"",""p"":0.01}",
    222208,         0,         0,    1.55,pymatching,1938eb02fa174e4398af57ea22b7b299d6e80e0682a4886085d64e26cc5d8b28,"{""d"":9,""model"":""phenomenological"",""p"":0.005}",
    265216,         0,         0,    1.55,pymatching,1938eb02fa174e4398af57ea22b7b299d6e80e0682a4886085d64e26cc5d8b28,"{""d"":9,""model"":""phenomenological"",""p"":0.005}",
    256000,         2,         0,    1.55,pymatching,f8b16c1db98fb154e268a37dcebc8c5eacbd03993daab091f051fc9a559c4e8e,"{""d"":9,""model"":""measurement"",""p"":0.01}",
    263168,         0,         0,    1.55,pymatching,1938eb02fa174e4398af57ea22b7b299d6e80e0682a4886085d64e26cc5d8b28,"{""d"":9,""model"":""phenomenological"",""p"":0.005}",
    435824,         0,         0,    2.03,pymatching,d8cc9c2aa429a5713ed477b1939a2eff819cd7386a3ff93fdca7863794e89a3c,"{""d"":9,""model"":""measurement"",""p"":0.005}",
    413696,         0,         0,    1.61,pymatching,d8cc9c2aa429a5713ed477b1939a2eff819cd7386a3ff93fdca7863794e89a3c,"{""d"":9,""model"":""measurement"",""p"":0.005}",
    406528,         0,         0,    1.60,pymatching,d8cc9c2aa429a5713ed477b1939a2eff819cd7386a3ff93fdca7863794e89a3c,"{""d"":9,""model"":""measurement"",""p"":0.005}",
    433152,         0,         0,    2.04,pymatching,d8cc9c2aa429a5713ed477b1939a2eff819cd7386a3ff93fdca7863794e89a3c,"{""d"":9,""model"":""measurement"",""p"":0.005}",
    408576,         0,         0,    1.61,pymatching,d8cc9c2aa429a5713ed477b1939a2eff819cd7386a3ff93fdca7863794e89a3c,"{""d"":9,""model"":""measurement"",""p"":0.005}",
    410624,         0,         0,    1.60,pymatching,d8cc9c2aa429a5713ed477b1939a2eff819cd7386a3ff93fdca7863794e89a3c,"{""d"":9,""model"":""measurement"",""p"":0.005}",
     39536,         0,         0,   0.153,pymatching,d8cc9c2aa429a5713ed477b1939a2eff819cd7386a3ff93fdca7863794e89a3c,"{""d"":9,""model"":""measurement"",""p"":0.005}",
    277504,         0,         0,    1.32,pymatching,d8cc9c2aa429a5713ed477b1939a2eff819cd7386a3ff93fdca7863794e89a3c,"{""d"":9,""model"":""measurement"",""p"":0.005}",
    281600,         0,         0,    1.34,pymatching,d8cc9c2aa429a5713ed477b1939a2eff819cd7386a3ff93fdca7863794e89a3c,"{""d"":9,""model"":""measurement"",""p"":0.005}",
    283648,         0,         0,    1.34,pymatching,d8cc9c2aa429a5713ed477b1939a2eff819cd7386a3ff93fdca7863794e89a3c,"{""d"":9,""model"":""measurement"",""p"":0.005}",
    287744,         0,         0,    1.34,pymatching,d8cc9c2aa429a5713ed477b1939a2eff819cd7386a3ff93fdca7863794e89a3c,"{""d"":9,""model"":""measurement"",""p"":0.005}",
    287744,         0,         0,    1.34,pymatching,d8cc9c2aa429a5713ed477b1939a2eff819cd7386a3ff93fdca7863794e89a3c,"{""d"":9,""model"":""measurement"",""p"":0.005}",
     34633,         0,         0,   0.161,pymatching,d8cc9c2aa429a5713ed477b1939a2eff819cd7386a3ff93fdca7863794e89a3c,"{""d"":9,""model"":""measurement"",""p"":0.005}",
     34633,         0,         0,   0.161,pymatching,d8cc9c2aa429a5713ed477b1939a2eff819cd7386a3ff93fdca7863794e89a3c,"{""d"":9,""model"":""measurement"",""p"":0.005}",
    105472,         0,         0,   0.419,pymatching,d8cc9c2aa429a5713ed477b1939a2eff819cd7386a3ff93fdca7863794e89a3c,"{""d"":9,""model"":""measurement"",""p"":0.005}",
     57440,         0,         0,   0.271,pymatching,d8cc9c2aa429a5713ed477b1939a2eff819cd7386a3ff93fdca7863794e89a3c,"{""d"":9,""model"":""measurement"",""p"":0.005}",
     94208,         0,         0,   0.434,pymatching,d8cc9c2aa429a5713ed477b1939a2eff819cd7386a3ff93fdca7863794e89a3c,"{""d"":9,""model"":""measurement"",""p"":0.005}",
     87219,         0,         0,   0.339,pymatching,d8cc9c2aa429a5713ed477b1939a2eff819cd7386a3ff93fdca7863794e89a3c,"{""d"":9,""model"":""measurement"",""p"":0.005}",
     89088,         0,         0,   0.423,pymatching,d8cc9c2aa429a5713ed477b1939a2eff819cd7386a3ff93fdca7863794e89a3c,"{""d"":9,""model"":""measurement"",""p"":0.005}",
     91136,         0,         0,   0.432,pymatching,d8cc9c2aa429a5713ed477b1939a2eff819cd7386a3ff93fdca7863794e89a3c,"{""d"":9,""model"":""measurement"",""p"":0.005}",
     83968,         0,         0,   0.330,pymatching,d8cc9c2aa429a5713ed477b1939a2eff819cd7386a3ff93fdca7863794e89a3c,"{""d"":9,""model"":""measurement"",""p"":0.005}",
     87219,         0,         0,   0.338,pymatching,d8cc9c2aa429a5713ed477b1939a2eff819cd7386a3ff93fdca7863794e89a3c,"{""d"":9,""model"":""measurement"",""p"":0.005}",
     87040,         0,         0,   0.338,pymatching,d8cc9c2aa429a5713ed477b1939a2eff819cd7386a3ff93fdca7863794e89a3c,"{""d"":9,""model"":""measurement"",""p"":0.005}",
     62464,         0,         0,   0.290,pymatching,d8cc9c2aa429a5713ed477b1939a2eff819cd7386a3ff93fdca7863794e89a3c,"{""d"":9,""model"":""measurement"",""p"":0.005}",
     71680,         0,         0,   0.280,pymatching,d8cc9c2aa429a5713ed477b1939a2eff819cd7386a3ff93fdca7863794e89a3c,"{""d"":9,""model"":""measurement"",""p"":0.005}",
     72704,         0,         0,   0.341,pymatching,d8cc9c2aa429a5713ed477b1939a2eff819cd7386a3ff93fdca7863794e89a3c,"{""d"":9,""model"":""measurement"",""p"":0.005}",
     62464,         0,         0,   0.289,pymatching,d8cc9c2aa429a5713ed477b1939a2eff819cd7386a3ff93fdca7863794e89a3c,"{""d"":9,""model"":""measurement"",""p"":0.005}",
     73728,         0,         0,   0.344,pymatching,d8cc9c2aa429a5713ed477b1939a2eff819cd7386a3ff93fdca7863794e89a3c,"{""d"":9,""model"":""measurement"",""p"":0.005}",
      3176,         0,         0,   0.015,pymatching,d8cc9c2aa429a5713ed477b1939a2eff819cd7386a3ff93fdca7863794e89a3c,"{""d"":9,""model"":""measurement"",""p"":0.005}",
     28672,         0,         0,   0.133,pymatching,d8cc9c2aa429a5713ed477b1939a2eff819cd7386a3ff93fdca7863794e89a3c,"{""d"":9,""model"":""measurement"",""p"":0.005}",
     32768,         0,         0,   0.131,pymatching,d8cc9c2aa429a5713ed477b1939a2eff819cd7386a3ff93fdca7863794e89a3c,"{""d"":9,""model"":""measurement"",""p"":0.005}",
     30720,         0,         0,   0.136,pymatching,d8cc9c2aa429a5713ed477b1939a2eff819cd7386a3ff93fdca7863794e89a3c,"{""d"":9,""model"":""measurement"",""p"":0.005}",
     11113,         0,         0,   0.052,pymatching,d8cc9c2aa429a5713ed477b1939a2eff819cd7386a3ff93fdca7863794e89a3c,"{""d"":9,""model"":""measurement"",""p"":0.005}",
     20383,         0,         0,   0.079,pymatching,d8cc9c2aa429a5713ed477b1939a2eff819cd7386a3ff93fdca7863794e89a3c,"{""d"":9,""model"":""measurement"",""p"":0.005}",
     20383,         0,         0,   0.076,pymatching,d8cc9c2aa429a5713ed477b1939a2eff819cd7386a3ff93fdca7863794e89a3c,"{""d"":9,""model"":""measurement"",""p"":0.005}",
     19110,         0,         0,   0.073,pymatching,d8cc9c2aa429a5713ed477b1939a2eff819cd7386a3ff93fdca7863794e89a3c,"{""d"":9,""model"":""measurement"",""p"":0.005}",
     19456,         0,         0,   0.086,pymatching,d8cc9c2aa429a5713ed477b1939a2eff819cd7386a3ff93fdca7863794e89a3c,"{""d"":9,""model"":""measurement"",""p"":0.005}",
     19110,         0,         0,   0.084,pymatching,d8cc9c2aa429a5713ed477b1939a2eff819cd7386a3ff93fdca7863794e89a3c,"{""d"":9,""model"":""measurement"",""p"":0.005}",
     18432,         0,         0,   0.072,pymatching,d8cc9c2aa429a5713ed477b1939a2eff819cd7386a3ff93fdca7863794e89a3c,"{""d"":9,""model"":""measurement"",""p"":0.005}",
     18432,         0,         0,   0.073,pymatching,d8cc9c2aa429a5713ed477b1939a2eff819cd7386a3ff93fdca7863794e89a3c,"{""d"":9,""model"":""measurement"",""p"":0.005}",
     18432,         0,         0,   0.086,pymatching,d8cc9c2aa429a5713ed477b1939a2eff819cd7386a3ff93fdca7863794e89a3c,"{""d"":9,""model"":""measurement"",""p"":0.005}",
     18432,         0,         0,   0.087,pymatching,d8cc9c2aa429a5713ed477b1939a2eff819cd7386a3ff93fdca7863794e89a3c,"{""d"":9,""model"":""measurement"",""p"":0.005}",
     16641,         0,         0,   0.067,pymatching,d8cc9c2aa429a5713ed477b1939a2eff819cd7386a3ff93fdca7863794e89a3c,"{""d"":9,""model"":""measurement"",""p"":0.005}",
       927,         0,         0,   0.005,pymatching,d8cc9c2aa429a5713ed477b1939a2eff819cd7386a3ff93fdca7863794e89a3c,"{""d"":9,""model"":""measurement"",""p"":0.005}",
       678,         0,         0,   0.003,pymatching,d8cc9c2aa429a5713ed477b1939a2eff819cd7386a3ff93fdca7863794e89a3c,"{""d"":9,""model"":""measurement"",""p"":0.005}",
     16641,         0,         0,   0.076,pymatching,d8cc9c2aa429a5713ed477b1939a2eff819cd7386a3ff93fdca7863794e89a3c,"{""d"":9,""model"":""measurement"",""p"":0.005}",
     16384,         0,         0,   0.077,pymatching,d8cc9c2aa429a5713ed477b1939a2eff819cd7386a3ff93fdca7863794e89a3c,"{""d"":9,""model"":""measurement"",""p"":0.005}",
     14336,         0,         0,   0.067,pymatching,d8cc9c2aa429a5713ed477b1939a2eff819cd7386a3ff93fdca7863794e89a3c,"{""d"":9,""model"":""measurement"",""p"":0.005}",
     13312,         0,         0,   0.062,pymatching,d8cc9c2aa429a5713ed477b1939a2eff819cd7386a3ff93fdca7863794e89a3c,"{""d"":9,""model"":""measurement"",""p"":0.005}",
     15360,         0,         0,   0.071,pymatching,d8cc9c2aa429a5713ed477b1939a2eff819cd7386a3ff93fdca7863794e89a3c,"{""d"":9,""model"":""measurement"",""p"":0.005}",
      2469,         0,         0,   0.010,pymatching,d8cc9c2aa429a5713ed477b1939a2eff819cd7386a3ff93fdca7863794e89a3c,"{""d"":9,""model"":""measurement"",""p"":0.005}",
      1661,         0,         0,   0.008,pymatching,d8cc9c2aa429a5713ed477b1939a2eff819cd7386a3ff93fdca7863794e89a3c,"{""d"":9,""model"":""measurement"",""p"":0.005}",
      2469,         0,         0,   0.011,pymatching,d8cc9c2aa429a5713ed477b1939a2eff819cd7386a3ff93fdca7863794e89a3c,"{""d"":9,""model"":""measurement"",""p"":0.005}",
      2305,         0,         0,   0.011,pymatching,d8cc9c2aa429a5713ed477b1939a2eff819cd7386a3ff93fdca7863794e89a3c,"{""d"":9,""model"":""measurement"",""p"":0.005}",
      3147,         0,         0,   0.014,pymatching,d8cc9c2aa429a5713ed477b1939a2eff819cd7386a3ff93fdca7863794e89a3c,"{""d"":9,""model"":""measurement"",""p"":0.005}",
      5120,         0,         0,   0.026,pymatching,d8cc9c2aa429a5713ed477b1939a2eff819cd7386a3ff93fdca7863794e89a3c,"{""d"":9,""model"":""measurement"",""p"":0.005}",
      3576,         0,         0,   0.012,pymatching,d8cc9c2aa429a5713ed477b1939a2eff819cd7386a3ff93fdca7863794e89a3c,"{""d"":9,""model"":""measurement"",""p"":0.005}",
      2469,         0,         0,   0.009,pymatching,d8cc9c2aa429a5713ed477b1939a2eff819cd7386a3ff93fdca7863794e89a3c,"{""d"":9,""model"":""measurement"",""p"":0.005}",
      3576,         0,         0,   0.014,pymatching,d8cc9c2aa429a5713ed477b1939a2eff819cd7386a3ff93fdca7863794e89a3c,"{""d"":9,""model"":""measurement"",""p"":0.005}",
      3174,         0,         0,   0.011,pymatching,d8cc9c2aa429a5713ed477b1939a2eff819cd7386a3ff93fdca7863794e89a3c,"{""d"":9,""model"":""measurement"",""p"":0.005}",
      2434,         0,         0,   0.010,pymatching,d8cc9c2aa429a5713ed477b1939a2eff819cd7386a3ff93fdca7863794e89a3c,"{""d"":9,""model"":""measurement"",""p"":0.005}",
      3072,         0,         0,   0.014,pymatching,d8cc9c2aa429a5713ed477b1939a2eff819cd7386a3ff93fdca7863794e89a3c,"{""d"":9,""model"":""measurement"",""p"":0.005}",
      2048,         0,         0,   0.008,pymatching,d8cc9c2aa429a5713ed477b1939a2eff819cd7386a3ff93fdca7863794e89a3c,"{""d"":9,""model"":""measurement"",""p"":0.005}",
      2279,         0,         0,   0.009,pymatching,d8cc9c2aa429a5713ed477b1939a2eff819cd7386a3ff93fdca7863794e89a3c,"{""d"":9,""model"":""measurement"",""p"":0.005}",
      2434,         0,         0,   0.011,pymatching,d8cc9c2aa429a5713ed477b1939a2eff819cd7386a3ff93fdca7863794e89a3c,"{""d"":9,""model"":""measurement"",""p"":0.005}",
      2048,         0,         0,   0.009,pymatching,d8cc9c2aa429a5713ed477b1939a2eff819cd7386a3ff93fdca7863794e89a3c,"{""d"":9,""model"":""measurement"",""p"":0.005}",
       154,         0,         0,   0.001,pymatching,d8cc9c2aa429a5713ed477b1939a2eff819cd7386a3ff93fdca7863794e89a3c,"{""d"":9,""model"":""measurement"",""p"":0.005}",
      1091,         0,         0,   0.004,pymatching,d8cc9c2aa429a5713ed477b1939a2eff819cd7386a3ff93fdca7863794e89a3c,"{""d"":9,""model"":""measurement"",""p"":0.005}",
       104,         0,         0,   0.000,pymatching,d8cc9c2aa429a5713ed477b1939a2eff819cd7386a3ff93fdca7863794e89a3c,"{""d"":9,""model"":""measurement"",""p"":0.005}",
       413,         0,         0,   0.002,pymatching,d8cc9c2aa429a5713ed477b1939a2eff819cd7386a3ff93fdca7863794e89a3c,"{""d"":9,""model"":""measurement"",""p"":0.005}",
       203,         0,         0,   0.001,pymatching,d8cc9c2aa429a5713ed477b1939a2eff819cd7386a3ff93fdca7863794e89a3c,"{""d"":9,""model"":""measurement"",""p"":0.005}",
      1024,         0,         0,   0.005,pymatching,d8cc9c2aa429a5713ed477b1939a2eff819cd7386a3ff93fdca7863794e89a3c,"{""d"":9,""model"":""measurement"",""p"":0.005}",
       246,         0,         0,   0.001,pymatching,d8cc9c2aa429a5713ed477b1939a2eff819cd7386a3ff93fdca7863794e89a3c,"{""d"":9,""model"":""measurement"",""p"":0.005}",
      1024,         0,         0,   0.004,pymatching,d8cc9c2aa429a5713ed477b1939a2eff819cd7386a3ff93fdca7863794e89a3c,"{""d"":9,""model"":""measurement"",""p"":0.005}",
       211,         0,         0,   0.001,pymatching,d8cc9c2aa429a5713ed477b1939a2eff819cd7386a3ff93fdca7863794e89a3c,"{""d"":9,""model"":""measurement"",""p"":0.005}",
      2048,         0,         0,   0.008,pymatching,d8cc9c2aa429a5713ed477b1939a2eff819cd7386a3ff93fdca7863794e89a3c,"{""d"":9,""model"":""measurement"",""p"":0.005}",
      1024,         0,         0,   0.005,pymatching,d8cc9c2aa429a5713ed477b1939a2eff819cd7386a3ff93fdca7863794e89a3c,"{""d"":9,""model"":""measurement"",""p"":0.005}",
      1024,         0,         0,   0.003,pymatching,d8cc9c2aa429a5713ed477b1939a2eff819cd7386a3ff93fdca7863794e89a3c,"{""d"":9,""model"":""measurement"",""p"":0.005}",
       491,         0,         0,   0.002,pymatching,d8cc9c2aa429a5713ed477b1939a2eff819cd7386a3ff93fdca7863794e89a3c,"{""d"":9,""model"":""measurement"",""p"":0.005}",
      1024,         0,         0,   0.005,pymatching,d8cc9c2aa429a5713ed477b1939a2eff819cd7386a3ff93fdca7863794e89a3c,"{""d"":9,""model"":""measurement"",""p"":0.005}",
       953,         0,         0,   0.004,pymatching,d8cc9c2aa429a5713ed477b1939a2eff819cd7386a3ff93fdca7863794e89a3c,"{""d"":9,""model"":""measurement"",""p"":0.005}",
       163,         0,         0,   0.001,pymatching,d8cc9c2aa429a5713ed477b1939a2eff819cd7386a3ff93fdca7863794e89a3c,"{""d"":9,""model"":""measurement"",""p"":0.005}",
       142,         0,         0,   0.001,pymatching,d8cc9c2aa429a5713ed477b1939a2eff819cd7386a3ff93fdca7863794e89a3c,"{""d"":9,""model"":""measurement"",""p"":0.005}",
       219,         0,         0,   0.001,pymatching,d8cc9c2aa429a5713ed477b1939a2eff819cd7386a3ff93fdca7863794e89a3c,"{""d"":9,""model"":""measurement"",""p"":0.005}",
        16,         0,         0,   0.000,pymatching,d8cc9c2aa429a5713ed477b1939a2eff819cd7386a3ff93fdca7863794e89a3c,"{""d"":9,""model"":""measurement"",""p"":0.005}",
       683,         0,         0,   0.002,pymatching,d8cc9c2aa429a5713ed477b1939a2eff819cd7386a3ff93fdca7863794e89a3c,"{""d"":9,""model"":""measurement"",""p"":0.005}",
       849,         0,         0,   0.003,pymatching,d8cc9c2aa429a5713ed477b1939a2eff819cd7386a3ff93fdca7863794e89a3c,"{""d"":9,""model"":""measurement"",""p"":0.005}",
        10,         0,         0,   0.000,pymatching,d8cc9c2aa429a5713ed477b1939a2eff819cd7386a3ff93fdca7863794e89a3c,"{""d"":9,""model"":""measurement"",""p"":0.005}",
        89,         0,         0,   0.000,pymatching,d8cc9c2aa429a5713ed477b1939a2eff819cd7386a3ff93fdca7863794e89a3c,"{""d"":9,""model"":""measurement"",""p"":0.005}",
       555,         0,         0,   0.002,pymatching,d8cc9c2aa429a5713ed477b1939a2eff819cd7386a3ff93fdca7863794e89a3c,"{""d"":9,""model"":""measurement"",""p"":0.005}",
       491,         0,         0,   0.001,pymatching,d8cc9c2aa429a5713ed477b1939a2eff819cd7386a3ff93fdca7863794e89a3c,"{""d"":9,""model"":""measurement"",""p"":0.005}",
        63,         0,         0,   0.000,pymatching,d8cc9c2aa429a5713ed477b1939a2eff819cd7386a3ff93fdca7863794e89a3c,"{""d"":9,""model"":""measurement"",""p"":0.005}",
       491,         0,         0,   0.002,pymatching,d8cc9c2aa429a5713ed477b1939a2eff819cd7386a3ff93fdca7863794e89a3c,"{""d"":9,""model"":""measurement"",""p"":0.005}",
       197,         0,         0,   0.001,pymatching,d8cc9c2aa429a5713ed477b1939a2eff819cd7386a3ff93fdca7863794e89a3c,"{""d"":9,""model"":""measurement"",""p"":0.005}",
        14,         0,         0,   0.000,pymatching,d8cc9c2aa429a5713ed477b1939a2eff819cd7386a3ff93fdca7863794e89a3c,"{""d"":9,""model"":""measurement"",""p"":0.005}",
       197,         0,         0,   0.001,pymatching,d8cc9c2aa429a5713ed477b1939a2eff819cd7386a3ff93fdca7863794e89a3c,"{""d"":9,""model"":""measurement"",""p"":0.005}",
        10,         0,         0,   0.000,pymatching,d8cc9c2aa429a5713ed477b1939a2eff819cd7386a3ff93fdca7863794e89a3c,"{""d"":9,""model"":""measurement"",""p"":0.005}",
         3,         0,         0,   0.000,pymatching,d8cc9c2aa429a5713ed477b1939a2eff819cd7386a3ff93fdca7863794e89a3c,"{""d"":9,""model"":""measurement"",""p"":0.005}",
        38,         0,         0,   0.000,pymatching,d8cc9c2aa429a5713ed477b1939a2eff819cd7386a3ff93fdca7863794e89a3c,"{""d"":9,""model"":""measurement"",""p"":0.005}",
        38,         0,         0,   0.000,pymatching,d8cc9c2aa429a5713ed477b1939a2eff819cd7386a3ff93fdca7863794e89a3c,"{""d"":9,""model"":""measurement"",""p"":0.005}",
         9,         0,         0,   0.000,pymatching,d8cc9c2aa429a5713ed477b1939a2eff819cd7386a3ff93fdca7863794e89a3c,"{""d"":9,""model"":""measurement"",""p"":0.005}",
         4,         0,         0,   0.000,pymatching,d8cc9c2aa429a5713ed477b1939a2eff819cd7386a3ff93fdca7863794e89a3c,"{""d"":9,""model"":""measurement"",""p"":0.005}",
         6,         0,         0,   0.000,pymatching,d8cc9c2aa429a5713ed477b1939a2eff819cd7386a3ff93fdca7863794e89a3c,"{""d"":9,""model"":""measurement"",""p"":0.005}",
        12,         0,         0,   0.000,pymatching,d8cc9c2aa429a5713ed477b1939a2eff819cd7386a3ff93fdca7863794e89a3c,"{""d"":9,""model"":""measurement"",""p"":0.005}",
        12,         0,         0,   0.000,pymatching,d8cc9c2aa429a5713ed477b1939a2eff819cd7386a3ff93fdca7863794e89a3c,"{""d"":9,""model"":""measurement"",""p"":0.005}",
         9,         0,         0,   0.000,pymatching,d8cc9c2aa429a5713ed477b1939a2eff819cd7386a3ff93fdca7863794e89a3c,"{""d"":9,""model"":""measurement"",""p"":0.005}",
         9,         0,         0,   0.000,pymatching,d8cc9c2aa429a5713ed477b1939a2eff819cd7386a3ff93fdca7863794e89a3c,"{""d"":9,""model"":""measurement"",""p"":0.005}",
         8,         0,         0,   0.000,pymatching,d8cc9c2aa429a5713ed477b1939a2eff819cd7386a3ff93fdca7863794e89a3c,"{""d"":9,""model"":""measurement"",""p"":0.005}",
         2,         0,         0,   0.000,pymatching,d8cc9c2aa429a5713ed477b1939a2eff819cd7386a3ff93fdca7863794e89a3c,"{""d"":9,""model"":""measurement"",""p"":0.005}",
         4,         0,         0,   0.000,pymatching,d8cc9c2aa429a5713ed477b1939a2eff819cd7386a3ff93fdca7863794e89a3c,"{""d"":9,""model"":""measurement"",""p"":0.005}",
         4,         0,         0,   0.000,pymatching,d8cc9c2aa429a5713ed477b1939a2eff819cd7386a3ff93fdca7863794e89a3c,"{""d"":9,""model"":""measurement"",""p"":0.005}",
         4,         0,         0,   0.000,pymatching,d8cc9c2aa429a5713ed477b1939a2eff819cd7386a3ff93fdca7863794e89a3c,"{""d"":9,""model"":""measurement"",""p"":0.005}",
         4,         0,         0,   0.000,pymatching,d8cc9c2aa429a5713ed477b1939a2eff819cd7386a3ff93fdca7863794e89a3c,"{""d"":9,""model"":""measurement"",""p"":0.005}",
         1,         0,         0,   0.000,pymatching,d8cc9c2aa429a5713ed477b1939a2eff819cd7386a3ff93fdca7863794e89a3c,"{""d"":9,""model"":""measurement"",""p"":0.005}",
         1,         0,         0,   0.000,pymatching,d8cc9c2aa429a5713ed477b1939a2eff819cd7386a3ff93fdca7863794e89a3c,"{""d"":9,""model"":""measurement"",""p"":0.005}",
         1,         0,         0,   0.000,pymatching,d8cc9c2aa429a5713ed477b1939a2eff819cd7386a3ff93fdca7863794e89a3c,"{""d"":9,""model"":""measurement"",""p"":0.005}",
         1,         0,         0,   0.000,pymatching,d8cc9c2aa429a5713ed477b1939a2eff819cd7386a3ff93fdca7863794e89a3c,"{""d"":9,""model"":""measurement"",""p"":0.005}",
         1,         0,         0,   0.000,pymatching,d8cc9c2aa429a5713ed477b1939a2eff819cd7386a3ff93fdca7863794e89a3c,"{""d"":9,""model"":""measurement"",""p"":0.005}",
         1,         0,         0,   0.000,pymatching,d8cc9c2aa429a5713ed477b1939a2eff819cd7386a3ff93fdca7863794e89a3c,"{""d"":9,""model"":""measurement"",""p"":0.005}",
         1,         0,         0,   0.000,pymatching,d8cc9c2aa429a5713ed477b1939a2eff819cd7386a3ff93fdca7863794e89a3c,"{""d"":9,""model"":""measurement"",""p"":0.005}",
         1,         0,         0,   0.000,pymatching,d8cc9c2aa429a5713ed477b1939a2eff819cd7386a3ff93fdca7863794e89a3c,"{""d"":9,""model"":""measurement"",""p"":0.005}",
         1,         0,         0,   0.000,pymatching,d8cc9c2aa429a5713ed477b1939a2eff819cd7386a3ff93fdca7863794e89a3c,"{""d"":9,""model"":""measurement"",""p"":0.005}",
   1421312,        10,         0,    7.13,pymatching,f8b16c1db98fb154e268a37dcebc8c5eacbd03993daab091f051fc9a559c4e8e,"{""d"":9,""model"":""measurement"",""p"":0.01}",
      1297,         0,         0,   0.010,pymatching,1938eb02fa174e4398af57ea22b7b299d6e80e0682a4886085d64e26cc5d8b28,"{""d"":9,""model"":""phenomenological"",""p"":0.005}",
      2321,         0,         0,   0.013,pymatching,f8b16c1db98fb154e268a37dcebc8c5eacbd03993daab091f051fc9a559c4e8e,"{""d"":9,""model"":""measurement"",""p"":0.01}",
      2321,         0,         0,   0.013,pymatching,f8b16c1db98fb154e268a37dcebc8c5eacbd03993daab091f051fc9a559c4e8e,"{""d"":9,""model"":""measurement"",""p"":0.01}",
      1297,         0,         0,   0.011,pymatching,1938eb02fa174e4398af57ea22b7b299d6e80e0682a4886085d64e26cc5d8b28,"{""d"":9,""model"":""phenomenological"",""p"":0.005}",
      1297,         0,         0,   0.011,pymatching,1938eb02fa174e4398af57ea22b7b299d6e80e0682a4886085d64e26cc5d8b28,"{""d"":9,""model"":""phenomenological"",""p"":0.005}",
      1297,         0,         0,   0.010,pymatching,1938eb02fa174e4398af57ea22b7b299d6e80e0682a4886085d64e26cc5d8b28,"{""d"":9,""model"":""phenomenological"",""p"":0.005}",
      2321,         0,         0,   0.015,pymatching,1938eb02fa174e4398af57ea22b7b299d6e80e0682a4886085d64e26cc5d8b28,"{""d"":9,""model"":""phenomenological"",""p"":0.005}",
      2321,         0,         0,   0.013,pymatching,f8b16c1db98fb154e268a37dcebc8c5eacbd03993daab091f051fc9a559c4e8e,"{""d"":9,""model"":""measurement"",""p"":0.01}",
      2321,         0,         0,   0.015,pymatching,1938eb02fa174e4398af57ea22b7b299d6e80e0682a4886085d64e26cc5d8b28,"{""d"":9,""model"":""phenomenological"",""p"":0.005}",
      2321,         0,         0,   0.015,pymatching,f8b16c1db98fb154e268a37dcebc8c5eacbd03993daab091f051fc9a559c4e8e,"{""d"":9,""model"":""measurement"",""p"":0.01}",
      2321,         0,         0,   0.013,pymatching,f8b16c1db98fb154e268a37dcebc8c5eacbd03993daab091f051fc9a559c4e8e,"{""d"":9,""model"":""measurement"",""p"":0.01}",
      1297,         0,         0,   0.011,pymatching,1938eb02fa174e4398af57ea22b7b299d6e80e0682a4886085d64e26cc5d8b28,"{""d"":9,""model"":""phenomenological"",""p"":0.005}",
      2321,         0,         0,   0.015,pymatching,f8b16c1db98fb154e268a37dcebc8c5eacbd03993daab091f051fc9a559c4e8e,"{""d"":9,""model"":""measurement"",""p"":0.01}",
      2321,         0,         0,   0.016,pymatching,f8b16c1db98fb154e268a37dcebc8c5eacbd03993daab091f051fc9a559c4e8e,"{""d"":9,""model"":""measurement"",""p"":0.01}",
      2321,         0,         0,   0.015,pymatching,f8b16c1db98fb154e268a37dcebc8c5eacbd03993daab091f051fc9a559c4e8e,"{""d"":9,""model"":""measurement"",""p"":0.01}",
      2048,         0,         0,   0.014,pymatching,1938eb02fa174e4398af57ea22b7b299d6e80e0682a4886085d64e26cc5d8b28,"{""d"":9,""model"":""phenomenological"",""p"":0.005}",
      2321,         0,         0,   0.015,pymatching,1938eb02fa174e4398af57ea22b7b299d6e80e0682a4886085d64e26cc5d8b28,"{""d"":9,""model"":""phenomenological"",""p"":0.005}",
      3072,         0,         0,   0.016,pymatching,f8b16c1db98fb154e268a37dcebc8c5eacbd03993daab091f051fc9a559c4e8e,"{""d"":9,""model"":""measurement"",""p"":0.01}",
      2048,         0,         0,   0.014,pymatching,1938eb02fa174e4398af57ea22b7b299d6e80e0682a4886085d64e26cc5d8b28,"{""d"":9,""model"":""phenomenological"",""p"":0.005}",
      3072,         0,         0,   0.018,pymatching,f8b16c1db98fb154e268a37dcebc8c5eacbd03993daab091f051fc9a559c4e8e,"{""d"":9,""model"":""measurement"",""p"":0.01}",
      2048,         0,         0,   0.014,pymatching,1938eb02fa174e4398af57ea22b7b299d6e80e0682a4886085d64e26cc5d8b28,"{""d"":9,""model"":""phenomenological"",""p"":0.005}",
      2048,         0,         0,   0.014,pymatching,1938eb02fa174e4398af57ea22b7b299d6e80e0682a4886085d64e26cc5d8b28,"{""d"":9,""model"":""phenomenological"",""p"":0.005}",
      2048,         0,         0,   0.014,pymatching,1938eb02fa174e4398af57ea22b7b299d6e80e0682a4886085d64e26cc5d8b28,"{""d"":9,""model"":""phenomenological"",""p"":0.005}",
      3072,         0,         0,   0.018,pymatching,1938eb02fa174e4398af57ea22b7b299d6e80e0682a4886085d64e26cc5d8b28,"{""d"":9,""model"":""phenomenological"",""p"":0.005}",
      3072,         0,         0,   0.015,pymatching,f8b16c1db98fb154e268a37dcebc8c5eacbd03993daab091f051fc9a559c4e8e,"{""d"":9,""model"":""measurement"",""p"":0.01}",
      3072,         0,         0,   0.018,pymatching,f8b16c1db98fb154e268a37dcebc8c5eacbd03993daab091f051fc9a559c4e8e,"{""d"":9,""model"":""measurement"",""p"":0.01}",
      3072,         0,         0,   0.018,pymatching,1938eb02fa174e4398af57ea22b7b299d6e80e0682a4886085d64e26cc5d8b28,"{""d"":9,""model"":""phenomenological"",""p"":0.005}",
      3072,         0,         0,   0.019,pymatching,f8b16c1db98fb154e268a37dcebc8c5eacbd03993daab091f051fc9a559c4e8e,"{""d"":9,""model"":""measurement"",""p"":0.01}",
      3072,         0,         0,   0.018,pymatching,f8b16c1db98fb154e268a37dcebc8c5eacbd03993daab091f051fc9a559c4e8e,"{""d"":9,""model"":""measurement"",""p"":0.01}",
      3072,         0,         0,   0.018,pymatching,f8b16c1db98fb154e268a37dcebc8c5eacbd03993daab091f051fc9a559c4e8e,"{""d"":9,""model"":""measurement"",""p"":0.01}",
      3072,         0,         0,   0.019,pymatching,f8b16c1db98fb154e268a37dcebc8c5eacbd03993daab091f051fc9a559c4e8e,"{""d"":9,""model"":""measurement"",""p"":0.01}",
      3072,         0,         0,   0.018,pymatching,1938eb02fa174e4398af57ea22b7b299d6e80e0682a4886085d64e26cc5d8b28,"{""d"":9,""model"":""phenomenological"",""p"":0.005}",
      3072,         0,         0,   0.021,pymatching,1938eb02fa174e4398af57ea22b7b299d6e80e0682a4886085d64e26cc5d8b28,"{""d"":9,""model"":""phenomenological"",""p"":0.005}",
      4096,         0,         0,   0.021,pymatching,f8b16c1db98fb154e268a37dcebc8c5eacbd03993daab091f051fc9a559c4e8e,"{""d"":9,""model"":""measurement"",""p"":0.01}",
      3072,         0,         0,   0.021,pymatching,1938eb02fa174e4398af57ea22b7b299d6e80e0682a4886085d64e26cc5d8b28,"{""d"":9,""model"":""phenomenological"",""p"":0.005}",
      3072,         0,         0,   0.021,pymatching,1938eb02fa174e4398af57ea22b7b299d6e80e0682a4886085d64e26cc5d8b28,"{""d"":9,""model"":""phenomenological"",""p"":0.005}",
      3072,         0,         0,   0.022,pymatching,1938eb02fa174e4398af57ea22b7b299d6e80e0682a4886085d64e26cc5d8b28,"{""d"":9,""model"":""phenomenological"",""p"":0.005}",
      4096,         0,         0,   0.024,pymatching,f8b16c1db98fb154e268a37dcebc8c5eacbd03993daab091f051fc9a559c4e8e,"{""d"":9,""model"":""measurement"",""p"":0.01}",
      3072,         0,         0,   0.022,pymatching,1938eb02fa174e4398af57ea22b7b299d6e80e0682a4886085d64e26cc5d8b28,"{""d"":9,""model"":""phenomenological"",""p"":0.005}",
      4096,         0,         0,   0.021,pymatching,f8b16c1db98fb154e268a37dcebc8c5eacbd03993daab091f051fc9a559c4e8e,"{""d"":9,""model"":""measurement"",""p"":0.01}",
      4096,         0,         0,   0.021,pymatching,f8b16c1db98fb154e268a37dcebc8c5eacbd03993daab091f051fc9a559c4e8e,"{""d"":9,""model"":""measurement"",""p"":0.01}",
      4096,         0,         0,   0.024,pymatching,1938eb02fa174e4398af57ea22b7b299d6e80e0682a4886085d64e26cc5d8b28,"{""d"":9,""model"":""phenomenological"",""p"":0.005}",
      4096,         0,         0,   0.024,pymatching,1938eb02fa174e4398af57ea22b7b299d6e80e0682a4886085d64e26cc5d8b28,"{""d"":9,""model"":""phenomenological"",""p"":0.005}",
      4096,         0,         0,   0.025,pymatching,f8b16c1db98fb154e268a37dcebc8c5eacbd03993daab091f051fc9a559c4e8e,"{""d"":9,""model"":""measurement"",""p"":0.01}",
      4096,         0,         0,   0.025,pymatching,f8b16c1db98fb154e268a37dcebc8c5eacbd03993daab091f051fc9a559c4e8e,"{""d"":9,""model"":""measurement"",""p"":0.01}",
      4096,         0,         0,   0.025,pymatching,f8b16c1db98fb154e268a37dcebc8c5eacbd03993daab091f051fc9a559c4e8e,"{""d"":9,""model"":""measurement"",""p"":0.01}",
      4096,         0,         0,   0.025,pymatching,f8b16c1db98fb154e268a37dcebc8c5eacbd03993daab091f051fc9a559c4e8e,"{""d"":9,""model"":""measurement"",""p"":0.01}",
      4096,         0,         0,   0.024,pymatching,1938eb02fa174e4398af57ea22b7b299d6e80e0682a4886085d64e26cc5d8b28,"{""d"":9,""model"":""phenomenological"",""p"":0.005}",
      4096,         0,         0,   0.028,pymatching,1938eb02fa174e4398af57ea22b7b299d6e80e0682a4886085d64e26cc5d8b28,"{""d"":9,""model"":""phenomenological"",""p"":0.005}",
      4096,         0,         0,   0.028,pymatching,1938eb02fa174e4398af57ea22b7b299d6e80e0682a4886085d64e26cc5d8b28,"{""d"":9,""model"":""phenomenological"",""p"":0.005}",
      4096,         0,         0,   0.029,pymatching,1938eb02fa174e4398af57ea22b7b299d6e80e0682a4886085d64e26cc5d8b28,"{""d"":9,""model"":""phenomenological"",""p"":0.005}",
      6144,         0,         0,   0.031,pymatching,f8b16c1db98fb154e268a37dcebc8c5eacbd03993daab091f051fc9a559c4e8e,"{""d"":9,""model"":""measurement"",""p"":0.01}",
      4096,         0,         0,   0.029,pymatching,1938eb02fa174e4398af57ea22b7b299d6e80e0682a4886085d64e26cc5d8b28,"{""d"":9,""model"":""phenomenological"",""p"":0.005}",
      4096,         0,         0,   0.029,pymatching,1938eb02fa174e4398af57ea22b7b299d6e80e0682a4886085d64e26cc5d8b28,"{""d"":9,""model"":""phenomenological"",""p"":0.005}",
      5120,         0,         0,   0.031,pymatching,f8b16c1db98fb154e268a37dcebc8c5eacbd03993daab091f051fc9a559c4e8e,"{""d"":9,""model"":""measurement"",""p"":0.01}",
      6144,         0,         0,   0.031,pymatching,f8b16c1db98fb154e268a37dcebc8c5eacbd03993daab091f051fc9a559c4e8e,"{""d"":9,""model"":""measurement"",""p"":0.01}",
      6144,         0,         0,   0.032,pymatching,f8b16c1db98fb154e268a37dcebc8c5eacbd03993daab091f051fc9a559c4e8e,"{""d"":9,""model"":""measurement"",""p"":0.01}",
      5120,         0,         0,   0.030,pymatching,1938eb02fa174e4398af57ea22b7b299d6e80e0682a4886085d64e26cc5d8b28,"{""d"":9,""model"":""phenomenological"",""p"":0.005}",
      5120,         0,         0,   0.030,pymatching,1938eb02fa174e4398af57ea22b7b299d6e80e0682a4886085d64e26cc5d8b28,"{""d"":9,""model"":""phenomenological"",""p"":0.005}",
      5120,         0,         0,   0.031,pymatching,f8b16c1db98fb154e268a37dcebc8c5eacbd03993daab091f051fc9a559c4e8e,"{""d"":9,""model"":""measurement"",""p"":0.01}",
      5120,         0,         0,   0.031,pymatching,f8b16c1db98fb154e268a37dcebc8c5eacbd03993daab091f051fc9a559c4e8e,"{""d"":9,""model"":""measurement"",""p"":0.01}",
      5120,         0,         0,   0.031,pymatching,f8b16c1db98fb154e268a37dcebc8c5eacbd03993daab091f051fc9a559c4e8e,"{""d"":9,""model"":""measurement"",""p"":0.01}",
      5120,         0,         0,   0.032,pymatching,f8b16c1db98fb154e268a37dcebc8c5eacbd03993daab091f051fc9a559c4e8e,"{""d"":9,""model"":""measurement"",""p"":0.01}",
      5120,         0,         0,   0.030,pymatching,1938eb02fa174e4398af57ea22b7b299d6e80e0682a4886085d64e26cc5d8b28,"{""d"":9,""model"":""phenomenological"",""p"":0.005}",
      6144,         0,         0,   0.043,pymatching,1938eb02fa174e4398af57ea22b7b299d6e80e0682a4886085d64e26cc5d8b28,"{""d"":9,""model"":""phenomenological"",""p"":0.005}",
      6144,         0,         0,   0.043,pymatching,1938eb02fa174e4398af57ea22b7b299d6e80e0682a4886085d64e26cc5d8b28,"{""d"":9,""model"":""phenomenological"",""p"":0.005}",
      8192,         0,         0,   0.042,pymatching,f8b16c1db98fb154e268a37dcebc8c5eacbd03993daab091f051fc9a559c4e8e,"{""d"":9,""model"":""measurement"",""p"":0.01}",
      6144,         0,         0,   0.043,pymatching,1938eb02fa174e4398af57ea22b7b299d6e80e0682a4886085d64e26cc5d8b28,"{""d"":9,""model"":""phenomenological"",""p"":0.005}",
      6144,         0,         0,   0.044,pymatching,1938eb02fa174e4398af57ea22b7b299d6e80e0682a4886085d64e26cc5d8b28,"{""d"":9,""model"":""phenomenological"",""p"":0.005}",
      6144,         0,         0,   0.043,pymatching,1938eb02fa174e4398af57ea22b7b299d6e80e0682a4886085d64e26cc5d8b28,"{""d"":9,""model"":""phenomenological"",""p"":0.005}",
      7168,         0,         0,   0.043,pymatching,f8b16c1db98fb154e268a37dcebc8c5eacbd03993daab091f051fc9a559c4e8e,"{""d"":9,""model"":""measurement"",""p"":0.01}",
      8192,         0,         0,   0.042,pymatching,f8b16c1db98fb154e268a37dcebc8c5eacbd03993daab091f051fc9a559c4e8e,"{""d"":9,""model"":""measurement"",""p"":0.01}",
      7168,         0,         0,   0.042,pymatching,1938eb02fa174e4398af57ea22b7b299d6e80e0682a4886085d64e26cc5d8b28,"{""d"":9,""model"":""phenomenological"",""p"":0.005}",
      8192,         0,         0,   0.042,pymatching,f8b16c1db98fb154e268a37dcebc8c5eacbd03993daab091f051fc9a559c4e8e,"{""d"":9,""model"":""measurement"",""p"":0.01}",
      7168,         0,         0,   0.042,pymatching,1938eb02fa174e4398af57ea22b7b299d6e80e0682a4886085d64e26cc5d8b28,"{""d"":9,""model"":""phenomenological"",""p"":0.005}",
      6144,         0,         0,   0.038,pymatching,1938eb02fa174e4398af57ea22b7b299d6e80e0682a4886085d64e26cc5d8b28,"{""d"":9,""model"":""phenomenological"",""p"":0.005}",
      7168,         0,         0,   0.043,pymatching,f8b16c1db98fb154e268a37dcebc8c5eacbd03993daab091f051fc9a559c4e8e,"{""d"":9,""model"":""measurement"",""p"":0.01}",
      7168,         0,         0,   0.044,pymatching,f8b16c1db98fb154e268a37dcebc8c5eacbd03993daab091f051fc9a559c4e8e,"{""d"":9,""model"":""measurement"",""p"":0.01}",
      7168,         0,         0,   0.044,pymatching,f8b16c1db98fb154e268a37dcebc8c5eacbd03993daab091f051fc9a559c4e8e,"{""d"":9,""model"":""measurement"",""p"":0.01}",
      7168,         0,         0,   0.044,pymatching,f8b16c1db98fb154e268a37dcebc8c5eacbd03993daab091f051fc9a559c4e8e,"{""d"":9,""model"":""measurement"",""p"":0.01}",
      8192,         0,         0,   0.058,pymatching,1938eb02fa174e4398af57ea22b7b299d6e80e0682a4886085d64e26cc5d8b28,"{""d"":9,""model"":""phenomenological"",""p"":0.005}",
      8192,         0,         0,   0.057,pymatching,1938eb02fa174e4398af57ea22b7b299d6e80e0682a4886085d64e26cc5d8b28,"{""d"":9,""model"":""phenomenological"",""p"":0.005}",
     11264,         0,         0,   0.058,pymatching,f8b16c1db98fb154e268a37dcebc8c5eacbd03993daab091f051fc9a559c4e8e,"{""d"":9,""model"":""measurement"",""p"":0.01}",
      8192,         0,         0,   0.057,pymatching,1938eb02fa174e4398af57ea22b7b299d6e80e0682a4886085d64e26cc5d8b28,"{""d"":9,""model"":""phenomenological"",""p"":0.005}",
      9216,         0,         0,   0.055,pymatching,f8b16c1db98fb154e268a37dcebc8c5eacbd03993daab091f051fc9a559c4e8e,"{""d"":9,""model"":""measurement"",""p"":0.01}",
      9216,         0,         0,   0.054,pymatching,1938eb02fa174e4398af57ea22b7b299d6e80e0682a4886085d64e26cc5d8b28,"{""d"":9,""model"":""phenomenological"",""p"":0.005}",
     10240,         0,         0,   0.053,pymatching,f8b16c1db98fb154e268a37dcebc8c5eacbd03993daab091f051fc9a559c4e8e,"{""d"":9,""model"":""measurement"",""p"":0.01}",
      8192,         1,         0,   0.058,pymatching,1938eb02fa174e4398af57ea22b7b299d6e80e0682a4886085d64e26cc5d8b28,"{""d"":9,""model"":""phenomenological"",""p"":0.005}",
      8192,         0,         0,   0.058,pymatching,1938eb02fa174e4398af57ea22b7b299d6e80e0682a4886085d64e26cc5d8b28,"{""d"":9,""model"":""phenomenological"",""p"":0.005}",
     11264,         0,         0,   0.057,pymatching,f8b16c1db98fb154e268a37dcebc8c5eacbd03993daab091f051fc9a559c4e8e,"{""d"":9,""model"":""measurement"",""p"":0.01}",
      9216,         0,         0,   0.054,pymatching,1938eb02fa174e4398af57ea22b7b299d6e80e0682a4886085d64e26cc5d8b28,"{""d"":9,""model"":""phenomenological"",""p"":0.005}",
      9216,         0,         0,   0.054,pymatching,1938eb02fa174e4398af57ea22b7b299d6e80e0682a4886085d64e26cc5d8b28,"{""d"":9,""model"":""phenomenological"",""p"":0.005}",
      9216,         0,         0,   0.056,pymatching,f8b16c1db98fb154e268a37dcebc8c5eacbd03993daab091f051fc9a559c4e8e,"{""d"":9,""model"":""measurement"",""p"":0.01}",
      9216,         0,         0,   0.056,pymatching,f8b16c1db98fb154e268a37dcebc8c5eacbd03993daab091f051fc9a559c4e8e,"{""d"":9,""model"":""measurement"",""p"":0.01}",
      9216,         0,         0,   0.055,pymatching,f8b16c1db98fb154e268a37dcebc8c5eacbd03993daab091f051fc9a559c4e8e,"{""d"":9,""model"":""measurement"",""p"":0.01}",
      9216,         0,         0,   0.056,pymatching,f8b16c1db98fb154e268a37dcebc8c5eacbd03993daab091f051fc9a559c4e8e,"{""d"":9,""model"":""measurement"",""p"":0.01}",
     11264,         0,         0,   0.079,pymatching,1938eb02fa174e4398af57ea22b7b299d6e80e0682a4886085d64e26cc5d8b28,"{""d"":9,""model"":""phenomenological"",""p"":0.005}",
     11264,         0,         0,   0.078,pymatching,1938eb02fa174e4398af57ea22b7b299d6e80e0682a4886085d64e26cc5d8b28,"{""d"":9,""model"":""phenomenological"",""p"":0.005}",
     15360,         0,         0,   0.079,pymatching,f8b16c1db98fb154e268a37dcebc8c5eacbd03993daab091f051fc9a559c4e8e,"{""d"":9,""model"":""measurement"",""p"":0.01}",
     11264,         0,         0,   0.079,pymatching,1938eb02fa174e4398af57ea22b7b299d6e80e0682a4886085d64e26cc5d8b28,"{""d"":9,""model"":""phenomenological"",""p"":0.005}",
     13312,         0,         0,   0.078,pymatching,1938eb02fa174e4398af57ea22b7b299d6e80e0682a4886085d64e26cc5d8b28,"{""d"":9,""model"":""phenomenological"",""p"":0.005}",
     15360,         0,         0,   0.079,pymatching,f8b16c1db98fb154e268a37dcebc8c5eacbd03993daab091f051fc9a559c4e8e,"{""d"":9,""model"":""measurement"",""p"":0.01}",
     13312,         0,         0,   0.080,pymatching,f8b16c1db98fb154e268a37dcebc8c5eacbd03993daab091f051fc9a559c4e8e,"{""d"":9,""model"":""measurement"",""p"":0.01}",
     15360,         0,         0,   0.078,pymatching,f8b16c1db98fb154e268a37dcebc8c5eacbd03993daab091f051fc9a559c4e8e,"{""d"":9,""model"":""measurement"",""p"":0.01}",
     13312,         0,         0,   0.078,pymatching,1938eb02fa174e4398af57ea22b7b299d6e80e0682a4886085d64e26cc5d8b28,"{""d"":9,""model"":""phenomenological"",""p"":0.005}",
     11264,         0,         0,   0.081,pymatching,1938eb02fa174e4398af57ea22b7b299d6e80e0682a4886085d64e26cc5d8b28,"{""d"":9,""model"":""phenomenological"",""p"":0.005}",
     11264,         0,         0,   0.081,pymatching,1938eb02fa174e4398af57ea22b7b299d6e80e0682a4886085d64e26cc5d8b28,"{""d"":9,""model"":""phenomenological"",""p"":0.005}",
     12288,         0,         0,   0.075,pymatching,f8b16c1db98fb154e268a37dcebc8c5eacbd03993daab091f051fc9a559c4e8e,"{""d"":9,""model"":""measurement"",""p"":0.01}",
     13312,         0,         0,   0.078,pymatching,1938eb02fa174e4398af57ea22b7b299d6e80e0682a4886085d64e26cc5d8b28,"{""d"":9,""model"":""phenomenological"",""p"":0.005}",
     12288,         0,         0,   0.075,pymatching,f8b16c1db98fb154e268a37dcebc8c5eacbd03993daab091f051fc9a559c4e8e,"{""d"":9,""model"":""measurement"",""p"":0.01}",
     13312,         0,         0,   0.080,pymatching,f8b16c1db98fb154e268a37dcebc8c5eacbd03993daab091f051fc9a559c4e8e,"{""d"":9,""model"":""measurement"",""p"":0.01}",
     13312,         0,         0,   0.080,pymatching,f8b16c1db98fb154e268a37dcebc8c5eacbd03993daab091f051fc9a559c4e8e,"{""d"":9,""model"":""measurement"",""p"":0.01}",
     15360,         0,         0,   0.109,pymatching,1938eb02fa174e4398af57ea22b7b299d6e80e0682a4886085d64e26cc5d8b28,"{""d"":9,""model"":""phenomenological"",""p"":0.005}",
     20480,         1,         0,   0.105,pymatching,f8b16c1db98fb154e268a37dcebc8c5eacbd03993daab091f051fc9a559c4e8e,"{""d"":9,""model"":""measurement"",""p"":0.01}",
     15360,         0,         0,   0.108,pymatching,1938eb02fa174e4398af57ea22b7b299d6e80e0682a4886085d64e26cc5d8b28,"{""d"":9,""model"":""phenomenological"",""p"":0.005}",
     17408,         0,         0,   0.104,pymatching,f8b16c1db98fb154e268a37dcebc8c5eacbd03993daab091f051fc9a559c4e8e,"{""d"":9,""model"":""measurement"",""p"":0.01}",
     20480,         0,         0,   0.106,pymatching,f8b16c1db98fb154e268a37dcebc8c5eacbd03993daab091f051fc9a559c4e8e,"{""d"":9,""model"":""measurement"",""p"":0.01}",
     15360,         0,         0,   0.108,pymatching,1938eb02fa174e4398af57ea22b7b299d6e80e0682a4886085d64e26cc5d8b28,"{""d"":9,""model"":""phenomenological"",""p"":0.005}",
     18432,         0,         0,   0.108,pymatching,1938eb02fa174e4398af57ea22b7b299d6e80e0682a4886085d64e26cc5d8b28,"{""d"":9,""model"":""phenomenological"",""p"":0.005}",
     21504,         1,         0,   0.109,pymatching,f8b16c1db98fb154e268a37dcebc8c5eacbd03993daab091f051fc9a559c4e8e,"{""d"":9,""model"":""measurement"",""p"":0.01}",
     15360,         0,         0,   0.108,pymatching,1938eb02fa174e4398af57ea22b7b299d6e80e0682a4886085d64e26cc5d8b28,"{""d"":9,""model"":""phenomenological"",""p"":0.005}",
     17408,         0,         0,   0.105,pymatching,f8b16c1db98fb154e268a37dcebc8c5eacbd03993daab091f051fc9a559c4e8e,"{""d"":9,""model"":""measurement"",""p"":0.01}",
     18432,         0,         0,   0.109,pymatching,1938eb02fa174e4398af57ea22b7b299d6e80e0682a4886085d64e26cc5d8b28,"{""d"":9,""model"":""phenomenological"",""p"":0.005}",
     15360,         0,         0,   0.108,pymatching,1938eb02fa174e4398af57ea22b7b299d6e80e0682a4886085d64e26cc5d8b28,"{""d"":9,""model"":""phenomenological"",""p"":0.005}",
     17408,         0,         0,   0.105,pymatching,f8b16c1db98fb154e268a37dcebc8c5eacbd03993daab091f051fc9a559c4e8e,"{""d"":9,""model"":""measurement"",""p"":0.01}",
     18432,         0,         0,   0.108,pymatching,1938eb02fa174e4398af57ea22b7b299d6e80e0682a4886085d64e26cc5d8b28,"{""d"":9,""model"":""phenomenological"",""p"":0.005}",
     17408,         0,         0,   0.104,pymatching,f8b16c1db98fb154e268a37dcebc8c5eacbd03993daab091f051fc9a559c4e8e,"{""d"":9,""model"":""measurement"",""p"":0.01}",
     17408,         1,         0,   0.105,pymatching,f8b16c1db98fb154e268a37dcebc8c5eacbd03993daab091f051fc9a559c4e8e,"{""d"":9,""model"":""measurement"",""p"":0.01}",
     28672,         0,         0,   0.146,pymatching,f8b16c1db98fb154e268a37dcebc8c5eacbd03993daab091f051fc9a559c4e8e,"{""d"":9,""model"":""measurement"",""p"":0.01}",
     24576,         0,         0,   0.147,pymatching,f8b16c1db98fb154e268a37dcebc8c5eacbd03993daab091f051fc9a559c4e8e,"{""d"":9,""model"":""measurement"",""p"":0.01}",
     21504,         0,         0,   0.151,pymatching,1938eb02fa174e4398af57ea22b7b299d6e80e0682a4886085d64e26cc5d8b28,"{""d"":9,""model"":""phenomenological"",""p"":0.005}",
     21504,         0,         0,   0.150,pymatching,1938eb02fa174e4398af57ea22b7b299d6e80e0682a4886085d64e26cc5d8b28,"{""d"":9,""model"":""phenomenological"",""p"":0.005}",
     28672,         0,         0,   0.147,pymatching,f8b16c1db98fb154e268a37dcebc8c5eacbd03993daab091f051fc9a559c4e8e,"{""d"":9,""model"":""measurement"",""p"":0.01}",
     25600,         0,         0,   0.150,pymatching,1938eb02fa174e4398af57ea22b7b299d6e80e0682a4886085d64e26cc5d8b28,"{""d"":9,""model"":""phenomenological"",""p"":0.005}",
     21504,         0,         0,   0.152,pymatching,1938eb02fa174e4398af57ea22b7b299d6e80e0682a4886085d64e26cc5d8b28,"{""d"":9,""model"":""phenomenological"",""p"":0.005}",
     29696,         0,         0,   0.151,pymatching,f8b16c1db98fb154e268a37dcebc8c5eacbd03993daab091f051fc9a559c4e8e,"{""d"":9,""model"":""measurement"",""p"":0.01}",
     24576,         0,         0,   0.150,pymatching,f8b16c1db98fb154e268a37dcebc8c5eacbd03993daab091f051fc9a559c4e8e,"{""d"":9,""model"":""measurement"",""p"":0.01}",
     24576,         0,         0,   0.149,pymatching,f8b16c1db98fb154e268a37dcebc8c5eacbd03993daab091f051fc9a559c4e8e,"{""d"":9,""model"":""measurement"",""p"":0.01}",
     21504,         0,         0,   0.152,pymatching,1938eb02fa174e4398af57ea22b7b299d6e80e0682a4886085d64e26cc5d8b28,"{""d"":9,""model"":""phenomenological"",""p"":0.005}",
     25600,         0,         0,   0.149,pymatching,1938eb02fa174e4398af57ea22b7b299d6e80e0682a4886085d64e26cc5d8b28,"{""d"":9,""model"":""phenomenological"",""p"":0.005}",
     25600,         0,         0,   0.152,pymatching,1938eb02fa174e4398af57ea22b7b299d6e80e0682a4886085d64e26cc5d8b28,"{""d"":9,""model"":""phenomenological"",""p"":0.005}",
     21504,         0,         0,   0.151,pymatching,1938eb02fa174e4398af57ea22b7b299d6e80e0682a4886085d64e26cc5d8b28,"{""d"":9,""model"":""phenomenological"",""p"":0.005}",
     24576,         0,         0,   0.148,pymatching,f8b16c1db98fb154e268a37dcebc8c5eacbd03993daab091f051fc9a559c4e8e,"{""d"":9,""model"":""measurement"",""p"":0.01}",
     24576,         0,         0,   0.147,pymatching,f8b16c1db98fb154e268a37dcebc8c5eacbd03993daab091f051fc9a559c4e8e,"{""d"":9,""model"":""measurement"",""p"":0.01}",
     39936,         2,         0,   0.206,pymatching,f8b16c1db98fb154e268a37dcebc8c5eacbd03993daab091f051fc9a559c4e8e,"{""d"":9,""model"":""measurement"",""p"":0.01}",
     39936,         0,         0,   0.206,pymatching,f8b16c1db98fb154e268a37dcebc8c5eacbd03993daab091f051fc9a559c4e8e,"{""d"":9,""model"":""measurement"",""p"":0.01}",
     29696,         0,         0,   0.207,pymatching,1938eb02fa174e4398af57ea22b7b299d6e80e0682a4886085d64e26cc5d8b28,"{""d"":9,""model"":""phenomenological"",""p"":0.005}",
     34816,         0,         0,   0.209,pymatching,f8b16c1db98fb154e268a37dcebc8c5eacbd03993daab091f051fc9a559c4e8e,"{""d"":9,""model"":""measurement"",""p"":0.01}",
     29696,         0,         0,   0.210,pymatching,1938eb02fa174e4398af57ea22b7b299d6e80e0682a4886085d64e26cc5d8b28,"{""d"":9,""model"":""phenomenological"",""p"":0.005}",
     35840,         0,         0,   0.209,pymatching,1938eb02fa174e4398af57ea22b7b299d6e80e0682a4886085d64e26cc5d8b28,"{""d"":9,""model"":""phenomenological"",""p"":0.005}",
     33792,         0,         0,   0.205,pymatching,f8b16c1db98fb154e268a37dcebc8c5eacbd03993daab091f051fc9a559c4e8e,"{""d"":9,""model"":""measurement"",""p"":0.01}",
     29696,         0,         0,   0.209,pymatching,1938eb02fa174e4398af57ea22b7b299d6e80e0682a4886085d64e26cc5d8b28,"{""d"":9,""model"":""phenomenological"",""p"":0.005}",
     33792,         0,         0,   0.207,pymatching,f8b16c1db98fb154e268a37dcebc8c5eacbd03993daab091f051fc9a559c4e8e,"{""d"":9,""model"":""measurement"",""p"":0.01}",
     40960,         0,         0,   0.207,pymatching,f8b16c1db98fb154e268a37dcebc8c5eacbd03993daab091f051fc9a559c4e8e,"{""d"":9,""model"":""measurement"",""p"":0.01}",
     34816,         0,         0,   0.205,pymatching,1938eb02fa174e4398af57ea22b7b299d6e80e0682a4886085d64e26cc5d8b28,"{""d"":9,""model"":""phenomenological"",""p"":0.005}",
     35840,         0,         0,   0.209,pymatching,1938eb02fa174e4398af57ea22b7b299d6e80e0682a4886085d64e26cc5d8b28,"{""d"":9,""model"":""phenomenological"",""p"":0.005}",
     29696,         0,         0,   0.209,pymatching,1938eb02fa174e4398af57ea22b7b299d6e80e0682a4886085d64e26cc5d8b28,"{""d"":9,""model"":""phenomenological"",""p"":0.005}",
     29696,         0,         0,   0.210,pymatching,1938eb02fa174e4398af57ea22b7b299d6e80e0682a4886085d64e26cc5d8b28,"{""d"":9,""model"":""phenomenological"",""p"":0.005}",
     34816,         1,         0,   0.208,pymatching,f8b16c1db98fb154e268a37dcebc8c5eacbd03993daab091f051fc9a559c4e8e,"{""d"":9,""model"":""measurement"",""p"":0.01}",
     34816,         1,         0,   0.209,pymatching,f8b16c1db98fb154e268a37dcebc8c5eacbd03993daab091f051fc9a559c4e8e,"{""d"":9,""model"":""measurement"",""p"":0.01}",
   1134973,         8,         0,    6.79,pymatching,f8b16c1db98fb154e268a37dcebc8c5eacbd03993daab091f051fc9a559c4e8e,"{""d"":9,""model"":""measurement"",""p"":0.01}",
     56320,         0,         0,   0.288,pymatching,f8b16c1db98fb154e268a37dcebc8c5eacbd03993daab091f051fc9a559c4e8e,"{""d"":9,""model"":""measurement"",""p"":0.01}",
     41984,         0,         0,   0.288,pymatching,1938eb02fa174e4398af57ea22b7b299d6e80e0682a4886085d64e26cc5d8b28,"{""d"":9,""model"":""phenomenological"",""p"":0.005}",
     48128,         0,         0,   0.287,pymatching,f8b16c1db98fb154e268a37dcebc8c5eacbd03993daab091f051fc9a559c4e8e,"{""d"":9,""model"":""measurement"",""p"":0.01}",
     56320,         0,         0,   0.290,pymatching,f8b16c1db98fb154e268a37dcebc8c5eacbd03993daab091f051fc9a559c4e8e,"{""d"":9,""model"":""measurement"",""p"":0.01}",
     40960,         0,         0,   0.290,pymatching,1938eb02fa174e4398af57ea22b7b299d6e80e0682a4886085d64e26cc5d8b28,"{""d"":9,""model"":""phenomenological"",""p"":0.005}",
     47104,         0,         0,   0.287,pymatching,f8b16c1db98fb154e268a37dcebc8c5eacbd03993daab091f051fc9a559c4e8e,"{""d"":9,""model"":""measurement"",""p"":0.01}",
     40960,         0,         0,   0.290,pymatching,1938eb02fa174e4398af57ea22b7b299d6e80e0682a4886085d64e26cc5d8b28,"{""d"":9,""model"":""phenomenological"",""p"":0.005}",
     50176,         0,         0,   0.293,pymatching,1938eb02fa174e4398af57ea22b7b299d6e80e0682a4886085d64e26cc5d8b28,"{""d"":9,""model"":""phenomenological"",""p"":0.005}",
     57344,         0,         0,   0.290,pymatching,f8b16c1db98fb154e268a37dcebc8c5eacbd03993daab091f051fc9a559c4e8e,"{""d"":9,""model"":""measurement"",""p"":0.01}",
     49152,         0,         0,   0.290,pymatching,1938eb02fa174e4398af57ea22b7b299d6e80e0682a4886085d64e26cc5d8b28,"{""d"":9,""model"":""phenomenological"",""p"":0.005}",
     48128,         0,         0,   0.292,pymatching,f8b16c1db98fb154e268a37dcebc8c5eacbd03993daab091f051fc9a559c4e8e,"{""d"":9,""model"":""measurement"",""p"":0.01}",
     49152,         0,         0,   0.288,pymatching,1938eb02fa174e4398af57ea22b7b299d6e80e0682a4886085d64e26cc5d8b28,"{""d"":9,""model"":""phenomenological"",""p"":0.005}",
     40960,         0,         0,   0.289,pymatching,1938eb02fa174e4398af57ea22b7b299d6e80e0682a4886085d64e26cc5d8b28,"{""d"":9,""model"":""phenomenological"",""p"":0.005}",
     48128,         1,         0,   0.289,pymatching,f8b16c1db98fb154e268a37dcebc8c5eacbd03993daab091f051fc9a559c4e8e,"{""d"":9,""model"":""measurement"",""p"":0.01}",
     40960,         0,         0,   0.291,pymatching,1938eb02fa174e4398af57ea22b7b299d6e80e0682a4886085d64e26cc5d8b28,"{""d"":9,""model"":""phenomenological"",""p"":0.005}",
     48128,         1,         0,   0.288,pymatching,f8b16c1db98fb154e268a37dcebc8c5eacbd03993daab091f051fc9a559c4e8e,"{""d"":9,""model"":""measurement"",""p"":0.01}",
   1431552,         7,         0,    8.32,pymatching,1938eb02fa174e4398af57ea22b7b299d6e80e0682a4886085d64e26cc5d8b28,"{""d"":9,""model"":""phenomenological"",""p"":0.005}",
   1410048,         3,         0,    8.31,pymatching,1938eb02fa174e4398af57ea22b7b299d6e80e0682a4886085d64e26cc5d8b28,"{""d"":9,""model"":""phenomenological"",""p"":0.005}",
     78848,         0,         0,   0.403,pymatching,f8b16c1db98fb154e268a37dcebc8c5eacbd03993daab091f051fc9a559c4e8e,"{""d"":9,""model"":""measurement"",""p"":0.01}",
     58368,         1,         0,   0.407,pymatching,1938eb02fa174e4398af57ea22b7b299d6e80e0682a4886085d64e26cc5d8b28,"{""d"":9,""model"":""phenomenological"",""p"":0.005}",
     67584,         0,         0,   0.404,pymatching,f8b16c1db98fb154e268a37dcebc8c5eacbd03993daab091f051fc9a559c4e8e,"{""d"":9,""model"":""measurement"",""p"":0.01}",
     78848,         2,         0,   0.404,pymatching,f8b16c1db98fb154e268a37dcebc8c5eacbd03993daab091f051fc9a559c4e8e,"{""d"":9,""model"":""measurement"",""p"":0.01}",
     57344,         1,         0,   0.404,pymatching,1938eb02fa174e4398af57ea22b7b299d6e80e0682a4886085d64e26cc5d8b28,"{""d"":9,""model"":""phenomenological"",""p"":0.005}",
     66560,         0,         0,   0.406,pymatching,f8b16c1db98fb154e268a37dcebc8c5eacbd03993daab091f051fc9a559c4e8e,"{""d"":9,""model"":""measurement"",""p"":0.01}",
     68608,         0,         0,   0.403,pymatching,1938eb02fa174e4398af57ea22b7b299d6e80e0682a4886085d64e26cc5d8b28,"{""d"":9,""model"":""phenomenological"",""p"":0.005}",
     68608,         0,         0,   0.403,pymatching,1938eb02fa174e4398af57ea22b7b299d6e80e0682a4886085d64e26cc5d8b28,"{""d"":9,""model"":""phenomenological"",""p"":0.005}",
     79872,         1,         0,   0.404,pymatching,f8b16c1db98fb154e268a37dcebc8c5eacbd03993daab091f051fc9a559c4e8e,"{""d"":9,""model"":""measurement"",""p"":0.01}",
     57344,         1,         0,   0.406,pymatching,1938eb02fa174e4398af57ea22b7b299d6e80e0682a4886085d64e26cc5d8b28,"{""d"":9,""model"":""phenomenological"",""p"":0.005}",
     69632,         0,         0,   0.406,pymatching,1938eb02fa174e4398af57ea22b7b299d6e80e0682a4886085d64e26cc5d8b28,"{""d"":9,""model"":""phenomenological"",""p"":0.005}",
     66560,         1,         0,   0.405,pymatching,f8b16c1db98fb154e268a37dcebc8c5eacbd03993daab091f051fc9a559c4e8e,"{""d"":9,""model"":""measurement"",""p"":0.01}",
     57344,         0,         0,   0.406,pymatching,1938eb02fa174e4398af57ea22b7b299d6e80e0682a4886085d64e26cc5d8b28,"{""d"":9,""model"":""phenomenological"",""p"":0.005}",
     67584,         1,         0,   0.405,pymatching,f8b16c1db98fb154e268a37dcebc8c5eacbd03993daab091f051fc9a559c4e8e,"{""d"":9,""model"":""measurement"",""p"":0.01}",
     67584,         0,         0,   0.405,pymatching,f8b16c1db98fb154e268a37dcebc8c5eacbd03993daab091f051fc9a559c4e8e,"{""d"":9,""model"":""measurement"",""p"":0.01}",
     57344,         1,         0,   0.406,pymatching,1938eb02fa174e4398af57ea22b7b299d6e80e0682a4886085d64e26cc5d8b28,"{""d"":9,""model"":""phenomenological"",""p"":0.005}",
     56488,         1,         0,   0.329,pymatching,1938eb02fa174e4398af57ea22b7b299d6e80e0682a4886085d64e26cc5d8b28,"{""d"":9,""model"":""phenomenological"",""p"":0.005}",
    431104,         1,         0,    2.16,pymatching,f8b16c1db98fb154e268a37dcebc8c5eacbd03993daab091f051fc9a559c4e8e,"{""d"":9,""model"":""measurement"",""p"":0.01}",
    428032,         3,         0,    2.17,pymatching,f8b16c1db98fb154e268a37dcebc8c5eacbd03993daab091f051fc9a559c4e8e,"{""d"":9,""model"":""measurement"",""p"":0.01}",
    356352,         4,         0,    2.17,pymatching,f8b16c1db98fb154e268a37dcebc8c5eacbd03993daab091f051fc9a559c4e8e,"{""d"":9,""model"":""measurement"",""p"":0.01}",
    371712,         0,         0,    2.17,pymatching,1938eb02fa174e4398af57ea22b7b299d6e80e0682a4886085d64e26cc5d8b28,"{""d"":9,""model"":""phenomenological"",""p"":0.005}",
    312320,         0,         0,    2.17,pymatching,1938eb02fa174e4398af57ea22b7b299d6e80e0682a4886085d64e26cc5d8b28,"{""d"":9,""model"":""phenomenological"",""p"":0.005}",
    380928,         2,         0,    2.17,pymatching,1938eb02fa174e4398af57ea22b7b299d6e80e0682a4886085d64e26cc5d8b28,"{""d"":9,""model"":""phenomenological"",""p"":0.005}",
    359424,         4,         0,    2.17,pymatching,f8b16c1db98fb154e268a37dcebc8c5eacbd03993daab091f051fc9a559c4e8e,"{""d"":9,""model"":""measurement"",""p"":0.01}",
    367616,         0,         0,    2.17,pymatching,1938eb02fa174e4398af57ea22b7b299d6e80e0682a4886085d64e26cc5d8b28,"{""d"":9,""model"":""phenomenological"",""p"":0.005}",
    110592,         0,         0,   0.565,pymatching,f8b16c1db98fb154e268a37dcebc8c5eacbd03993daab091f051fc9a559c4e8e,"{""d"":9,""model"":""measurement"",""p"":0.01}",
     80896,         0,         0,   0.565,pymatching,1938eb02fa174e4398af57ea22b7b299d6e80e0682a4886085d64e26cc5d8b28,"{""d"":9,""model"":""phenomenological"",""p"":0.005}",
     94208,         1,         0,   0.565,pymatching,f8b16c1db98fb154e268a37dcebc8c5eacbd03993daab091f051fc9a559c4e8e,"{""d"":9,""model"":""measurement"",""p"":0.01}",
    109568,         0,         0,   0.565,pymatching,f8b16c1db98fb154e268a37dcebc8c5eacbd03993daab091f051fc9a559c4e8e,"{""d"":9,""model"":""measurement"",""p"":0.01}",
     79872,         0,         0,   0.564,pymatching,1938eb02fa174e4398af57ea22b7b299d6e80e0682a4886085d64e26cc5d8b28,"{""d"":9,""model"":""phenomenological"",""p"":0.005}",
     95232,         0,         0,   0.564,pymatching,1938eb02fa174e4398af57ea22b7b299d6e80e0682a4886085d64e26cc5d8b28,"{""d"":9,""model"":""phenomenological"",""p"":0.005}",
    111616,         0,         0,   0.564,pymatching,f8b16c1db98fb154e268a37dcebc8c5eacbd03993daab091f051fc9a559c4e8e,"{""d"":9,""model"":""measurement"",""p"":0.01}",
     79872,         2,         0,   0.565,pymatching,1938eb02fa174e4398af57ea22b7b299d6e80e0682a4886085d64e26cc5d8b28,"{""d"":9,""model"":""phenomenological"",""p"":0.005}",
     79872,         0,         0,   0.563,pymatching,1938eb02fa174e4398af57ea22b7b299d6e80e0682a4886085d64e26cc5d8b28,"{""d"":9,""model"":""phenomenological"",""p"":0.005}",
     97280,         0,         0,   0.565,pymatching,1938eb02fa174e4398af57ea22b7b299d6e80e0682a4886085d64e26cc5d8b28,"{""d"":9,""model"":""phenomenological"",""p"":0.005}",
     93184,         0,         0,   0.568,pymatching,f8b16c1db98fb154e268a37dcebc8c5eacbd03993daab091f051fc9a559c4e8e,"{""d"":9,""model"":""measurement"",""p"":0.01}",
     97280,         0,         0,   0.569,pymatching,1938eb02fa174e4398af57ea22b7b299d6e80e0682a4886085d64e26cc5d8b28,"{""d"":9,""model"":""phenomenological"",""p"":0.005}",
     93184,         2,         0,   0.566,pymatching,f8b16c1db98fb154e268a37dcebc8c5eacbd03993daab091f051fc9a559c4e8e,"{""d"":9,""model"":""measurement"",""p"":0.01}",
     94208,         0,         0,   0.565,pymatching,f8b16c1db98fb154e268a37dcebc8c5eacbd03993daab091f051fc9a559c4e8e,"{""d"":9,""model"":""measurement"",""p"":0.01}",
     79872,         1,         0,   0.565,pymatching,1938eb02fa174e4398af57ea22b7b299d6e80e0682a4886085d64e26cc5d8b28,"{""d"":9,""model"":""phenomenological"",""p"":0.005}",
     94208,         0,         0,   0.565,pymatching,f8b16c1db98fb154e268a37dcebc8c5eacbd03993daab091f051fc9a559c4e8e,"{""d"":9,""model"":""measurement"",""p"":0.01}",
    985874,         7,         0,    5.02,pymatching,f8b16c1db98fb154e268a37dcebc8c5eacbd03993daab091f051fc9a559c4e8e,"{""d"":9,""model"":""measurement"",""p"":0.01}",
    908288,         3,         0,    4.52,pymatching,f8b16c1db98fb154e268a37dcebc8c5eacbd03993daab091f051fc9a559c4e8e,"{""d"":9,""model"":""measurement"",""p"":0.01}",
    907264,         4,         0,    4.53,pymatching,f8b16c1db98fb154e268a37dcebc8c5eacbd03993daab091f051fc9a559c4e8e,"{""d"":9,""model"":""measurement"",""p"":0.01}",
    831488,         7,         0,    5.02,pymatching,f8b16c1db98fb154e268a37dcebc8c5eacbd03993daab091f051fc9a559c4e8e,"{""d"":9,""model"":""measurement"",""p"":0.01}",
    860160,         5,         0,    4.39,pymatching,f8b16c1db98fb154e268a37dcebc8c5eacbd03993daab091f051fc9a559c4e8e,"{""d"":9,""model"":""measurement"",""p"":0.01}",
    154624,         1,         0,   0.791,pymatching,f8b16c1db98fb154e268a37dcebc8c5eacbd03993daab091f051fc9a559c4e8e,"{""d"":9,""model"":""measurement"",""p"":0.01}",
    153600,         1,         0,   0.789,pymatching,f8b16c1db98fb154e268a37dcebc8c5eacbd03993daab091f051fc9a559c4e8e,"{""d"":9,""model"":""measurement"",""p"":0.01}",
    111616,         0,         0,   0.790,pymatching,1938eb02fa174e4398af57ea22b7b299d6e80e0682a4886085d64e26cc5d8b28,"{""d"":9,""model"":""phenomenological"",""p"":0.005}",
    132096,         1,         0,   0.793,pymatching,f8b16c1db98fb154e268a37dcebc8c5eacbd03993daab091f051fc9a559c4e8e,"{""d"":9,""model"":""measurement"",""p"":0.01}",
    113664,         0,         0,   0.795,pymatching,1938eb02fa174e4398af57ea22b7b299d6e80e0682a4886085d64e26cc5d8b28,"{""d"":9,""model"":""phenomenological"",""p"":0.005}",
    134144,         0,         0,   0.790,pymatching,1938eb02fa174e4398af57ea22b7b299d6e80e0682a4886085d64e26cc5d8b28,"{""d"":9,""model"":""phenomenological"",""p"":0.005}",
    155648,         1,         0,   0.788,pymatching,f8b16c1db98fb154e268a37dcebc8c5eacbd03993daab091f051fc9a559c4e8e,"{""d"":9,""model"":""measurement"",""p"":0.01}",
    135168,         0,         0,   0.789,pymatching,1938eb02fa174e4398af57ea22b7b299d6e80e0682a4886085d64e26cc5d8b28,"{""d"":9,""model"":""phenomenological"",""p"":0.005}",
    111616,         0,         0,   0.791,pymatching,1938eb02fa174e4398af57ea22b7b299d6e80e0682a4886085d64e26cc5d8b28,"{""d"":9,""model"":""phenomenological"",""p"":0.005}",
    111616,         0,         0,   0.791,pymatching,1938eb02fa174e4398af57ea22b7b299d6e80e0682a4886085d64e26cc5d8b28,"{""d"":9,""model"":""phenomenological"",""p"":0.005}",
    130048,         0,         0,   0.790,pymatching,f8b16c1db98fb154e268a37dcebc8c5eacbd03993daab091f051fc9a559c4e8e,"{""d"":9,""model"":""measurement"",""p"":0.01}",
    130048,         2,         0,   0.793,pymatching,f8b16c1db98fb154e268a37dcebc8c5eacbd03993daab091f051fc9a559c4e8e,"{""d"":9,""model"":""measurement"",""p"":0.01}",
    136192,         0,         0,   0.794,pymatching,1938eb02fa174e4398af57ea22b7b299d6e80e0682a4886085d64e26cc5d8b28,"{""d"":9,""model"":""phenomenological"",""p"":0.005}",
    132096,         0,         0,   0.792,pymatching,f8b16c1db98fb154e268a37dcebc8c5eacbd03993daab091f051fc9a559c4e8e,"{""d"":9,""model"":""measurement"",""p"":0.01}",
    111616,         0,         0,   0.792,pymatching,1938eb02fa174e4398af57ea22b7b299d6e80e0682a4886085d64e26cc5d8b28,"{""d"":9,""model"":""phenomenological"",""p"":0.005}",
    132096,         0,         0,   0.793,pymatching,f8b16c1db98fb154e268a37dcebc8c5eacbd03993daab091f051fc9a559c4e8e,"{""d"":9,""model"":""measurement"",""p"":0.01}",
    804849,         1,         0,    4.87,pymatching,f8b16c1db98fb154e268a37dcebc8c5eacbd03993daab091f051fc9a559c4e8e,"{""d"":9,""model"":""measurement"",""p"":0.01}",
    670720,         6,         0,    3.98,pymatching,f8b16c1db98fb154e268a37dcebc8c5eacbd03993daab091f051fc9a559c4e8e,"{""d"":9,""model"":""measurement"",""p"":0.01}",
    766976,         5,         0,    4.66,pymatching,f8b16c1db98fb154e268a37dcebc8c5eacbd03993daab091f051fc9a559c4e8e,"{""d"":9,""model"":""measurement"",""p"":0.01}",
    794624,         5,         0,    4.85,pymatching,f8b16c1db98fb154e268a37dcebc8c5eacbd03993daab091f051fc9a559c4e8e,"{""d"":9,""model"":""measurement"",""p"":0.01}",
    659456,         5,         0,    3.97,pymatching,f8b16c1db98fb154e268a37dcebc8c5eacbd03993daab091f051fc9a559c4e8e,"{""d"":9,""model"":""measurement"",""p"":0.01}",
    578503,         4,         0,    2.91,pymatching,f8b16c1db98fb154e268a37dcebc8c5eacbd03993daab091f051fc9a559c4e8e,"{""d"":9,""model"":""measurement"",""p"":0.01}",
   1295088,         5,         0,    9.01,pymatching,1938eb02fa174e4398af57ea22b7b299d6e80e0682a4886085d64e26cc5d8b28,"{""d"":9,""model"":""phenomenological"",""p"":0.005}",
    433908,         2,         0,    2.62,pymatching,f8b16c1db98fb154e268a37dcebc8c5eacbd03993daab091f051fc9a559c4e8e,"{""d"":9,""model"":""measurement"",""p"":0.01}",
    846848,         7,         0,    5.94,pymatching,1938eb02fa174e4398af57ea22b7b299d6e80e0682a4886085d64e26cc5d8b28,"{""d"":9,""model"":""phenomenological"",""p"":0.005}",
    851968,         0,         0,    5.94,pymatching,1938eb02fa174e4398af57ea22b7b299d6e80e0682a4886085d64e26cc5d8b28,"{""d"":9,""model"":""phenomenological"",""p"":0.005}",
    415829,         2,         0,    2.09,pymatching,f8b16c1db98fb154e268a37dcebc8c5eacbd03993daab091f051fc9a559c4e8e,"{""d"":9,""model"":""measurement"",""p"":0.01}",
    409600,         1,         0,    2.08,pymatching,f8b16c1db98fb154e268a37dcebc8c5eacbd03993daab091f051fc9a559c4e8e,"{""d"":9,""model"":""measurement"",""p"":0.01}",
    217088,         0,         0,    1.11,pymatching,f8b16c1db98fb154e268a37dcebc8c5eacbd03993daab091f051fc9a559c4e8e,"{""d"":9,""model"":""measurement"",""p"":0.01}",
    215040,         3,         0,    1.11,pymatching,f8b16c1db98fb154e268a37dcebc8c5eacbd03993daab091f051fc9a559c4e8e,"{""d"":9,""model"":""measurement"",""p"":0.01}",
    183296,         0,         0,    1.10,pymatching,f8b16c1db98fb154e268a37dcebc8c5eacbd03993daab091f051fc9a559c4e8e,"{""d"":9,""model"":""measurement"",""p"":0.01}",
    156672,         0,         0,    1.11,pymatching,1938eb02fa174e4398af57ea22b7b299d6e80e0682a4886085d64e26cc5d8b28,"{""d"":9,""model"":""phenomenological"",""p"":0.005}",
    218112,         1,         0,    1.10,pymatching,f8b16c1db98fb154e268a37dcebc8c5eacbd03993daab091f051fc9a559c4e8e,"{""d"":9,""model"":""measurement"",""p"":0.01}",
    184320,         0,         0,    1.11,pymatching,1938eb02fa174e4398af57ea22b7b299d6e80e0682a4886085d64e26cc5d8b28,"{""d"":9,""model"":""phenomenological"",""p"":0.005}",
    159744,         0,         0,    1.11,pymatching,1938eb02fa174e4398af57ea22b7b299d6e80e0682a4886085d64e26cc5d8b28,"{""d"":9,""model"":""phenomenological"",""p"":0.005}",
    181248,         0,         0,    1.10,pymatching,f8b16c1db98fb154e268a37dcebc8c5eacbd03993daab091f051fc9a559c4e8e,"{""d"":9,""model"":""measurement"",""p"":0.01}",
    156672,         2,         0,    1.11,pymatching,1938eb02fa174e4398af57ea22b7b299d6e80e0682a4886085d64e26cc5d8b28,"{""d"":9,""model"":""phenomenological"",""p"":0.005}",
    189440,         2,         0,    1.11,pymatching,1938eb02fa174e4398af57ea22b7b299d6e80e0682a4886085d64e26cc5d8b28,"{""d"":9,""model"":""phenomenological"",""p"":0.005}",
    189440,         1,         0,    1.11,pymatching,1938eb02fa174e4398af57ea22b7b299d6e80e0682a4886085d64e26cc5d8b28,"{""d"":9,""model"":""phenomenological"",""p"":0.005}",
    156672,         0,         0,    1.11,pymatching,1938eb02fa174e4398af57ea22b7b299d6e80e0682a4886085d64e26cc5d8b28,"{""d"":9,""model"":""phenomenological"",""p"":0.005}",
    184320,         2,         0,    1.11,pymatching,f8b16c1db98fb154e268a37dcebc8c5eacbd03993daab091f051fc9a559c4e8e,"{""d"":9,""model"":""measurement"",""p"":0.01}",
    181248,         4,         0,    1.11,pymatching,f8b16c1db98fb154e268a37dcebc8c5eacbd03993daab091f051fc9a559c4e8e,"{""d"":9,""model"":""measurement"",""p"":0.01}",
    183296,         1,         0,    1.10,pymatching,f8b16c1db98fb154e268a37dcebc8c5eacbd03993daab091f051fc9a559c4e8e,"{""d"":9,""model"":""measurement"",""p"":0.01}",
    156672,         0,         0,    1.11,pymatching,1938eb02fa174e4398af57ea22b7b299d6e80e0682a4886085d64e26cc5d8b28,"{""d"":9,""model"":""phenomenological"",""p"":0.005}",
    398503,         2,         0,    2.40,pymatching,f8b16c1db98fb154e268a37dcebc8c5eacbd03993daab091f051fc9a559c4e8e,"{""d"":9,""model"":""measurement"",""p"":0.01}",
    300032,         3,         0,    1.52,pymatching,f8b16c1db98fb154e268a37dcebc8c5eacbd03993daab091f051fc9a559c4e8e,"{""d"":9,""model"":""measurement"",""p"":0.01}",
    301056,         2,         0,    1.52,pymatching,f8b16c1db98fb154e268a37dcebc8c5eacbd03993daab091f051fc9a559c4e8e,"{""d"":9,""model"":""measurement"",""p"":0.01}",
    397312,         1,         0,    2.42,pymatching,f8b16c1db98fb154e268a37dcebc8c5eacbd03993daab091f051fc9a559c4e8e,"{""d"":9,""model"":""measurement"",""p"":0.01}",
    299680,         1,         0,    1.53,pymatching,f8b16c1db98fb154e268a37dcebc8c5eacbd03993daab091f051fc9a559c4e8e,"{""d"":9,""model"":""measurement"",""p"":0.01}",
    299680,         3,         0,    1.53,pymatching,f8b16c1db98fb154e268a37dcebc8c5eacbd03993daab091f051fc9a559c4e8e,"{""d"":9,""model"":""measurement"",""p"":0.01}",
    254976,         2,         0,    1.54,pymatching,f8b16c1db98fb154e268a37dcebc8c5eacbd03993daab091f051fc9a559c4e8e,"{""d"":9,""model"":""measurement"",""p"":0.01}",
    233106,         1,         0,    1.17,pymatching,f8b16c1db98fb154e268a37dcebc8c5eacbd03993daab091f051fc9a559c4e8e,"{""d"":9,""model"":""measurement"",""p"":0.01}",
    212770,         0,         0,    1.28,pymatching,f8b16c1db98fb154e268a37dcebc8c5eacbd03993daab091f051fc9a559c4e8e,"{""d"":9,""model"":""measurement"",""p"":0.01}",
    208896,         1,         0,    1.27,pymatching,f8b16c1db98fb154e268a37dcebc8c5eacbd03993daab091f051fc9a559c4e8e,"{""d"":9,""model"":""measurement"",""p"":0.01}",
    208896,         3,         0,    1.27,pymatching,f8b16c1db98fb154e268a37dcebc8c5eacbd03993daab091f051fc9a559c4e8e,"{""d"":9,""model"":""measurement"",""p"":0.01}",
    210944,         1,         0,    1.28,pymatching,f8b16c1db98fb154e268a37dcebc8c5eacbd03993daab091f051fc9a559c4e8e,"{""d"":9,""model"":""measurement"",""p"":0.01}",
    207872,         2,         0,    1.27,pymatching,f8b16c1db98fb154e268a37dcebc8c5eacbd03993daab091f051fc9a559c4e8e,"{""d"":9,""model"":""measurement"",""p"":0.01}",
     22630,         0,         0,   0.138,pymatching,f8b16c1db98fb154e268a37dcebc8c5eacbd03993daab091f051fc9a559c4e8e,"{""d"":9,""model"":""measurement"",""p"":0.01}",
    168103,         1,         0,    1.02,pymatching,f8b16c1db98fb154e268a37dcebc8c5eacbd03993daab091f051fc9a559c4e8e,"{""d"":9,""model"":""measurement"",""p"":0.01}",
   1112444,         0,         0,    6.50,pymatching,1938eb02fa174e4398af57ea22b7b299d6e80e0682a4886085d64e26cc5d8b28,"{""d"":9,""model"":""phenomenological"",""p"":0.005}",
    945152,         3,         0,    5.59,pymatching,1938eb02fa174e4398af57ea22b7b299d6e80e0682a4886085d64e26cc5d8b28,"{""d"":9,""model"":""phenomenological"",""p"":0.005}",
   1111040,         3,         0,    6.50,pymatching,1938eb02fa174e4398af57ea22b7b299d6e80e0682a4886085d64e26cc5d8b28,"{""d"":9,""model"":""phenomenological"",""p"":0.005}",
   1101824,         4,         0,    6.48,pymatching,1938eb02fa174e4398af57ea22b7b299d6e80e0682a4886085d64e26cc5d8b28,"{""d"":9,""model"":""phenomenological"",""p"":0.005}",
   1105920,         2,         0,    6.49,pymatching,1938eb02fa174e4398af57ea22b7b299d6e80e0682a4886085d64e26cc5d8b28,"{""d"":9,""model"":""phenomenological"",""p"":0.005}",
    954368,         4,         0,    5.60,pymatching,1938eb02fa174e4398af57ea22b7b299d6e80e0682a4886085d64e26cc5d8b28,"{""d"":9,""model"":""phenomenological"",""p"":0.005}",
    161098,         3,         0,   0.812,pymatching,f8b16c1db98fb154e268a37dcebc8c5eacbd03993daab091f051fc9a559c4e8e,"{""d"":9,""model"":""measurement"",""p"":0.01}",
    159744,         1,         0,   0.811,pymatching,f8b16c1db98fb154e268a37dcebc8c5eacbd03993daab091f051fc9a559c4e8e,"{""d"":9,""model"":""measurement"",""p"":0.01}",
    520192,         1,         0,    3.03,pymatching,1938eb02fa174e4398af57ea22b7b299d6e80e0682a4886085d64e26cc5d8b28,"{""d"":9,""model"":""phenomenological"",""p"":0.005}",
    520192,         2,         0,    3.03,pymatching,1938eb02fa174e4398af57ea22b7b299d6e80e0682a4886085d64e26cc5d8b28,"{""d"":9,""model"":""phenomenological"",""p"":0.005}",
    435200,         4,         0,    3.04,pymatching,1938eb02fa174e4398af57ea22b7b299d6e80e0682a4886085d64e26cc5d8b28,"{""d"":9,""model"":""phenomenological"",""p"":0.005}",
    514048,         0,         0,    3.03,pymatching,1938eb02fa174e4398af57ea22b7b299d6e80e0682a4886085d64e26cc5d8b28,"{""d"":9,""model"":""phenomenological"",""p"":0.005}",
    154386,         2,         0,   0.790,pymatching,f8b16c1db98fb154e268a37dcebc8c5eacbd03993daab091f051fc9a559c4e8e,"{""d"":9,""model"":""measurement"",""p"":0.01}",
    154386,         0,         0,   0.781,pymatching,f8b16c1db98fb154e268a37dcebc8c5eacbd03993daab091f051fc9a559c4e8e,"{""d"":9,""model"":""measurement"",""p"":0.01}",
    153600,         0,         0,   0.792,pymatching,f8b16c1db98fb154e268a37dcebc8c5eacbd03993daab091f051fc9a559c4e8e,"{""d"":9,""model"":""measurement"",""p"":0.01}",
    141297,         0,         0,   0.712,pymatching,f8b16c1db98fb154e268a37dcebc8c5eacbd03993daab091f051fc9a559c4e8e,"{""d"":9,""model"":""measurement"",""p"":0.01}",
    134864,         0,         0,   0.682,pymatching,f8b16c1db98fb154e268a37dcebc8c5eacbd03993daab091f051fc9a559c4e8e,"{""d"":9,""model"":""measurement"",""p"":0.01}",
    141297,         1,         0,   0.715,pymatching,f8b16c1db98fb154e268a37dcebc8c5eacbd03993daab091f051fc9a559c4e8e,"{""d"":9,""model"":""measurement"",""p"":0.01}",
    133120,         1,         0,   0.805,pymatching,f8b16c1db98fb154e268a37dcebc8c5eacbd03993daab091f051fc9a559c4e8e,"{""d"":9,""model"":""measurement"",""p"":0.01}",
    135168,         0,         0,   0.685,pymatching,f8b16c1db98fb154e268a37dcebc8c5eacbd03993daab091f051fc9a559c4e8e,"{""d"":9,""model"":""measurement"",""p"":0.01}",
    135168,         0,         0,   0.808,pymatching,f8b16c1db98fb154e268a37dcebc8c5eacbd03993daab091f051fc9a559c4e8e,"{""d"":9,""model"":""measurement"",""p"":0.01}",
    132096,         0,         0,   0.808,pymatching,f8b16c1db98fb154e268a37dcebc8c5eacbd03993daab091f051fc9a559c4e8e,"{""d"":9,""model"":""measurement"",""p"":0.01}",
    134144,         2,         0,   0.814,pymatching,f8b16c1db98fb154e268a37dcebc8c5eacbd03993daab091f051fc9a559c4e8e,"{""d"":9,""model"":""measurement"",""p"":0.01}",
    137216,         2,         0,   0.826,pymatching,f8b16c1db98fb154e268a37dcebc8c5eacbd03993daab091f051fc9a559c4e8e,"{""d"":9,""model"":""measurement"",""p"":0.01}",
    122577,         1,         0,   0.610,pymatching,f8b16c1db98fb154e268a37dcebc8c5eacbd03993daab091f051fc9a559c4e8e,"{""d"":9,""model"":""measurement"",""p"":0.01}",
     95232,         2,         0,   0.579,pymatching,f8b16c1db98fb154e268a37dcebc8c5eacbd03993daab091f051fc9a559c4e8e,"{""d"":9,""model"":""measurement"",""p"":0.01}",
     97280,         1,         0,   0.585,pymatching,f8b16c1db98fb154e268a37dcebc8c5eacbd03993daab091f051fc9a559c4e8e,"{""d"":9,""model"":""measurement"",""p"":0.01}",
     96256,         1,         0,   0.584,pymatching,f8b16c1db98fb154e268a37dcebc8c5eacbd03993daab091f051fc9a559c4e8e,"{""d"":9,""model"":""measurement"",""p"":0.01}",
     98304,         0,         0,   0.591,pymatching,f8b16c1db98fb154e268a37dcebc8c5eacbd03993daab091f051fc9a559c4e8e,"{""d"":9,""model"":""measurement"",""p"":0.01}",
    119808,         2,         0,   0.732,pymatching,f8b16c1db98fb154e268a37dcebc8c5eacbd03993daab091f051fc9a559c4e8e,"{""d"":9,""model"":""measurement"",""p"":0.01}",
     72342,         0,         0,   0.443,pymatching,f8b16c1db98fb154e268a37dcebc8c5eacbd03993daab091f051fc9a559c4e8e,"{""d"":9,""model"":""measurement"",""p"":0.01}",
    117760,         1,         0,   0.712,pymatching,f8b16c1db98fb154e268a37dcebc8c5eacbd03993daab091f051fc9a559c4e8e,"{""d"":9,""model"":""measurement"",""p"":0.01}",
    119808,         0,         0,   0.728,pymatching,f8b16c1db98fb154e268a37dcebc8c5eacbd03993daab091f051fc9a559c4e8e,"{""d"":9,""model"":""measurement"",""p"":0.01}",
     50176,         1,         0,   0.250,pymatching,f8b16c1db98fb154e268a37dcebc8c5eacbd03993daab091f051fc9a559c4e8e,"{""d"":9,""model"":""measurement"",""p"":0.01}",
     51200,         0,         0,   0.260,pymatching,f8b16c1db98fb154e268a37dcebc8c5eacbd03993daab091f051fc9a559c4e8e,"{""d"":9,""model"":""measurement"",""p"":0.01}",
     50176,         0,         0,   0.305,pymatching,f8b16c1db98fb154e268a37dcebc8c5eacbd03993daab091f051fc9a559c4e8e,"{""d"":9,""model"":""measurement"",""p"":0.01}",
    939073,         4,         0,    6.58,pymatching,1938eb02fa174e4398af57ea22b7b299d6e80e0682a4886085d64e26cc5d8b28,"{""d"":9,""model"":""phenomenological"",""p"":0.005}",
    610304,         2,         0,    3.60,pymatching,1938eb02fa174e4398af57ea22b7b299d6e80e0682a4886085d64e26cc5d8b28,"{""d"":9,""model"":""phenomenological"",""p"":0.005}",
     15951,         0,         0,   0.097,pymatching,f8b16c1db98fb154e268a37dcebc8c5eacbd03993daab091f051fc9a559c4e8e,"{""d"":9,""model"":""measurement"",""p"":0.01}",
     31329,         1,         0,   0.158,pymatching,f8b16c1db98fb154e268a37dcebc8c5eacbd03993daab091f051fc9a559c4e8e,"{""d"":9,""model"":""measurement"",""p"":0.01}",
     31329,         0,         0,   0.160,pymatching,f8b16c1db98fb154e268a37dcebc8c5eacbd03993daab091f051fc9a559c4e8e,"{""d"":9,""model"":""measurement"",""p"":0.01}",
     30720,         1,         0,   0.158,pymatching,f8b16c1db98fb154e268a37dcebc8c5eacbd03993daab091f051fc9a559c4e8e,"{""d"":9,""model"":""measurement"",""p"":0.01}",
     28719,         0,         0,   0.148,pymatching,f8b16c1db98fb154e268a37dcebc8c5eacbd03993daab091f051fc9a559c4e8e,"{""d"":9,""model"":""measurement"",""p"":0.01}",
     28672,         0,         0,   0.145,pymatching,f8b16c1db98fb154e268a37dcebc8c5eacbd03993daab091f051fc9a559c4e8e,"{""d"":9,""model"":""measurement"",""p"":0.01}",
     28672,         0,         0,   0.145,pymatching,f8b16c1db98fb154e268a37dcebc8c5eacbd03993daab091f051fc9a559c4e8e,"{""d"":9,""model"":""measurement"",""p"":0.01}",
     28672,         0,         0,   0.146,pymatching,f8b16c1db98fb154e268a37dcebc8c5eacbd03993daab091f051fc9a559c4e8e,"{""d"":9,""model"":""measurement"",""p"":0.01}",
     26624,         1,         0,   0.155,pymatching,f8b16c1db98fb154e268a37dcebc8c5eacbd03993daab091f051fc9a559c4e8e,"{""d"":9,""model"":""measurement"",""p"":0.01}",
     26624,         0,         0,   0.131,pymatching,f8b16c1db98fb154e268a37dcebc8c5eacbd03993daab091f051fc9a559c4e8e,"{""d"":9,""model"":""measurement"",""p"":0.01}",
     26242,         0,         0,   0.148,pymatching,f8b16c1db98fb154e268a37dcebc8c5eacbd03993daab091f051fc9a559c4e8e,"{""d"":9,""model"":""measurement"",""p"":0.01}",
     21504,         0,         0,   0.130,pymatching,f8b16c1db98fb154e268a37dcebc8c5eacbd03993daab091f051fc9a559c4e8e,"{""d"":9,""model"":""measurement"",""p"":0.01}",
     26242,         0,         0,   0.130,pymatching,f8b16c1db98fb154e268a37dcebc8c5eacbd03993daab091f051fc9a559c4e8e,"{""d"":9,""model"":""measurement"",""p"":0.01}",
     26242,         0,         0,   0.159,pymatching,f8b16c1db98fb154e268a37dcebc8c5eacbd03993daab091f051fc9a559c4e8e,"{""d"":9,""model"":""measurement"",""p"":0.01}",
     21504,         0,         0,   0.131,pymatching,f8b16c1db98fb154e268a37dcebc8c5eacbd03993daab091f051fc9a559c4e8e,"{""d"":9,""model"":""measurement"",""p"":0.01}",
     22528,         0,         0,   0.138,pymatching,f8b16c1db98fb154e268a37dcebc8c5eacbd03993daab091f051fc9a559c4e8e,"{""d"":9,""model"":""measurement"",""p"":0.01}",
     24576,         0,         0,   0.148,pymatching,f8b16c1db98fb154e268a37dcebc8c5eacbd03993daab091f051fc9a559c4e8e,"{""d"":9,""model"":""measurement"",""p"":0.01}",
     24576,         0,         0,   0.151,pymatching,f8b16c1db98fb154e268a37dcebc8c5eacbd03993daab091f051fc9a559c4e8e,"{""d"":9,""model"":""measurement"",""p"":0.01}",
     25600,         0,         0,   0.130,pymatching,f8b16c1db98fb154e268a37dcebc8c5eacbd03993daab091f051fc9a559c4e8e,"{""d"":9,""model"":""measurement"",""p"":0.01}",
     21504,         0,         0,   0.134,pymatching,f8b16c1db98fb154e268a37dcebc8c5eacbd03993daab091f051fc9a559c4e8e,"{""d"":9,""model"":""measurement"",""p"":0.01}",
     21504,         0,         0,   0.134,pymatching,f8b16c1db98fb154e268a37dcebc8c5eacbd03993daab091f051fc9a559c4e8e,"{""d"":9,""model"":""measurement"",""p"":0.01}",
     24576,         1,         0,   0.146,pymatching,f8b16c1db98fb154e268a37dcebc8c5eacbd03993daab091f051fc9a559c4e8e,"{""d"":9,""model"":""measurement"",""p"":0.01}",
     25600,         0,         0,   0.150,pymatching,f8b16c1db98fb154e268a37dcebc8c5eacbd03993daab091f051fc9a559c4e8e,"{""d"":9,""model"":""measurement"",""p"":0.01}",
     22528,         1,         0,   0.139,pymatching,f8b16c1db98fb154e268a37dcebc8c5eacbd03993daab091f051fc9a559c4e8e,"{""d"":9,""model"":""measurement"",""p"":0.01}",
      1666,         0,         0,   0.010,pymatching,f8b16c1db98fb154e268a37dcebc8c5eacbd03993daab091f051fc9a559c4e8e,"{""d"":9,""model"":""measurement"",""p"":0.01}",
      1666,         0,         0,   0.010,pymatching,f8b16c1db98fb154e268a37dcebc8c5eacbd03993daab091f051fc9a559c4e8e,"{""d"":9,""model"":""measurement"",""p"":0.01}",
      8192,         0,         0,   0.041,pymatching,f8b16c1db98fb154e268a37dcebc8c5eacbd03993daab091f051fc9a559c4e8e,"{""d"":9,""model"":""measurement"",""p"":0.01}",
      1666,         0,         0,   0.010,pymatching,f8b16c1db98fb154e268a37dcebc8c5eacbd03993daab091f051fc9a559c4e8e,"{""d"":9,""model"":""measurement"",""p"":0.01}",
      1989,         0,         0,   0.012,pymatching,f8b16c1db98fb154e268a37dcebc8c5eacbd03993daab091f051fc9a559c4e8e,"{""d"":9,""model"":""measurement"",""p"":0.01}",
      8192,         0,         0,   0.042,pymatching,f8b16c1db98fb154e268a37dcebc8c5eacbd03993daab091f051fc9a559c4e8e,"{""d"":9,""model"":""measurement"",""p"":0.01}",
      9216,         0,         0,   0.050,pymatching,f8b16c1db98fb154e268a37dcebc8c5eacbd03993daab091f051fc9a559c4e8e,"{""d"":9,""model"":""measurement"",""p"":0.01}",
      6144,         0,         0,   0.030,pymatching,f8b16c1db98fb154e268a37dcebc8c5eacbd03993daab091f051fc9a559c4e8e,"{""d"":9,""model"":""measurement"",""p"":0.01}",
       115,         0,         0,   0.001,pymatching,f8b16c1db98fb154e268a37dcebc8c5eacbd03993daab091f051fc9a559c4e8e,"{""d"":9,""model"":""measurement"",""p"":0.01}",
      8192,         0,         0,   0.042,pymatching,f8b16c1db98fb154e268a37dcebc8c5eacbd03993daab091f051fc9a559c4e8e,"{""d"":9,""model"":""measurement"",""p"":0.01}",
      6423,         0,         0,   0.032,pymatching,f8b16c1db98fb154e268a37dcebc8c5eacbd03993daab091f051fc9a559c4e8e,"{""d"":9,""model"":""measurement"",""p"":0.01}",
      4738,         0,         0,   0.028,pymatching,f8b16c1db98fb154e268a37dcebc8c5eacbd03993daab091f051fc9a559c4e8e,"{""d"":9,""model"":""measurement"",""p"":0.01}",
        73,         0,         0,   0.001,pymatching,f8b16c1db98fb154e268a37dcebc8c5eacbd03993daab091f051fc9a559c4e8e,"{""d"":9,""model"":""measurement"",""p"":0.01}",
      6144,         0,         0,   0.031,pymatching,f8b16c1db98fb154e268a37dcebc8c5eacbd03993daab091f051fc9a559c4e8e,"{""d"":9,""model"":""measurement"",""p"":0.01}",
      4265,         1,         0,   0.020,pymatching,f8b16c1db98fb154e268a37dcebc8c5eacbd03993daab091f051fc9a559c4e8e,"{""d"":9,""model"":""measurement"",""p"":0.01}",
      6144,         0,         0,   0.027,pymatching,f8b16c1db98fb154e268a37dcebc8c5eacbd03993daab091f051fc9a559c4e8e,"{""d"":9,""model"":""measurement"",""p"":0.01}",
      4265,         0,         0,   0.022,pymatching,f8b16c1db98fb154e268a37dcebc8c5eacbd03993daab091f051fc9a559c4e8e,"{""d"":9,""model"":""measurement"",""p"":0.01}",
      5860,         0,         0,   0.030,pymatching,f8b16c1db98fb154e268a37dcebc8c5eacbd03993daab091f051fc9a559c4e8e,"{""d"":9,""model"":""measurement"",""p"":0.01}",
      4096,         0,         0,   0.021,pymatching,f8b16c1db98fb154e268a37dcebc8c5eacbd03993daab091f051fc9a559c4e8e,"{""d"":9,""model"":""measurement"",""p"":0.01}",
      2970,         0,         0,   0.018,pymatching,f8b16c1db98fb154e268a37dcebc8c5eacbd03993daab091f051fc9a559c4e8e,"{""d"":9,""model"":""measurement"",""p"":0.01}",
      5943,         0,         0,   0.030,pymatching,f8b16c1db98fb154e268a37dcebc8c5eacbd03993daab091f051fc9a559c4e8e,"{""d"":9,""model"":""measurement"",""p"":0.01}",
      3714,         0,         0,   0.023,pymatching,f8b16c1db98fb154e268a37dcebc8c5eacbd03993daab091f051fc9a559c4e8e,"{""d"":9,""model"":""measurement"",""p"":0.01}",
      4265,         0,         0,   0.026,pymatching,f8b16c1db98fb154e268a37dcebc8c5eacbd03993daab091f051fc9a559c4e8e,"{""d"":9,""model"":""measurement"",""p"":0.01}",
      2134,         0,         0,   0.009,pymatching,f8b16c1db98fb154e268a37dcebc8c5eacbd03993daab091f051fc9a559c4e8e,"{""d"":9,""model"":""measurement"",""p"":0.01}",
      3631,         0,         0,   0.021,pymatching,f8b16c1db98fb154e268a37dcebc8c5eacbd03993daab091f051fc9a559c4e8e,"{""d"":9,""model"":""measurement"",""p"":0.01}",
      4096,         0,         0,   0.025,pymatching,f8b16c1db98fb154e268a37dcebc8c5eacbd03993daab091f051fc9a559c4e8e,"{""d"":9,""model"":""measurement"",""p"":0.01}",
      4096,         0,         0,   0.025,pymatching,f8b16c1db98fb154e268a37dcebc8c5eacbd03993daab091f051fc9a559c4e8e,"{""d"":9,""model"":""measurement"",""p"":0.01}",
      1334,         0,         0,   0.005,pymatching,f8b16c1db98fb154e268a37dcebc8c5eacbd03993daab091f051fc9a559c4e8e,"{""d"":9,""model"":""measurement"",""p"":0.01}",
      3072,         0,         0,   0.015,pymatching,f8b16c1db98fb154e268a37dcebc8c5eacbd03993daab091f051fc9a559c4e8e,"{""d"":9,""model"":""measurement"",""p"":0.01}",
      3072,         0,         0,   0.015,pymatching,f8b16c1db98fb154e268a37dcebc8c5eacbd03993daab091f051fc9a559c4e8e,"{""d"":9,""model"":""measurement"",""p"":0.01}",
      2048,         0,         0,   0.010,pymatching,f8b16c1db98fb154e268a37dcebc8c5eacbd03993daab091f051fc9a559c4e8e,"{""d"":9,""model"":""measurement"",""p"":0.01}",
      2048,         0,         0,   0.012,pymatching,f8b16c1db98fb154e268a37dcebc8c5eacbd03993daab091f051fc9a559c4e8e,"{""d"":9,""model"":""measurement"",""p"":0.01}",
       279,         0,         0,   0.002,pymatching,f8b16c1db98fb154e268a37dcebc8c5eacbd03993daab091f051fc9a559c4e8e,"{""d"":9,""model"":""measurement"",""p"":0.01}",
      1267,         0,         0,   0.006,pymatching,f8b16c1db98fb154e268a37dcebc8c5eacbd03993daab091f051fc9a559c4e8e,"{""d"":9,""model"":""measurement"",""p"":0.01}",
      2411,         0,         0,   0.010,pymatching,f8b16c1db98fb154e268a37dcebc8c5eacbd03993daab091f051fc9a559c4e8e,"{""d"":9,""model"":""measurement"",""p"":0.01}",
       436,         0,         0,   0.002,pymatching,f8b16c1db98fb154e268a37dcebc8c5eacbd03993daab091f051fc9a559c4e8e,"{""d"":9,""model"":""measurement"",""p"":0.01}",
      2048,         0,         0,   0.013,pymatching,f8b16c1db98fb154e268a37dcebc8c5eacbd03993daab091f051fc9a559c4e8e,"{""d"":9,""model"":""measurement"",""p"":0.01}",
      2048,         0,         0,   0.013,pymatching,f8b16c1db98fb154e268a37dcebc8c5eacbd03993daab091f051fc9a559c4e8e,"{""d"":9,""model"":""measurement"",""p"":0.01}",
       946,         0,         0,   0.004,pymatching,f8b16c1db98fb154e268a37dcebc8c5eacbd03993daab091f051fc9a559c4e8e,"{""d"":9,""model"":""measurement"",""p"":0.01}",
       148,         0,         0,   0.001,pymatching,f8b16c1db98fb154e268a37dcebc8c5eacbd03993daab091f051fc9a559c4e8e,"{""d"":9,""model"":""measurement"",""p"":0.01}",
       752,         0,         0,   0.004,pymatching,f8b16c1db98fb154e268a37dcebc8c5eacbd03993daab091f051fc9a559c4e8e,"{""d"":9,""model"":""measurement"",""p"":0.01}",
       614,         0,         0,   0.002,pymatching,f8b16c1db98fb154e268a37dcebc8c5eacbd03993daab091f051fc9a559c4e8e,"{""d"":9,""model"":""measurement"",""p"":0.01}",
      1989,         0,         0,   0.010,pymatching,f8b16c1db98fb154e268a37dcebc8c5eacbd03993daab091f051fc9a559c4e8e,"{""d"":9,""model"":""measurement"",""p"":0.01}",
       576,         0,         0,   0.004,pymatching,f8b16c1db98fb154e268a37dcebc8c5eacbd03993daab091f051fc9a559c4e8e,"{""d"":9,""model"":""measurement"",""p"":0.01}",
      1024,         0,         0,   0.005,pymatching,f8b16c1db98fb154e268a37dcebc8c5eacbd03993daab091f051fc9a559c4e8e,"{""d"":9,""model"":""measurement"",""p"":0.01}",
      1024,         0,         0,   0.005,pymatching,f8b16c1db98fb154e268a37dcebc8c5eacbd03993daab091f051fc9a559c4e8e,"{""d"":9,""model"":""measurement"",""p"":0.01}",
      1024,         0,         0,   0.005,pymatching,f8b16c1db98fb154e268a37dcebc8c5eacbd03993daab091f051fc9a559c4e8e,"{""d"":9,""model"":""measurement"",""p"":0.01}",
       169,         0,         0,   0.001,pymatching,f8b16c1db98fb154e268a37dcebc8c5eacbd03993daab091f051fc9a559c4e8e,"{""d"":9,""model"":""measurement"",""p"":0.01}",
       169,         0,         0,   0.001,pymatching,f8b16c1db98fb154e268a37dcebc8c5eacbd03993daab091f051fc9a559c4e8e,"{""d"":9,""model"":""measurement"",""p"":0.01}",
       182,         0,         0,   0.001,pymatching,f8b16c1db98fb154e268a37dcebc8c5eacbd03993daab091f051fc9a559c4e8e,"{""d"":9,""model"":""measurement"",""p"":0.01}",
      1003,         0,         0,   0.004,pymatching,f8b16c1db98fb154e268a37dcebc8c5eacbd03993daab091f051fc9a559c4e8e,"{""d"":9,""model"":""measurement"",""p"":0.01}",
       850,         0,         0,   0.003,pymatching,f8b16c1db98fb154e268a37dcebc8c5eacbd03993daab091f051fc9a559c4e8e,"{""d"":9,""model"":""measurement"",""p"":0.01}",
       125,         0,         0,   0.001,pymatching,f8b16c1db98fb154e268a37dcebc8c5eacbd03993daab091f051fc9a559c4e8e,"{""d"":9,""model"":""measurement"",""p"":0.01}",
       188,         0,         0,   0.001,pymatching,f8b16c1db98fb154e268a37dcebc8c5eacbd03993daab091f051fc9a559c4e8e,"{""d"":9,""model"":""measurement"",""p"":0.01}",
       558,         0,         0,   0.003,pymatching,f8b16c1db98fb154e268a37dcebc8c5eacbd03993daab091f051fc9a559c4e8e,"{""d"":9,""model"":""measurement"",""p"":0.01}",
        30,         0,         0,   0.000,pymatching,f8b16c1db98fb154e268a37dcebc8c5eacbd03993daab091f051fc9a559c4e8e,"{""d"":9,""model"":""measurement"",""p"":0.01}",
         8,         0,         0,   0.000,pymatching,f8b16c1db98fb154e268a37dcebc8c5eacbd03993daab091f051fc9a559c4e8e,"{""d"":9,""model"":""measurement"",""p"":0.01}",
        82,         0,         0,   0.000,pymatching,f8b16c1db98fb154e268a37dcebc8c5eacbd03993daab091f051fc9a559c4e8e,"{""d"":9,""model"":""measurement"",""p"":0.01}",
        85,         0,         0,   0.001,pymatching,f8b16c1db98fb154e268a37dcebc8c5eacbd03993daab091f051fc9a559c4e8e,"{""d"":9,""model"":""measurement"",""p"":0.01}",
        73,         0,         0,   0.000,pymatching,f8b16c1db98fb154e268a37dcebc8c5eacbd03993daab091f051fc9a559c4e8e,"{""d"":9,""model"":""measurement"",""p"":0.01}",
        65,         0,         0,   0.000,pymatching,f8b16c1db98fb154e268a37dcebc8c5eacbd03993daab091f051fc9a559c4e8e,"{""d"":9,""model"":""measurement"",""p"":0.01}",
       850,         0,         0,   0.004,pymatching,f8b16c1db98fb154e268a37dcebc8c5eacbd03993daab091f051fc9a559c4e8e,"{""d"":9,""model"":""measurement"",""p"":0.01}",
       316,         0,         0,   0.002,pymatching,f8b16c1db98fb154e268a37dcebc8c5eacbd03993daab091f051fc9a559c4e8e,"{""d"":9,""model"":""measurement"",""p"":0.01}",
       475,         0,         0,   0.002,pymatching,f8b16c1db98fb154e268a37dcebc8c5eacbd03993daab091f051fc9a559c4e8e,"{""d"":9,""model"":""measurement"",""p"":0.01}",
       621,         0,         0,   0.003,pymatching,f8b16c1db98fb154e268a37dcebc8c5eacbd03993daab091f051fc9a559c4e8e,"{""d"":9,""model"":""measurement"",""p"":0.01}",
       316,         0,         0,   0.002,pymatching,f8b16c1db98fb154e268a37dcebc8c5eacbd03993daab091f051fc9a559c4e8e,"{""d"":9,""model"":""measurement"",""p"":0.01}",
         1,         0,         0,   0.000,pymatching,f8b16c1db98fb154e268a37dcebc8c5eacbd03993daab091f051fc9a559c4e8e,"{""d"":9,""model"":""measurement"",""p"":0.01}",
         7,         0,         0,   0.000,pymatching,f8b16c1db98fb154e268a37dcebc8c5eacbd03993daab091f051fc9a559c4e8e,"{""d"":9,""model"":""measurement"",""p"":0.01}",
       323,         0,         0,   0.002,pymatching,f8b16c1db98fb154e268a37dcebc8c5eacbd03993daab091f051fc9a559c4e8e,"{""d"":9,""model"":""measurement"",""p"":0.01}",
       323,         0,         0,   0.002,pymatching,f8b16c1db98fb154e268a37dcebc8c5eacbd03993daab091f051fc9a559c4e8e,"{""d"":9,""model"":""measurement"",""p"":0.01}",
       366,         0,         0,   0.002,pymatching,f8b16c1db98fb154e268a37dcebc8c5eacbd03993daab091f051fc9a559c4e8e,"{""d"":9,""model"":""measurement"",""p"":0.01}",
       316,         0,         0,   0.002,pymatching,f8b16c1db98fb154e268a37dcebc8c5eacbd03993daab091f051fc9a559c4e8e,"{""d"":9,""model"":""measurement"",""p"":0.01}",
        53,         0,         0,   0.000,pymatching,f8b16c1db98fb154e268a37dcebc8c5eacbd03993daab091f051fc9a559c4e8e,"{""d"":9,""model"":""measurement"",""p"":0.01}",
        39,         0,         0,   0.000,pymatching,f8b16c1db98fb154e268a37dcebc8c5eacbd03993daab091f051fc9a559c4e8e,"{""d"":9,""model"":""measurement"",""p"":0.01}",
        39,         0,         0,   0.000,pymatching,f8b16c1db98fb154e268a37dcebc8c5eacbd03993daab091f051fc9a559c4e8e,"{""d"":9,""model"":""measurement"",""p"":0.01}",
        11,         0,         0,   0.000,pymatching,f8b16c1db98fb154e268a37dcebc8c5eacbd03993daab091f051fc9a559c4e8e,"{""d"":9,""model"":""measurement"",""p"":0.01}",
         5,         0,         0,   0.000,pymatching,f8b16c1db98fb154e268a37dcebc8c5eacbd03993daab091f051fc9a559c4e8e,"{""d"":9,""model"":""measurement"",""p"":0.01}",
        39,         0,         0,   0.000,pymatching,f8b16c1db98fb154e268a37dcebc8c5eacbd03993daab091f051fc9a559c4e8e,"{""d"":9,""model"":""measurement"",""p"":0.01}",
         5,         0,         0,   0.000,pymatching,f8b16c1db98fb154e268a37dcebc8c5eacbd03993daab091f051fc9a559c4e8e,"{""d"":9,""model"":""measurement"",""p"":0.01}",
        39,         0,         0,   0.001,pymatching,f8b16c1db98fb154e268a37dcebc8c5eacbd03993daab091f051fc9a559c4e8e,"{""d"":9,""model"":""measurement"",""p"":0.01}",
         1,         0,         0,   0.000,pymatching,f8b16c1db98fb154e268a37dcebc8c5eacbd03993daab091f051fc9a559c4e8e,"{""d"":9,""model"":""measurement"",""p"":0.01}",
         1,         0,         0,   0.000,pymatching,f8b16c1db98fb154e268a37dcebc8c5eacbd03993daab091f051fc9a559c4e8e,"{""d"":9,""model"":""measurement"",""p"":0.01}",
         1,         0,         0,   0.000,pymatching,f8b16c1db98fb154e268a37dcebc8c5eacbd03993daab091f051fc9a559c4e8e,"{""d"":9,""model"":""measurement"",""p"":0.01}",
         1,         0,         0,   0.000,pymatching,f8b16c1db98fb154e268a37dcebc8c5eacbd03993daab091f051fc9a559c4e8e,"{""d"":9,""model"":""measurement"",""p"":0.01}",
         1,         0,         0,   0.000,pymatching,f8b16c1db98fb154e268a37dcebc8c5eacbd03993daab091f051fc9a559c4e8e,"{""d"":9,""model"":""measurement"",""p"":0.01}",
         4,         0,         0,   0.000,pymatching,f8b16c1db98fb154e268a37dcebc8c5eacbd03993daab091f051fc9a559c4e8e,"{""d"":9,""model"":""measurement"",""p"":0.01}",
         1,         0,         0,   0.000,pymatching,f8b16c1db98fb154e268a37dcebc8c5eacbd03993daab091f051fc9a559c4e8e,"{""d"":9,""model"":""measurement"",""p"":0.01}",
         4,         0,         0,   0.000,pymatching,f8b16c1db98fb154e268a37dcebc8c5eacbd03993daab091f051fc9a559c4e8e,"{""d"":9,""model"":""measurement"",""p"":0.01}",
         1,         0,         0,   0.000,pymatching,f8b16c1db98fb154e268a37dcebc8c5eacbd03993daab091f051fc9a559c4e8e,"{""d"":9,""model"":""measurement"",""p"":0.01}",
         1,         0,         0,   0.000,pymatching,f8b16c1db98fb154e268a37dcebc8c5eacbd03993daab091f051fc9a559c4e8e,"{""d"":9,""model"":""measurement"",""p"":0.01}",
         1,         0,         0,   0.000,pymatching,f8b16c1db98fb154e268a37dcebc8c5eacbd03993daab091f051fc9a559c4e8e,"{""d"":9,""model"":""measurement"",""p"":0.01}",
         1,         0,         0,   0.000,pymatching,f8b16c1db98fb154e268a37dcebc8c5eacbd03993daab091f051fc9a559c4e8e,"{""d"":9,""model"":""measurement"",""p"":0.01}",
         1,         0,         0,   0.000,pymatching,f8b16c1db98fb154e268a37dcebc8c5eacbd03993daab091f051fc9a559c4e8e,"{""d"":9,""model"":""measurement"",""p"":0.01}",
         1,         0,         0,   0.000,pymatching,f8b16c1db98fb154e268a37dcebc8c5eacbd03993daab091f051fc9a559c4e8e,"{""d"":9,""model"":""measurement"",""p"":0.01}",
         1,         0,         0,   0.000,pymatching,f8b16c1db98fb154e268a37dcebc8c5eacbd03993daab091f051fc9a559c4e8e,"{""d"":9,""model"":""measurement"",""p"":0.01}",
    598016,         0,         0,    3.44,pymatching,1938eb02fa174e4398af57ea22b7b299d6e80e0682a4886085d64e26cc5d8b28,"{""d"":9,""model"":""phenomenological"",""p"":0.005}",
    293888,         0,         0,    2.00,pymatching,1938eb02fa174e4398af57ea22b7b299d6e80e0682a4886085d64e26cc5d8b28,"{""d"":9,""model"":""phenomenological"",""p"":0.005}",
         1,         0,         0,   0.001,pymatching,1938eb02fa174e4398af57ea22b7b299d6e80e0682a4886085d64e26cc5d8b28,"{""d"":9,""model"":""phenomenological"",""p"":0.005}",
      1297,         0,         0,   0.011,pymatching,1938eb02fa174e4398af57ea22b7b299d6e80e0682a4886085d64e26cc5d8b28,"{""d"":9,""model"":""phenomenological"",""p"":0.005}",
      1297,         0,         0,   0.011,pymatching,1938eb02fa174e4398af57ea22b7b299d6e80e0682a4886085d64e26cc5d8b28,"{""d"":9,""model"":""phenomenological"",""p"":0.005}",
      1297,         0,         0,   0.011,pymatching,1938eb02fa174e4398af57ea22b7b299d6e80e0682a4886085d64e26cc5d8b28,"{""d"":9,""model"":""phenomenological"",""p"":0.005}",
      1297,         0,         0,   0.011,pymatching,1938eb02fa174e4398af57ea22b7b299d6e80e0682a4886085d64e26cc5d8b28,"{""d"":9,""model"":""phenomenological"",""p"":0.005}",
      1297,         0,         0,   0.011,pymatching,1938eb02fa174e4398af57ea22b7b299d6e80e0682a4886085d64e26cc5d8b28,"{""d"":9,""model"":""phenomenological"",""p"":0.005}",
      1297,         0,         0,   0.011,pymatching,1938eb02fa174e4398af57ea22b7b299d6e80e0682a4886085d64e26cc5d8b28,"{""d"":9,""model"":""phenomenological"",""p"":0.005}",
      1297,         0,         0,   0.011,pymatching,1938eb02fa174e4398af57ea22b7b299d6e80e0682a4886085d64e26cc5d8b28,"{""d"":9,""model"":""phenomenological"",""p"":0.005}",
      2321,         0,         0,   0.015,pymatching,1938eb02fa174e4398af57ea22b7b299d6e80e0682a4886085d64e26cc5d8b28,"{""d"":9,""model"":""phenomenological"",""p"":0.005}",
      1297,         0,         0,   0.011,pymatching,1938eb02fa174e4398af57ea22b7b299d6e80e0682a4886085d64e26cc5d8b28,"{""d"":9,""model"":""phenomenological"",""p"":0.005}",
      1297,         0,         0,   0.011,pymatching,1938eb02fa174e4398af57ea22b7b299d6e80e0682a4886085d64e26cc5d8b28,"{""d"":9,""model"":""phenomenological"",""p"":0.005}",
      1297,         0,         0,   0.011,pymatching,1938eb02fa174e4398af57ea22b7b299d6e80e0682a4886085d64e26cc5d8b28,"{""d"":9,""model"":""phenomenological"",""p"":0.005}",
      2321,         0,         0,   0.015,pymatching,1938eb02fa174e4398af57ea22b7b299d6e80e0682a4886085d64e26cc5d8b28,"{""d"":9,""model"":""phenomenological"",""p"":0.005}",
      2321,         0,         0,   0.016,pymatching,1938eb02fa174e4398af57ea22b7b299d6e80e0682a4886085d64e26cc5d8b28,"{""d"":9,""model"":""phenomenological"",""p"":0.005}",
      1297,         0,         0,   0.012,pymatching,1938eb02fa174e4398af57ea22b7b299d6e80e0682a4886085d64e26cc5d8b28,"{""d"":9,""model"":""phenomenological"",""p"":0.005}",
      2321,         0,         0,   0.015,pymatching,1938eb02fa174e4398af57ea22b7b299d6e80e0682a4886085d64e26cc5d8b28,"{""d"":9,""model"":""phenomenological"",""p"":0.005}",
      2320,         0,         0,   0.014,pymatching,1938eb02fa174e4398af57ea22b7b299d6e80e0682a4886085d64e26cc5d8b28,"{""d"":9,""model"":""phenomenological"",""p"":0.005}",
      2321,         0,         0,   0.015,pymatching,1938eb02fa174e4398af57ea22b7b299d6e80e0682a4886085d64e26cc5d8b28,"{""d"":9,""model"":""phenomenological"",""p"":0.005}",
      2321,         0,         0,   0.015,pymatching,1938eb02fa174e4398af57ea22b7b299d6e80e0682a4886085d64e26cc5d8b28,"{""d"":9,""model"":""phenomenological"",""p"":0.005}",
      2321,         0,         0,   0.015,pymatching,1938eb02fa174e4398af57ea22b7b299d6e80e0682a4886085d64e26cc5d8b28,"{""d"":9,""model"":""phenomenological"",""p"":0.005}",
      1297,         0,         0,   0.011,pymatching,1938eb02fa174e4398af57ea22b7b299d6e80e0682a4886085d64e26cc5d8b28,"{""d"":9,""model"":""phenomenological"",""p"":0.005}",
      2048,         0,         0,   0.014,pymatching,1938eb02fa174e4398af57ea22b7b299d6e80e0682a4886085d64e26cc5d8b28,"{""d"":9,""model"":""phenomenological"",""p"":0.005}",
      2321,         0,         0,   0.015,pymatching,1938eb02fa174e4398af57ea22b7b299d6e80e0682a4886085d64e26cc5d8b28,"{""d"":9,""model"":""phenomenological"",""p"":0.005}",
      2048,         0,         0,   0.014,pymatching,1938eb02fa174e4398af57ea22b7b299d6e80e0682a4886085d64e26cc5d8b28,"{""d"":9,""model"":""phenomenological"",""p"":0.005}",
      1297,         0,         0,   0.011,pymatching,1938eb02fa174e4398af57ea22b7b299d6e80e0682a4886085d64e26cc5d8b28,"{""d"":9,""model"":""phenomenological"",""p"":0.005}",
      2321,         0,         0,   0.015,pymatching,1938eb02fa174e4398af57ea22b7b299d6e80e0682a4886085d64e26cc5d8b28,"{""d"":9,""model"":""phenomenological"",""p"":0.005}",
      2048,         0,         0,   0.014,pymatching,1938eb02fa174e4398af57ea22b7b299d6e80e0682a4886085d64e26cc5d8b28,"{""d"":9,""model"":""phenomenological"",""p"":0.005}",
      2321,         0,         0,   0.015,pymatching,1938eb02fa174e4398af57ea22b7b299d6e80e0682a4886085d64e26cc5d8b28,"{""d"":9,""model"":""phenomenological"",""p"":0.005}",
      2048,         0,         0,   0.015,pymatching,1938eb02fa174e4398af57ea22b7b299d6e80e0682a4886085d64e26cc5d8b28,"{""d"":9,""model"":""phenomenological"",""p"":0.005}",
      2048,         0,         0,   0.015,pymatching,1938eb02fa174e4398af57ea22b7b299d6e80e0682a4886085d64e26cc5d8b28,"{""d"":9,""model"":""phenomenological"",""p"":0.005}",
      2048,         0,         0,   0.014,pymatching,1938eb02fa174e4398af57ea22b7b299d6e80e0682a4886085d64e26cc5d8b28,"{""d"":9,""model"":""phenomenological"",""p"":0.005}",
      2048,         0,         0,   0.014,pymatching,1938eb02fa174e4398af57ea22b7b299d6e80e0682a4886085d64e26cc5d8b28,"{""d"":9,""model"":""phenomenological"",""p"":0.005}",
      2048,         0,         0,   0.014,pymatching,1938eb02fa174e4398af57ea22b7b299d6e80e0682a4886085d64e26cc5d8b28,"{""d"":9,""model"":""phenomenological"",""p"":0.005}",
      2048,         0,         0,   0.014,pymatching,1938eb02fa174e4398af57ea22b7b299d6e80e0682a4886085d64e26cc5d8b28,"{""d"":9,""model"":""phenomenological"",""p"":0.005}",
      2048,         0,         0,   0.014,pymatching,1938eb02fa174e4398af57ea22b7b299d6e80e0682a4886085d64e26cc5d8b28,"{""d"":9,""model"":""phenomenological"",""p"":0.005}",
      3072,         0,         0,   0.018,pymatching,1938eb02fa174e4398af57ea22b7b299d6e80e0682a4886085d64e26cc5d8b28,"{""d"":9,""model"":""phenomenological"",""p"":0.005}",
      2048,         0,         0,   0.014,pymatching,1938eb02fa174e4398af57ea22b7b299d6e80e0682a4886085d64e26cc5d8b28,"{""d"":9,""model"":""phenomenological"",""p"":0.005}",
      2048,         0,         0,   0.015,pymatching,1938eb02fa174e4398af57ea22b7b299d6e80e0682a4886085d64e26cc5d8b28,"{""d"":9,""model"":""phenomenological"",""p"":0.005}",
      3072,         0,         0,   0.018,pymatching,1938eb02fa174e4398af57ea22b7b299d6e80e0682a4886085d64e26cc5d8b28,"{""d"":9,""model"":""phenomenological"",""p"":0.005}",
      2048,         0,         0,   0.014,pymatching,1938eb02fa174e4398af57ea22b7b299d6e80e0682a4886085d64e26cc5d8b28,"{""d"":9,""model"":""phenomenological"",""p"":0.005}",
      3072,         0,         0,   0.018,pymatching,1938eb02fa174e4398af57ea22b7b299d6e80e0682a4886085d64e26cc5d8b28,"{""d"":9,""model"":""phenomenological"",""p"":0.005}",
      3072,         0,         0,   0.018,pymatching,1938eb02fa174e4398af57ea22b7b299d6e80e0682a4886085d64e26cc5d8b28,"{""d"":9,""model"":""phenomenological"",""p"":0.005}",
      2048,         0,         0,   0.015,pymatching,1938eb02fa174e4398af57ea22b7b299d6e80e0682a4886085d64e26cc5d8b28,"{""d"":9,""model"":""phenomenological"",""p"":0.005}",
      3072,         0,         0,   0.018,pymatching,1938eb02fa174e4398af57ea22b7b299d6e80e0682a4886085d64e26cc5d8b28,"{""d"":9,""model"":""phenomenological"",""p"":0.005}",
      3072,         0,         0,   0.018,pymatching,1938eb02fa174e4398af57ea22b7b299d6e80e0682a4886085d64e26cc5d8b28,"{""d"":9,""model"":""phenomenological"",""p"":0.005}",
      3072,         0,         0,   0.019,pymatching,1938eb02fa174e4398af57ea22b7b299d6e80e0682a4886085d64e26cc5d8b28,"{""d"":9,""model"":""phenomenological"",""p"":0.005}",
      3072,         0,         0,   0.018,pymatching,1938eb02fa174e4398af57ea22b7b299d6e80e0682a4886085d64e26cc5d8b28,"{""d"":9,""model"":""phenomenological"",""p"":0.005}",
      3072,         0,         0,   0.018,pymatching,1938eb02fa174e4398af57ea22b7b299d6e80e0682a4886085d64e26cc5d8b28,"{""d"":9,""model"":""phenomenological"",""p"":0.005}",
      4096,         0,         0,   0.023,pymatching,1938eb02fa174e4398af57ea22b7b299d6e80e0682a4886085d64e26cc5d8b28,"{""d"":9,""model"":""phenomenological"",""p"":0.005}",
      3072,         0,         0,   0.022,pymatching,1938eb02fa174e4398af57ea22b7b299d6e80e0682a4886085d64e26cc5d8b28,"{""d"":9,""model"":""phenomenological"",""p"":0.005}",
      3072,         0,         0,   0.022,pymatching,1938eb02fa174e4398af57ea22b7b299d6e80e0682a4886085d64e26cc5d8b28,"{""d"":9,""model"":""phenomenological"",""p"":0.005}",
      3072,         0,         0,   0.022,pymatching,1938eb02fa174e4398af57ea22b7b299d6e80e0682a4886085d64e26cc5d8b28,"{""d"":9,""model"":""phenomenological"",""p"":0.005}",
      3072,         0,         0,   0.022,pymatching,1938eb02fa174e4398af57ea22b7b299d6e80e0682a4886085d64e26cc5d8b28,"{""d"":9,""model"":""phenomenological"",""p"":0.005}",
      3072,         0,         0,   0.022,pymatching,1938eb02fa174e4398af57ea22b7b299d6e80e0682a4886085d64e26cc5d8b28,"{""d"":9,""model"":""phenomenological"",""p"":0.005}",
      3072,         0,         0,   0.023,pymatching,1938eb02fa174e4398af57ea22b7b299d6e80e0682a4886085d64e26cc5d8b28,"{""d"":9,""model"":""phenomenological"",""p"":0.005}",
      3072,         0,         0,   0.021,pymatching,1938eb02fa174e4398af57ea22b7b299d6e80e0682a4886085d64e26cc5d8b28,"{""d"":9,""model"":""phenomenological"",""p"":0.005}",
      3072,         0,         0,   0.021,pymatching,1938eb02fa174e4398af57ea22b7b299d6e80e0682a4886085d64e26cc5d8b28,"{""d"":9,""model"":""phenomenological"",""p"":0.005}",
      3072,         0,         0,   0.022,pymatching,1938eb02fa174e4398af57ea22b7b299d6e80e0682a4886085d64e26cc5d8b28,"{""d"":9,""model"":""phenomenological"",""p"":0.005}",
      3072,         0,         0,   0.022,pymatching,1938eb02fa174e4398af57ea22b7b299d6e80e0682a4886085d64e26cc5d8b28,"{""d"":9,""model"":""phenomenological"",""p"":0.005}",
      3072,         0,         0,   0.021,pymatching,1938eb02fa174e4398af57ea22b7b299d6e80e0682a4886085d64e26cc5d8b28,"{""d"":9,""model"":""phenomenological"",""p"":0.005}",
      3072,         0,         0,   0.022,pymatching,1938eb02fa174e4398af57ea22b7b299d6e80e0682a4886085d64e26cc5d8b28,"{""d"":9,""model"":""phenomenological"",""p"":0.005}",
      4096,         0,         0,   0.024,pymatching,1938eb02fa174e4398af57ea22b7b299d6e80e0682a4886085d64e26cc5d8b28,"{""d"":9,""model"":""phenomenological"",""p"":0.005}",
      3072,         0,         0,   0.022,pymatching,1938eb02fa174e4398af57ea22b7b299d6e80e0682a4886085d64e26cc5d8b28,"{""d"":9,""model"":""phenomenological"",""p"":0.005}",
      4096,         0,         0,   0.024,pymatching,1938eb02fa174e4398af57ea22b7b299d6e80e0682a4886085d64e26cc5d8b28,"{""d"":9,""model"":""phenomenological"",""p"":0.005}",
      4096,         0,         0,   0.024,pymatching,1938eb02fa174e4398af57ea22b7b299d6e80e0682a4886085d64e26cc5d8b28,"{""d"":9,""model"":""phenomenological"",""p"":0.005}",
      4096,         0,         0,   0.024,pymatching,1938eb02fa174e4398af57ea22b7b299d6e80e0682a4886085d64e26cc5d8b28,"{""d"":9,""model"":""phenomenological"",""p"":0.005}",
      4096,         0,         0,   0.024,pymatching,1938eb02fa174e4398af57ea22b7b299d6e80e0682a4886085d64e26cc5d8b28,"{""d"":9,""model"":""phenomenological"",""p"":0.005}",
      4096,         0,         0,   0.024,pymatching,1938eb02fa174e4398af57ea22b7b299d6e80e0682a4886085d64e26cc5d8b28,"{""d"":9,""model"":""phenomenological"",""p"":0.005}",
      3072,         0,         0,   0.025,pymatching,1938eb02fa174e4398af57ea22b7b299d6e80e0682a4886085d64e26cc5d8b28,"{""d"":9,""model"":""phenomenological"",""p"":0.005}",
      4096,         0,         0,   0.024,pymatching,1938eb02fa174e4398af57ea22b7b299d6e80e0682a4886085d64e26cc5d8b28,"{""d"":9,""model"":""phenomenological"",""p"":0.005}",
      4096,         0,         0,   0.024,pymatching,1938eb02fa174e4398af57ea22b7b299d6e80e0682a4886085d64e26cc5d8b28,"{""d"":9,""model"":""phenomenological"",""p"":0.005}",
      4096,         0,         0,   0.024,pymatching,1938eb02fa174e4398af57ea22b7b299d6e80e0682a4886085d64e26cc5d8b28,"{""d"":9,""model"":""phenomenological"",""p"":0.005}",
      5120,         0,         0,   0.030,pymatching,1938eb02fa174e4398af57ea22b7b299d6e80e0682a4886085d64e26cc5d8b28,"{""d"":9,""model"":""phenomenological"",""p"":0.005}",
      4096,         0,         0,   0.029,pymatching,1938eb02fa174e4398af57ea22b7b299d6e80e0682a4886085d64e26cc5d8b28,"{""d"":9,""model"":""phenomenological"",""p"":0.005}",
      4096,         0,         0,   0.029,pymatching,1938eb02fa174e4398af57ea22b7b299d6e80e0682a4886085d64e26cc5d8b28,"{""d"":9,""model"":""phenomenological"",""p"":0.005}",
      4096,         0,         0,   0.029,pymatching,1938eb02fa174e4398af57ea22b7b299d6e80e0682a4886085d64e26cc5d8b28,"{""d"":9,""model"":""phenomenological"",""p"":0.005}",
      4096,         0,         0,   0.029,pymatching,1938eb02fa174e4398af57ea22b7b299d6e80e0682a4886085d64e26cc5d8b28,"{""d"":9,""model"":""phenomenological"",""p"":0.005}",
      4096,         0,         0,   0.029,pymatching,1938eb02fa174e4398af57ea22b7b299d6e80e0682a4886085d64e26cc5d8b28,"{""d"":9,""model"":""phenomenological"",""p"":0.005}",
      4096,         0,         0,   0.029,pymatching,1938eb02fa174e4398af57ea22b7b299d6e80e0682a4886085d64e26cc5d8b28,"{""d"":9,""model"":""phenomenological"",""p"":0.005}",
      4096,         0,         0,   0.031,pymatching,1938eb02fa174e4398af57ea22b7b299d6e80e0682a4886085d64e26cc5d8b28,"{""d"":9,""model"":""phenomenological"",""p"":0.005}",
      4096,         0,         0,   0.029,pymatching,1938eb02fa174e4398af57ea22b7b299d6e80e0682a4886085d64e26cc5d8b28,"{""d"":9,""model"":""phenomenological"",""p"":0.005}",
      4096,         0,         0,   0.029,pymatching,1938eb02fa174e4398af57ea22b7b299d6e80e0682a4886085d64e26cc5d8b28,"{""d"":9,""model"":""phenomenological"",""p"":0.005}",
      4096,         0,         0,   0.029,pymatching,1938eb02fa174e4398af57ea22b7b299d6e80e0682a4886085d64e26cc5d8b28,"{""d"":9,""model"":""phenomenological"",""p"":0.005}",
      4096,         0,         0,   0.028,pymatching,1938eb02fa174e4398af57ea22b7b299d6e80e0682a4886085d64e26cc5d8b28,"{""d"":9,""model"":""phenomenological"",""p"":0.005}",
      4096,         0,         0,   0.029,pymatching,1938eb02fa174e4398af57ea22b7b299d6e80e0682a4886085d64e26cc5d8b28,"{""d"":9,""model"":""phenomenological"",""p"":0.005}",
      5120,         0,         0,   0.030,pymatching,1938eb02fa174e4398af57ea22b7b299d6e80e0682a4886085d64e26cc5d8b28,"{""d"":9,""model"":""phenomenological"",""p"":0.005}",
      4096,         0,         0,   0.029,pymatching,1938eb02fa174e4398af57ea22b7b299d6e80e0682a4886085d64e26cc5d8b28,"{""d"":9,""model"":""phenomenological"",""p"":0.005}",
      5120,         0,         0,   0.030,pymatching,1938eb02fa174e4398af57ea22b7b299d6e80e0682a4886085d64e26cc5d8b28,"{""d"":9,""model"":""phenomenological"",""p"":0.005}",
      5120,         0,         0,   0.030,pymatching,1938eb02fa174e4398af57ea22b7b299d6e80e0682a4886085d64e26cc5d8b28,"{""d"":9,""model"":""phenomenological"",""p"":0.005}",
      5120,         0,         0,   0.030,pymatching,1938eb02fa174e4398af57ea22b7b299d6e80e0682a4886085d64e26cc5d8b28,"{""d"":9,""model"":""phenomenological"",""p"":0.005}",
      5120,         0,         0,   0.030,pymatching,1938eb02fa174e4398af57ea22b7b299d6e80e0682a4886085d64e26cc5d8b28,"{""d"":9,""model"":""phenomenological"",""p"":0.005}",
      4096,         0,         0,   0.029,pymatching,1938eb02fa174e4398af57ea22b7b299d6e80e0682a4886085d64e26cc5d8b28,"{""d"":9,""model"":""phenomenological"",""p"":0.005}",
      5120,         0,         0,   0.030,pymatching,1938eb02fa174e4398af57ea22b7b299d6e80e0682a4886085d64e26cc5d8b28,"{""d"":9,""model"":""phenomenological"",""p"":0.005}",
      5120,         0,         0,   0.030,pymatching,1938eb02fa174e4398af57ea22b7b299d6e80e0682a4886085d64e26cc5d8b28,"{""d"":9,""model"":""phenomenological"",""p"":0.005}",
      5120,         0,         0,   0.031,pymatching,1938eb02fa174e4398af57ea22b7b299d6e80e0682a4886085d64e26cc5d8b28,"{""d"":9,""model"":""phenomenological"",""p"":0.005}",
      5120,         0,         0,   0.030,pymatching,1938eb02fa174e4398af57ea22b7b299d6e80e0682a4886085d64e26cc5d8b28,"{""d"":9,""model"":""phenomenological"",""p"":0.005}",
      7168,         0,         0,   0.042,pymatching,1938eb02fa174e4398af57ea22b7b299d6e80e0682a4886085d64e26cc5d8b28,"{""d"":9,""model"":""phenomenological"",""p"":0.005}",
      6144,         0,         0,   0.044,pymatching,1938eb02fa174e4398af57ea22b7b299d6e80e0682a4886085d64e26cc5d8b28,"{""d"":9,""model"":""phenomenological"",""p"":0.005}",
      6144,         0,         0,   0.043,pymatching,1938eb02fa174e4398af57ea22b7b299d6e80e0682a4886085d64e26cc5d8b28,"{""d"":9,""model"":""phenomenological"",""p"":0.005}",
      6144,         0,         0,   0.043,pymatching,1938eb02fa174e4398af57ea22b7b299d6e80e0682a4886085d64e26cc5d8b28,"{""d"":9,""model"":""phenomenological"",""p"":0.005}",
      6144,         0,         0,   0.043,pymatching,1938eb02fa174e4398af57ea22b7b299d6e80e0682a4886085d64e26cc5d8b28,"{""d"":9,""model"":""phenomenological"",""p"":0.005}",
      6144,         0,         0,   0.043,pymatching,1938eb02fa174e4398af57ea22b7b299d6e80e0682a4886085d64e26cc5d8b28,"{""d"":9,""model"":""phenomenological"",""p"":0.005}",
      6144,         0,         0,   0.044,pymatching,1938eb02fa174e4398af57ea22b7b299d6e80e0682a4886085d64e26cc5d8b28,"{""d"":9,""model"":""phenomenological"",""p"":0.005}",
      6144,         0,         0,   0.043,pymatching,1938eb02fa174e4398af57ea22b7b299d6e80e0682a4886085d64e26cc5d8b28,"{""d"":9,""model"":""phenomenological"",""p"":0.005}",
      6144,         0,         0,   0.043,pymatching,1938eb02fa174e4398af57ea22b7b299d6e80e0682a4886085d64e26cc5d8b28,"{""d"":9,""model"":""phenomenological"",""p"":0.005}",
      6144,         0,         0,   0.043,pymatching,1938eb02fa174e4398af57ea22b7b299d6e80e0682a4886085d64e26cc5d8b28,"{""d"":9,""model"":""phenomenological"",""p"":0.005}",
      6144,         0,         0,   0.044,pymatching,1938eb02fa174e4398af57ea22b7b299d6e80e0682a4886085d64e26cc5d8b28,"{""d"":9,""model"":""phenomenological"",""p"":0.005}",
      6144,         0,         0,   0.043,pymatching,1938eb02fa174e4398af57ea22b7b299d6e80e0682a4886085d64e26cc5d8b28,"{""d"":9,""model"":""phenomenological"",""p"":0.005}",
      6144,         0,         0,   0.043,pymatching,1938eb02fa174e4398af57ea22b7b299d6e80e0682a4886085d64e26cc5d8b28,"{""d"":9,""model"":""phenomenological"",""p"":0.005}",
      7168,         0,         0,   0.042,pymatching,1938eb02fa174e4398af57ea22b7b299d6e80e0682a4886085d64e26cc5d8b28,"{""d"":9,""model"":""phenomenological"",""p"":0.005}",
      6144,         0,         0,   0.043,pymatching,1938eb02fa174e4398af57ea22b7b299d6e80e0682a4886085d64e26cc5d8b28,"{""d"":9,""model"":""phenomenological"",""p"":0.005}",
      7168,         0,         0,   0.043,pymatching,1938eb02fa174e4398af57ea22b7b299d6e80e0682a4886085d64e26cc5d8b28,"{""d"":9,""model"":""phenomenological"",""p"":0.005}",
      7168,         1,         0,   0.042,pymatching,1938eb02fa174e4398af57ea22b7b299d6e80e0682a4886085d64e26cc5d8b28,"{""d"":9,""model"":""phenomenological"",""p"":0.005}",
      7168,         0,         0,   0.042,pymatching,1938eb02fa174e4398af57ea22b7b299d6e80e0682a4886085d64e26cc5d8b28,"{""d"":9,""model"":""phenomenological"",""p"":0.005}",
      7168,         0,         0,   0.042,pymatching,1938eb02fa174e4398af57ea22b7b299d6e80e0682a4886085d64e26cc5d8b28,"{""d"":9,""model"":""phenomenological"",""p"":0.005}",
      7168,         0,         0,   0.043,pymatching,1938eb02fa174e4398af57ea22b7b299d6e80e0682a4886085d64e26cc5d8b28,"{""d"":9,""model"":""phenomenological"",""p"":0.005}",
      6144,         0,         0,   0.044,pymatching,1938eb02fa174e4398af57ea22b7b299d6e80e0682a4886085d64e26cc5d8b28,"{""d"":9,""model"":""phenomenological"",""p"":0.005}",
      7168,         0,         0,   0.042,pymatching,1938eb02fa174e4398af57ea22b7b299d6e80e0682a4886085d64e26cc5d8b28,"{""d"":9,""model"":""phenomenological"",""p"":0.005}",
      7168,         0,         0,   0.042,pymatching,1938eb02fa174e4398af57ea22b7b299d6e80e0682a4886085d64e26cc5d8b28,"{""d"":9,""model"":""phenomenological"",""p"":0.005}",
      7168,         0,         0,   0.043,pymatching,1938eb02fa174e4398af57ea22b7b299d6e80e0682a4886085d64e26cc5d8b28,"{""d"":9,""model"":""phenomenological"",""p"":0.005}",
      9216,         0,         0,   0.054,pymatching,1938eb02fa174e4398af57ea22b7b299d6e80e0682a4886085d64e26cc5d8b28,"{""d"":9,""model"":""phenomenological"",""p"":0.005}",
      7168,         0,         0,   0.054,pymatching,1938eb02fa174e4398af57ea22b7b299d6e80e0682a4886085d64e26cc5d8b28,"{""d"":9,""model"":""phenomenological"",""p"":0.005}",
      8192,         0,         0,   0.057,pymatching,1938eb02fa174e4398af57ea22b7b299d6e80e0682a4886085d64e26cc5d8b28,"{""d"":9,""model"":""phenomenological"",""p"":0.005}",
      8192,         0,         0,   0.058,pymatching,1938eb02fa174e4398af57ea22b7b299d6e80e0682a4886085d64e26cc5d8b28,"{""d"":9,""model"":""phenomenological"",""p"":0.005}",
      8192,         0,         0,   0.057,pymatching,1938eb02fa174e4398af57ea22b7b299d6e80e0682a4886085d64e26cc5d8b28,"{""d"":9,""model"":""phenomenological"",""p"":0.005}",
      8192,         0,         0,   0.057,pymatching,1938eb02fa174e4398af57ea22b7b299d6e80e0682a4886085d64e26cc5d8b28,"{""d"":9,""model"":""phenomenological"",""p"":0.005}",
      8192,         0,         0,   0.057,pymatching,1938eb02fa174e4398af57ea22b7b299d6e80e0682a4886085d64e26cc5d8b28,"{""d"":9,""model"":""phenomenological"",""p"":0.005}",
      8192,         0,         0,   0.058,pymatching,1938eb02fa174e4398af57ea22b7b299d6e80e0682a4886085d64e26cc5d8b28,"{""d"":9,""model"":""phenomenological"",""p"":0.005}",
      8192,         0,         0,   0.058,pymatching,1938eb02fa174e4398af57ea22b7b299d6e80e0682a4886085d64e26cc5d8b28,"{""d"":9,""model"":""phenomenological"",""p"":0.005}",
      8192,         0,         0,   0.057,pymatching,1938eb02fa174e4398af57ea22b7b299d6e80e0682a4886085d64e26cc5d8b28,"{""d"":9,""model"":""phenomenological"",""p"":0.005}",
      8192,         0,         0,   0.057,pymatching,1938eb02fa174e4398af57ea22b7b299d6e80e0682a4886085d64e26cc5d8b28,"{""d"":9,""model"":""phenomenological"",""p"":0.005}",
      8192,         0,         0,   0.058,pymatching,1938eb02fa174e4398af57ea22b7b299d6e80e0682a4886085d64e26cc5d8b28,"{""d"":9,""model"":""phenomenological"",""p"":0.005}",
      9216,         0,         0,   0.055,pymatching,1938eb02fa174e4398af57ea22b7b299d6e80e0682a4886085d64e26cc5d8b28,"{""d"":9,""model"":""phenomenological"",""p"":0.005}",
      8192,         0,         0,   0.058,pymatching,1938eb02fa174e4398af57ea22b7b299d6e80e0682a4886085d64e26cc5d8b28,"{""d"":9,""model"":""phenomenological"",""p"":0.005}",
      9216,         0,         0,   0.054,pymatching,1938eb02fa174e4398af57ea22b7b299d6e80e0682a4886085d64e26cc5d8b28,"{""d"":9,""model"":""phenomenological"",""p"":0.005}",
      8192,         0,         0,   0.058,pymatching,1938eb02fa174e4398af57ea22b7b299d6e80e0682a4886085d64e26cc5d8b28,"{""d"":9,""model"":""phenomenological"",""p"":0.005}",
      9216,         0,         0,   0.055,pymatching,1938eb02fa174e4398af57ea22b7b299d6e80e0682a4886085d64e26cc5d8b28,"{""d"":9,""model"":""phenomenological"",""p"":0.005}",
      9216,         0,         0,   0.054,pymatching,1938eb02fa174e4398af57ea22b7b299d6e80e0682a4886085d64e26cc5d8b28,"{""d"":9,""model"":""phenomenological"",""p"":0.005}",
      9216,         0,         0,   0.054,pymatching,1938eb02fa174e4398af57ea22b7b299d6e80e0682a4886085d64e26cc5d8b28,"{""d"":9,""model"":""phenomenological"",""p"":0.005}",
      9216,         0,         0,   0.054,pymatching,1938eb02fa174e4398af57ea22b7b299d6e80e0682a4886085d64e26cc5d8b28,"{""d"":9,""model"":""phenomenological"",""p"":0.005}",
      9216,         0,         0,   0.055,pymatching,1938eb02fa174e4398af57ea22b7b299d6e80e0682a4886085d64e26cc5d8b28,"{""d"":9,""model"":""phenomenological"",""p"":0.005}",
      9216,         0,         0,   0.054,pymatching,1938eb02fa174e4398af57ea22b7b299d6e80e0682a4886085d64e26cc5d8b28,"{""d"":9,""model"":""phenomenological"",""p"":0.005}",
      9216,         0,         0,   0.055,pymatching,1938eb02fa174e4398af57ea22b7b299d6e80e0682a4886085d64e26cc5d8b28,"{""d"":9,""model"":""phenomenological"",""p"":0.005}",
      8192,         0,         0,   0.058,pymatching,1938eb02fa174e4398af57ea22b7b299d6e80e0682a4886085d64e26cc5d8b28,"{""d"":9,""model"":""phenomenological"",""p"":0.005}",
     13312,         0,         0,   0.078,pymatching,1938eb02fa174e4398af57ea22b7b299d6e80e0682a4886085d64e26cc5d8b28,"{""d"":9,""model"":""phenomenological"",""p"":0.005}",
     11264,         0,         0,   0.081,pymatching,1938eb02fa174e4398af57ea22b7b299d6e80e0682a4886085d64e26cc5d8b28,"{""d"":9,""model"":""phenomenological"",""p"":0.005}",
     11264,         0,         0,   0.078,pymatching,1938eb02fa174e4398af57ea22b7b299d6e80e0682a4886085d64e26cc5d8b28,"{""d"":9,""model"":""phenomenological"",""p"":0.005}",
     11264,         0,         0,   0.079,pymatching,1938eb02fa174e4398af57ea22b7b299d6e80e0682a4886085d64e26cc5d8b28,"{""d"":9,""model"":""phenomenological"",""p"":0.005}",
     11264,         0,         0,   0.079,pymatching,1938eb02fa174e4398af57ea22b7b299d6e80e0682a4886085d64e26cc5d8b28,"{""d"":9,""model"":""phenomenological"",""p"":0.005}",
     11264,         0,         0,   0.079,pymatching,1938eb02fa174e4398af57ea22b7b299d6e80e0682a4886085d64e26cc5d8b28,"{""d"":9,""model"":""phenomenological"",""p"":0.005}",
     11264,         0,         0,   0.079,pymatching,1938eb02fa174e4398af57ea22b7b299d6e80e0682a4886085d64e26cc5d8b28,"{""d"":9,""model"":""phenomenological"",""p"":0.005}",
     11264,         0,         0,   0.079,pymatching,1938eb02fa174e4398af57ea22b7b299d6e80e0682a4886085d64e26cc5d8b28,"{""d"":9,""model"":""phenomenological"",""p"":0.005}",
     11264,         0,         0,   0.079,pymatching,1938eb02fa174e4398af57ea22b7b299d6e80e0682a4886085d64e26cc5d8b28,"{""d"":9,""model"":""phenomenological"",""p"":0.005}",
     11264,         0,         0,   0.080,pymatching,1938eb02fa174e4398af57ea22b7b299d6e80e0682a4886085d64e26cc5d8b28,"{""d"":9,""model"":""phenomenological"",""p"":0.005}",
     11264,         0,         0,   0.079,pymatching,1938eb02fa174e4398af57ea22b7b299d6e80e0682a4886085d64e26cc5d8b28,"{""d"":9,""model"":""phenomenological"",""p"":0.005}",
     13312,         0,         0,   0.079,pymatching,1938eb02fa174e4398af57ea22b7b299d6e80e0682a4886085d64e26cc5d8b28,"{""d"":9,""model"":""phenomenological"",""p"":0.005}",
     11264,         0,         0,   0.079,pymatching,1938eb02fa174e4398af57ea22b7b299d6e80e0682a4886085d64e26cc5d8b28,"{""d"":9,""model"":""phenomenological"",""p"":0.005}",
     13312,         0,         0,   0.078,pymatching,1938eb02fa174e4398af57ea22b7b299d6e80e0682a4886085d64e26cc5d8b28,"{""d"":9,""model"":""phenomenological"",""p"":0.005}",
     13312,         0,         0,   0.077,pymatching,1938eb02fa174e4398af57ea22b7b299d6e80e0682a4886085d64e26cc5d8b28,"{""d"":9,""model"":""phenomenological"",""p"":0.005}",
     11264,         0,         0,   0.079,pymatching,1938eb02fa174e4398af57ea22b7b299d6e80e0682a4886085d64e26cc5d8b28,"{""d"":9,""model"":""phenomenological"",""p"":0.005}",
     13312,         0,         0,   0.078,pymatching,1938eb02fa174e4398af57ea22b7b299d6e80e0682a4886085d64e26cc5d8b28,"{""d"":9,""model"":""phenomenological"",""p"":0.005}",
     11264,         0,         0,   0.079,pymatching,1938eb02fa174e4398af57ea22b7b299d6e80e0682a4886085d64e26cc5d8b28,"{""d"":9,""model"":""phenomenological"",""p"":0.005}",
     13312,         0,         0,   0.078,pymatching,1938eb02fa174e4398af57ea22b7b299d6e80e0682a4886085d64e26cc5d8b28,"{""d"":9,""model"":""phenomenological"",""p"":0.005}",
     13312,         0,         0,   0.078,pymatching,1938eb02fa174e4398af57ea22b7b299d6e80e0682a4886085d64e26cc5d8b28,"{""d"":9,""model"":""phenomenological"",""p"":0.005}",
     13312,         0,         0,   0.078,pymatching,1938eb02fa174e4398af57ea22b7b299d6e80e0682a4886085d64e26cc5d8b28,"{""d"":9,""model"":""phenomenological"",""p"":0.005}",
     13312,         0,         0,   0.078,pymatching,1938eb02fa174e4398af57ea22b7b299d6e80e0682a4886085d64e26cc5d8b28,"{""d"":9,""model"":""phenomenological"",""p"":0.005}",
     13312,         0,         0,   0.079,pymatching,1938eb02fa174e4398af57ea22b7b299d6e80e0682a4886085d64e26cc5d8b28,"{""d"":9,""model"":""phenomenological"",""p"":0.005}",
     11264,         0,         0,   0.080,pymatching,1938eb02fa174e4398af57ea22b7b299d6e80e0682a4886085d64e26cc5d8b28,"{""d"":9,""model"":""phenomenological"",""p"":0.005}",
    274634,         0,         0,    1.89,pymatching,1938eb02fa174e4398af57ea22b7b299d6e80e0682a4886085d64e26cc5d8b28,"{""d"":9,""model"":""phenomenological"",""p"":0.005}",
    245760,         0,         0,    1.41,pymatching,1938eb02fa174e4398af57ea22b7b299d6e80e0682a4886085d64e26cc5d8b28,"{""d"":9,""model"":""phenomenological"",""p"":0.005}",
    247808,         0,         0,    1.40,pymatching,1938eb02fa174e4398af57ea22b7b299d6e80e0682a4886085d64e26cc5d8b28,"{""d"":9,""model"":""phenomenological"",""p"":0.005}",
    246784,         2,         0,    1.40,pymatching,1938eb02fa174e4398af57ea22b7b299d6e80e0682a4886085d64e26cc5d8b28,"{""d"":9,""model"":""phenomenological"",""p"":0.005}",
    272384,         2,         0,    1.90,pymatching,1938eb02fa174e4398af57ea22b7b299d6e80e0682a4886085d64e26cc5d8b28,"{""d"":9,""model"":""phenomenological"",""p"":0.005}",
     18432,         0,         0,   0.108,pymatching,1938eb02fa174e4398af57ea22b7b299d6e80e0682a4886085d64e26cc5d8b28,"{""d"":9,""model"":""phenomenological"",""p"":0.005}",
     15360,         0,         0,   0.107,pymatching,1938eb02fa174e4398af57ea22b7b299d6e80e0682a4886085d64e26cc5d8b28,"{""d"":9,""model"":""phenomenological"",""p"":0.005}",
     15360,         0,         0,   0.110,pymatching,1938eb02fa174e4398af57ea22b7b299d6e80e0682a4886085d64e26cc5d8b28,"{""d"":9,""model"":""phenomenological"",""p"":0.005}",
     15360,         0,         0,   0.107,pymatching,1938eb02fa174e4398af57ea22b7b299d6e80e0682a4886085d64e26cc5d8b28,"{""d"":9,""model"":""phenomenological"",""p"":0.005}",
     16384,         0,         0,   0.109,pymatching,1938eb02fa174e4398af57ea22b7b299d6e80e0682a4886085d64e26cc5d8b28,"{""d"":9,""model"":""phenomenological"",""p"":0.005}",
     15360,         0,         0,   0.107,pymatching,1938eb02fa174e4398af57ea22b7b299d6e80e0682a4886085d64e26cc5d8b28,"{""d"":9,""model"":""phenomenological"",""p"":0.005}",
     15360,         0,         0,   0.108,pymatching,1938eb02fa174e4398af57ea22b7b299d6e80e0682a4886085d64e26cc5d8b28,"{""d"":9,""model"":""phenomenological"",""p"":0.005}",
     15360,         0,         0,   0.108,pymatching,1938eb02fa174e4398af57ea22b7b299d6e80e0682a4886085d64e26cc5d8b28,"{""d"":9,""model"":""phenomenological"",""p"":0.005}",
     15360,         0,         0,   0.107,pymatching,1938eb02fa174e4398af57ea22b7b299d6e80e0682a4886085d64e26cc5d8b28,"{""d"":9,""model"":""phenomenological"",""p"":0.005}",
     15360,         0,         0,   0.107,pymatching,1938eb02fa174e4398af57ea22b7b299d6e80e0682a4886085d64e26cc5d8b28,"{""d"":9,""model"":""phenomenological"",""p"":0.005}",
     15360,         0,         0,   0.108,pymatching,1938eb02fa174e4398af57ea22b7b299d6e80e0682a4886085d64e26cc5d8b28,"{""d"":9,""model"":""phenomenological"",""p"":0.005}",
     18432,         0,         0,   0.109,pymatching,1938eb02fa174e4398af57ea22b7b299d6e80e0682a4886085d64e26cc5d8b28,"{""d"":9,""model"":""phenomenological"",""p"":0.005}",
     15360,         0,         0,   0.110,pymatching,1938eb02fa174e4398af57ea22b7b299d6e80e0682a4886085d64e26cc5d8b28,"{""d"":9,""model"":""phenomenological"",""p"":0.005}",
     18432,         0,         0,   0.108,pymatching,1938eb02fa174e4398af57ea22b7b299d6e80e0682a4886085d64e26cc5d8b28,"{""d"":9,""model"":""phenomenological"",""p"":0.005}",
     19456,         1,         0,   0.108,pymatching,1938eb02fa174e4398af57ea22b7b299d6e80e0682a4886085d64e26cc5d8b28,"{""d"":9,""model"":""phenomenological"",""p"":0.005}",
     15360,         0,         0,   0.108,pymatching,1938eb02fa174e4398af57ea22b7b299d6e80e0682a4886085d64e26cc5d8b28,"{""d"":9,""model"":""phenomenological"",""p"":0.005}",
     15360,         0,         0,   0.107,pymatching,1938eb02fa174e4398af57ea22b7b299d6e80e0682a4886085d64e26cc5d8b28,"{""d"":9,""model"":""phenomenological"",""p"":0.005}",
     18432,         1,         0,   0.108,pymatching,1938eb02fa174e4398af57ea22b7b299d6e80e0682a4886085d64e26cc5d8b28,"{""d"":9,""model"":""phenomenological"",""p"":0.005}",
     19456,         0,         0,   0.109,pymatching,1938eb02fa174e4398af57ea22b7b299d6e80e0682a4886085d64e26cc5d8b28,"{""d"":9,""model"":""phenomenological"",""p"":0.005}",
     18432,         0,         0,   0.109,pymatching,1938eb02fa174e4398af57ea22b7b299d6e80e0682a4886085d64e26cc5d8b28,"{""d"":9,""model"":""phenomenological"",""p"":0.005}",
     18432,         0,         0,   0.108,pymatching,1938eb02fa174e4398af57ea22b7b299d6e80e0682a4886085d64e26cc5d8b28,"{""d"":9,""model"":""phenomenological"",""p"":0.005}",
     18432,         0,         0,   0.109,pymatching,1938eb02fa174e4398af57ea22b7b299d6e80e0682a4886085d64e26cc5d8b28,"{""d"":9,""model"":""phenomenological"",""p"":0.005}",
     18432,         0,         0,   0.109,pymatching,1938eb02fa174e4398af57ea22b7b299d6e80e0682a4886085d64e26cc5d8b28,"{""d"":9,""model"":""phenomenological"",""p"":0.005}",
     15360,         0,         0,   0.109,pymatching,1938eb02fa174e4398af57ea22b7b299d6e80e0682a4886085d64e26cc5d8b28,"{""d"":9,""model"":""phenomenological"",""p"":0.005}",
    219136,         2,         0,    1.55,pymatching,1938eb02fa174e4398af57ea22b7b299d6e80e0682a4886085d64e26cc5d8b28,"{""d"":9,""model"":""phenomenological"",""p"":0.005}",
    227328,         1,         0,    1.55,pymatching,1938eb02fa174e4398af57ea22b7b299d6e80e0682a4886085d64e26cc5d8b28,"{""d"":9,""model"":""phenomenological"",""p"":0.005}",
    219136,         0,         0,    1.55,pymatching,1938eb02fa174e4398af57ea22b7b299d6e80e0682a4886085d64e26cc5d8b28,"{""d"":9,""model"":""phenomenological"",""p"":0.005}",
    219136,         2,         0,    1.55,pymatching,1938eb02fa174e4398af57ea22b7b299d6e80e0682a4886085d64e26cc5d8b28,"{""d"":9,""model"":""phenomenological"",""p"":0.005}",
    219136,         0,         0,    1.55,pymatching,1938eb02fa174e4398af57ea22b7b299d6e80e0682a4886085d64e26cc5d8b28,"{""d"":9,""model"":""phenomenological"",""p"":0.005}",
     25600,         0,         0,   0.149,pymatching,1938eb02fa174e4398af57ea22b7b299d6e80e0682a4886085d64e26cc5d8b28,"{""d"":9,""model"":""phenomenological"",""p"":0.005}",
     21504,         0,         0,   0.150,pymatching,1938eb02fa174e4398af57ea22b7b299d6e80e0682a4886085d64e26cc5d8b28,"{""d"":9,""model"":""phenomenological"",""p"":0.005}",
     20480,         0,         0,   0.146,pymatching,1938eb02fa174e4398af57ea22b7b299d6e80e0682a4886085d64e26cc5d8b28,"{""d"":9,""model"":""phenomenological"",""p"":0.005}",
     21504,         0,         0,   0.150,pymatching,1938eb02fa174e4398af57ea22b7b299d6e80e0682a4886085d64e26cc5d8b28,"{""d"":9,""model"":""phenomenological"",""p"":0.005}",
     21504,         0,         0,   0.150,pymatching,1938eb02fa174e4398af57ea22b7b299d6e80e0682a4886085d64e26cc5d8b28,"{""d"":9,""model"":""phenomenological"",""p"":0.005}",
     21504,         0,         0,   0.153,pymatching,1938eb02fa174e4398af57ea22b7b299d6e80e0682a4886085d64e26cc5d8b28,"{""d"":9,""model"":""phenomenological"",""p"":0.005}",
     21504,         0,         0,   0.151,pymatching,1938eb02fa174e4398af57ea22b7b299d6e80e0682a4886085d64e26cc5d8b28,"{""d"":9,""model"":""phenomenological"",""p"":0.005}",
     21504,         0,         0,   0.150,pymatching,1938eb02fa174e4398af57ea22b7b299d6e80e0682a4886085d64e26cc5d8b28,"{""d"":9,""model"":""phenomenological"",""p"":0.005}",
     21504,         0,         0,   0.152,pymatching,1938eb02fa174e4398af57ea22b7b299d6e80e0682a4886085d64e26cc5d8b28,"{""d"":9,""model"":""phenomenological"",""p"":0.005}",
     21504,         0,         0,   0.150,pymatching,1938eb02fa174e4398af57ea22b7b299d6e80e0682a4886085d64e26cc5d8b28,"{""d"":9,""model"":""phenomenological"",""p"":0.005}",
     21504,         0,         0,   0.151,pymatching,1938eb02fa174e4398af57ea22b7b299d6e80e0682a4886085d64e26cc5d8b28,"{""d"":9,""model"":""phenomenological"",""p"":0.005}",
     25600,         0,         0,   0.151,pymatching,1938eb02fa174e4398af57ea22b7b299d6e80e0682a4886085d64e26cc5d8b28,"{""d"":9,""model"":""phenomenological"",""p"":0.005}",
     25600,         0,         0,   0.150,pymatching,1938eb02fa174e4398af57ea22b7b299d6e80e0682a4886085d64e26cc5d8b28,"{""d"":9,""model"":""phenomenological"",""p"":0.005}",
     21504,         0,         0,   0.152,pymatching,1938eb02fa174e4398af57ea22b7b299d6e80e0682a4886085d64e26cc5d8b28,"{""d"":9,""model"":""phenomenological"",""p"":0.005}",
     21504,         0,         0,   0.150,pymatching,1938eb02fa174e4398af57ea22b7b299d6e80e0682a4886085d64e26cc5d8b28,"{""d"":9,""model"":""phenomenological"",""p"":0.005}",
     25600,         0,         0,   0.151,pymatching,1938eb02fa174e4398af57ea22b7b299d6e80e0682a4886085d64e26cc5d8b28,"{""d"":9,""model"":""phenomenological"",""p"":0.005}",
     25600,         0,         0,   0.149,pymatching,1938eb02fa174e4398af57ea22b7b299d6e80e0682a4886085d64e26cc5d8b28,"{""d"":9,""model"":""phenomenological"",""p"":0.005}",
     21504,         0,         0,   0.151,pymatching,1938eb02fa174e4398af57ea22b7b299d6e80e0682a4886085d64e26cc5d8b28,"{""d"":9,""model"":""phenomenological"",""p"":0.005}",
     25600,         1,         0,   0.151,pymatching,1938eb02fa174e4398af57ea22b7b299d6e80e0682a4886085d64e26cc5d8b28,"{""d"":9,""model"":""phenomenological"",""p"":0.005}",
     25600,         0,         0,   0.150,pymatching,1938eb02fa174e4398af57ea22b7b299d6e80e0682a4886085d64e26cc5d8b28,"{""d"":9,""model"":""phenomenological"",""p"":0.005}",
     25600,         0,         0,   0.150,pymatching,1938eb02fa174e4398af57ea22b7b299d6e80e0682a4886085d64e26cc5d8b28,"{""d"":9,""model"":""phenomenological"",""p"":0.005}",
     25600,         0,         0,   0.151,pymatching,1938eb02fa174e4398af57ea22b7b299d6e80e0682a4886085d64e26cc5d8b28,"{""d"":9,""model"":""phenomenological"",""p"":0.005}",
     25600,         0,         0,   0.151,pymatching,1938eb02fa174e4398af57ea22b7b299d6e80e0682a4886085d64e26cc5d8b28,"{""d"":9,""model"":""phenomenological"",""p"":0.005}",
     21504,         0,         0,   0.152,pymatching,1938eb02fa174e4398af57ea22b7b299d6e80e0682a4886085d64e26cc5d8b28,"{""d"":9,""model"":""phenomenological"",""p"":0.005}",
     15763,         0,         0,   0.110,pymatching,1938eb02fa174e4398af57ea22b7b299d6e80e0682a4886085d64e26cc5d8b28,"{""d"":9,""model"":""phenomenological"",""p"":0.005}",
    185344,         0,         0,    1.08,pymatching,1938eb02fa174e4398af57ea22b7b299d6e80e0682a4886085d64e26cc5d8b28,"{""d"":9,""model"":""phenomenological"",""p"":0.005}",
    183296,         1,         0,    1.08,pymatching,1938eb02fa174e4398af57ea22b7b299d6e80e0682a4886085d64e26cc5d8b28,"{""d"":9,""model"":""phenomenological"",""p"":0.005}",
    191488,         1,         0,    1.08,pymatching,1938eb02fa174e4398af57ea22b7b299d6e80e0682a4886085d64e26cc5d8b28,"{""d"":9,""model"":""phenomenological"",""p"":0.005}",
    190464,         2,         0,    1.08,pymatching,1938eb02fa174e4398af57ea22b7b299d6e80e0682a4886085d64e26cc5d8b28,"{""d"":9,""model"":""phenomenological"",""p"":0.005}",
    193536,         1,         0,    1.09,pymatching,1938eb02fa174e4398af57ea22b7b299d6e80e0682a4886085d64e26cc5d8b28,"{""d"":9,""model"":""phenomenological"",""p"":0.005}",
    186368,         0,         0,    1.09,pymatching,1938eb02fa174e4398af57ea22b7b299d6e80e0682a4886085d64e26cc5d8b28,"{""d"":9,""model"":""phenomenological"",""p"":0.005}",
    178698,         0,         0,   0.996,pymatching,1938eb02fa174e4398af57ea22b7b299d6e80e0682a4886085d64e26cc5d8b28,"{""d"":9,""model"":""phenomenological"",""p"":0.005}",
    169984,         1,         0,   0.993,pymatching,1938eb02fa174e4398af57ea22b7b299d6e80e0682a4886085d64e26cc5d8b28,"{""d"":9,""model"":""phenomenological"",""p"":0.005}",
    172032,         1,         0,   0.999,pymatching,1938eb02fa174e4398af57ea22b7b299d6e80e0682a4886085d64e26cc5d8b28,"{""d"":9,""model"":""phenomenological"",""p"":0.005}",
    151423,         1,         0,    1.02,pymatching,1938eb02fa174e4398af57ea22b7b299d6e80e0682a4886085d64e26cc5d8b28,"{""d"":9,""model"":""phenomenological"",""p"":0.005}",
    145408,         0,         0,   0.850,pymatching,1938eb02fa174e4398af57ea22b7b299d6e80e0682a4886085d64e26cc5d8b28,"{""d"":9,""model"":""phenomenological"",""p"":0.005}",
     35840,         0,         0,   0.209,pymatching,1938eb02fa174e4398af57ea22b7b299d6e80e0682a4886085d64e26cc5d8b28,"{""d"":9,""model"":""phenomenological"",""p"":0.005}",
     29696,         0,         0,   0.207,pymatching,1938eb02fa174e4398af57ea22b7b299d6e80e0682a4886085d64e26cc5d8b28,"{""d"":9,""model"":""phenomenological"",""p"":0.005}",
     29696,         0,         0,   0.210,pymatching,1938eb02fa174e4398af57ea22b7b299d6e80e0682a4886085d64e26cc5d8b28,"{""d"":9,""model"":""phenomenological"",""p"":0.005}",
     29696,         0,         0,   0.210,pymatching,1938eb02fa174e4398af57ea22b7b299d6e80e0682a4886085d64e26cc5d8b28,"{""d"":9,""model"":""phenomenological"",""p"":0.005}",
     30720,         0,         0,   0.209,pymatching,1938eb02fa174e4398af57ea22b7b299d6e80e0682a4886085d64e26cc5d8b28,"{""d"":9,""model"":""phenomenological"",""p"":0.005}",
     29696,         0,         0,   0.210,pymatching,1938eb02fa174e4398af57ea22b7b299d6e80e0682a4886085d64e26cc5d8b28,"{""d"":9,""model"":""phenomenological"",""p"":0.005}",
     28672,         0,         0,   0.206,pymatching,1938eb02fa174e4398af57ea22b7b299d6e80e0682a4886085d64e26cc5d8b28,"{""d"":9,""model"":""phenomenological"",""p"":0.005}",
     29696,         0,         0,   0.211,pymatching,1938eb02fa174e4398af57ea22b7b299d6e80e0682a4886085d64e26cc5d8b28,"{""d"":9,""model"":""phenomenological"",""p"":0.005}",
     30720,         0,         0,   0.209,pymatching,1938eb02fa174e4398af57ea22b7b299d6e80e0682a4886085d64e26cc5d8b28,"{""d"":9,""model"":""phenomenological"",""p"":0.005}",
     34816,         0,         0,   0.204,pymatching,1938eb02fa174e4398af57ea22b7b299d6e80e0682a4886085d64e26cc5d8b28,"{""d"":9,""model"":""phenomenological"",""p"":0.005}",
     29696,         0,         0,   0.208,pymatching,1938eb02fa174e4398af57ea22b7b299d6e80e0682a4886085d64e26cc5d8b28,"{""d"":9,""model"":""phenomenological"",""p"":0.005}",
     29696,         0,         0,   0.210,pymatching,1938eb02fa174e4398af57ea22b7b299d6e80e0682a4886085d64e26cc5d8b28,"{""d"":9,""model"":""phenomenological"",""p"":0.005}",
     34816,         0,         0,   0.204,pymatching,1938eb02fa174e4398af57ea22b7b299d6e80e0682a4886085d64e26cc5d8b28,"{""d"":9,""model"":""phenomenological"",""p"":0.005}",
     36864,         0,         0,   0.209,pymatching,1938eb02fa174e4398af57ea22b7b299d6e80e0682a4886085d64e26cc5d8b28,"{""d"":9,""model"":""phenomenological"",""p"":0.005}",
     36864,         0,         0,   0.211,pymatching,1938eb02fa174e4398af57ea22b7b299d6e80e0682a4886085d64e26cc5d8b28,"{""d"":9,""model"":""phenomenological"",""p"":0.005}",
     34816,         0,         0,   0.206,pymatching,1938eb02fa174e4398af57ea22b7b299d6e80e0682a4886085d64e26cc5d8b28,"{""d"":9,""model"":""phenomenological"",""p"":0.005}",
     35840,         0,         0,   0.209,pymatching,1938eb02fa174e4398af57ea22b7b299d6e80e0682a4886085d64e26cc5d8b28,"{""d"":9,""model"":""phenomenological"",""p"":0.005}",
     35840,         0,         0,   0.205,pymatching,1938eb02fa174e4398af57ea22b7b299d6e80e0682a4886085d64e26cc5d8b28,"{""d"":9,""model"":""phenomenological"",""p"":0.005}",
     29696,         0,         0,   0.210,pymatching,1938eb02fa174e4398af57ea22b7b299d6e80e0682a4886085d64e26cc5d8b28,"{""d"":9,""model"":""phenomenological"",""p"":0.005}",
     29696,         0,         0,   0.210,pymatching,1938eb02fa174e4398af57ea22b7b299d6e80e0682a4886085d64e26cc5d8b28,"{""d"":9,""model"":""phenomenological"",""p"":0.005}",
     29696,         0,         0,   0.210,pymatching,1938eb02fa174e4398af57ea22b7b299d6e80e0682a4886085d64e26cc5d8b28,"{""d"":9,""model"":""phenomenological"",""p"":0.005}",
     34816,         0,         0,   0.205,pymatching,1938eb02fa174e4398af57ea22b7b299d6e80e0682a4886085d64e26cc5d8b28,"{""d"":9,""model"":""phenomenological"",""p"":0.005}",
     35840,         0,         0,   0.208,pymatching,1938eb02fa174e4398af57ea22b7b299d6e80e0682a4886085d64e26cc5d8b28,"{""d"":9,""model"":""phenomenological"",""p"":0.005}",
     28672,         0,         0,   0.206,pymatching,1938eb02fa174e4398af57ea22b7b299d6e80e0682a4886085d64e26cc5d8b28,"{""d"":9,""model"":""phenomenological"",""p"":0.005}",
    141144,         1,         0,   0.987,pymatching,1938eb02fa174e4398af57ea22b7b299d6e80e0682a4886085d64e26cc5d8b28,"{""d"":9,""model"":""phenomenological"",""p"":0.005}",
    138240,         0,         0,   0.811,pymatching,1938eb02fa174e4398af57ea22b7b299d6e80e0682a4886085d64e26cc5d8b28,"{""d"":9,""model"":""phenomenological"",""p"":0.005}",
    119088,         0,         0,   0.833,pymatching,1938eb02fa174e4398af57ea22b7b299d6e80e0682a4886085d64e26cc5d8b28,"{""d"":9,""model"":""phenomenological"",""p"":0.005}",
    113727,         0,         0,   0.665,pymatching,1938eb02fa174e4398af57ea22b7b299d6e80e0682a4886085d64e26cc5d8b28,"{""d"":9,""model"":""phenomenological"",""p"":0.005}",
    112640,         1,         0,   0.659,pymatching,1938eb02fa174e4398af57ea22b7b299d6e80e0682a4886085d64e26cc5d8b28,"{""d"":9,""model"":""phenomenological"",""p"":0.005}",
    112640,         0,         0,   0.662,pymatching,1938eb02fa174e4398af57ea22b7b299d6e80e0682a4886085d64e26cc5d8b28,"{""d"":9,""model"":""phenomenological"",""p"":0.005}",
     49152,         0,         0,   0.287,pymatching,1938eb02fa174e4398af57ea22b7b299d6e80e0682a4886085d64e26cc5d8b28,"{""d"":9,""model"":""phenomenological"",""p"":0.005}",
     41984,         0,         0,   0.292,pymatching,1938eb02fa174e4398af57ea22b7b299d6e80e0682a4886085d64e26cc5d8b28,"{""d"":9,""model"":""phenomenological"",""p"":0.005}",
     40960,         0,         0,   0.288,pymatching,1938eb02fa174e4398af57ea22b7b299d6e80e0682a4886085d64e26cc5d8b28,"{""d"":9,""model"":""phenomenological"",""p"":0.005}",
     40960,         0,         0,   0.290,pymatching,1938eb02fa174e4398af57ea22b7b299d6e80e0682a4886085d64e26cc5d8b28,"{""d"":9,""model"":""phenomenological"",""p"":0.005}",
     40960,         1,         0,   0.292,pymatching,1938eb02fa174e4398af57ea22b7b299d6e80e0682a4886085d64e26cc5d8b28,"{""d"":9,""model"":""phenomenological"",""p"":0.005}",
     40960,         0,         0,   0.291,pymatching,1938eb02fa174e4398af57ea22b7b299d6e80e0682a4886085d64e26cc5d8b28,"{""d"":9,""model"":""phenomenological"",""p"":0.005}",
     40960,         0,         0,   0.290,pymatching,1938eb02fa174e4398af57ea22b7b299d6e80e0682a4886085d64e26cc5d8b28,"{""d"":9,""model"":""phenomenological"",""p"":0.005}",
     40960,         0,         0,   0.287,pymatching,1938eb02fa174e4398af57ea22b7b299d6e80e0682a4886085d64e26cc5d8b28,"{""d"":9,""model"":""phenomenological"",""p"":0.005}",
     40960,         0,         0,   0.291,pymatching,1938eb02fa174e4398af57ea22b7b299d6e80e0682a4886085d64e26cc5d8b28,"{""d"":9,""model"":""phenomenological"",""p"":0.005}",
     49152,         0,         0,   0.288,pymatching,1938eb02fa174e4398af57ea22b7b299d6e80e0682a4886085d64e26cc5d8b28,"{""d"":9,""model"":""phenomenological"",""p"":0.005}",
     50176,         0,         0,   0.287,pymatching,1938eb02fa174e4398af57ea22b7b299d6e80e0682a4886085d64e26cc5d8b28,"{""d"":9,""model"":""phenomenological"",""p"":0.005}",
     40960,         0,         0,   0.289,pymatching,1938eb02fa174e4398af57ea22b7b299d6e80e0682a4886085d64e26cc5d8b28,"{""d"":9,""model"":""phenomenological"",""p"":0.005}",
     41984,         0,         0,   0.290,pymatching,1938eb02fa174e4398af57ea22b7b299d6e80e0682a4886085d64e26cc5d8b28,"{""d"":9,""model"":""phenomenological"",""p"":0.005}",
     49152,         0,         0,   0.287,pymatching,1938eb02fa174e4398af57ea22b7b299d6e80e0682a4886085d64e26cc5d8b28,"{""d"":9,""model"":""phenomenological"",""p"":0.005}",
     49152,         1,         0,   0.290,pymatching,1938eb02fa174e4398af57ea22b7b299d6e80e0682a4886085d64e26cc5d8b28,"{""d"":9,""model"":""phenomenological"",""p"":0.005}",
     50176,         0,         0,   0.289,pymatching,1938eb02fa174e4398af57ea22b7b299d6e80e0682a4886085d64e26cc5d8b28,"{""d"":9,""model"":""phenomenological"",""p"":0.005}",
     50176,         0,         0,   0.287,pymatching,1938eb02fa174e4398af57ea22b7b299d6e80e0682a4886085d64e26cc5d8b28,"{""d"":9,""model"":""phenomenological"",""p"":0.005}",
     49152,         0,         0,   0.289,pymatching,1938eb02fa174e4398af57ea22b7b299d6e80e0682a4886085d64e26cc5d8b28,"{""d"":9,""model"":""phenomenological"",""p"":0.005}",
     40960,         0,         0,   0.289,pymatching,1938eb02fa174e4398af57ea22b7b299d6e80e0682a4886085d64e26cc5d8b28,"{""d"":9,""model"":""phenomenological"",""p"":0.005}",
     49152,         0,         0,   0.290,pymatching,1938eb02fa174e4398af57ea22b7b299d6e80e0682a4886085d64e26cc5d8b28,"{""d"":9,""model"":""phenomenological"",""p"":0.005}",
     40960,         0,         0,   0.291,pymatching,1938eb02fa174e4398af57ea22b7b299d6e80e0682a4886085d64e26cc5d8b28,"{""d"":9,""model"":""phenomenological"",""p"":0.005}",
     50176,         0,         0,   0.292,pymatching,1938eb02fa174e4398af57ea22b7b299d6e80e0682a4886085d64e26cc5d8b28,"{""d"":9,""model"":""phenomenological"",""p"":0.005}",
     40960,         0,         0,   0.293,pymatching,1938eb02fa174e4398af57ea22b7b299d6e80e0682a4886085d64e26cc5d8b28,"{""d"":9,""model"":""phenomenological"",""p"":0.005}",
     40960,         0,         0,   0.291,pymatching,1938eb02fa174e4398af57ea22b7b299d6e80e0682a4886085d64e26cc5d8b28,"{""d"":9,""model"":""phenomenological"",""p"":0.005}",
    111358,         0,         0,   0.776,pymatching,1938eb02fa174e4398af57ea22b7b299d6e80e0682a4886085d64e26cc5d8b28,"{""d"":9,""model"":""phenomenological"",""p"":0.005}",
     89088,         0,         0,   0.628,pymatching,1938eb02fa174e4398af57ea22b7b299d6e80e0682a4886085d64e26cc5d8b28,"{""d"":9,""model"":""phenomenological"",""p"":0.005}",
     88064,         1,         0,   0.512,pymatching,1938eb02fa174e4398af57ea22b7b299d6e80e0682a4886085d64e26cc5d8b28,"{""d"":9,""model"":""phenomenological"",""p"":0.005}",
     89088,         0,         0,   0.523,pymatching,1938eb02fa174e4398af57ea22b7b299d6e80e0682a4886085d64e26cc5d8b28,"{""d"":9,""model"":""phenomenological"",""p"":0.005}",
    109568,         0,         0,   0.774,pymatching,1938eb02fa174e4398af57ea22b7b299d6e80e0682a4886085d64e26cc5d8b28,"{""d"":9,""model"":""phenomenological"",""p"":0.005}",
     88064,         0,         0,   0.519,pymatching,1938eb02fa174e4398af57ea22b7b299d6e80e0682a4886085d64e26cc5d8b28,"{""d"":9,""model"":""phenomenological"",""p"":0.005}",
     90112,         0,         0,   0.634,pymatching,1938eb02fa174e4398af57ea22b7b299d6e80e0682a4886085d64e26cc5d8b28,"{""d"":9,""model"":""phenomenological"",""p"":0.005}",
     88064,         0,         0,   0.519,pymatching,1938eb02fa174e4398af57ea22b7b299d6e80e0682a4886085d64e26cc5d8b28,"{""d"":9,""model"":""phenomenological"",""p"":0.005}",
     91136,         2,         0,   0.646,pymatching,1938eb02fa174e4398af57ea22b7b299d6e80e0682a4886085d64e26cc5d8b28,"{""d"":9,""model"":""phenomenological"",""p"":0.005}",
     90112,         0,         0,   0.638,pymatching,1938eb02fa174e4398af57ea22b7b299d6e80e0682a4886085d64e26cc5d8b28,"{""d"":9,""model"":""phenomenological"",""p"":0.005}",
     90112,         0,         0,   0.522,pymatching,1938eb02fa174e4398af57ea22b7b299d6e80e0682a4886085d64e26cc5d8b28,"{""d"":9,""model"":""phenomenological"",""p"":0.005}",
     88064,         0,         0,   0.519,pymatching,1938eb02fa174e4398af57ea22b7b299d6e80e0682a4886085d64e26cc5d8b28,"{""d"":9,""model"":""phenomenological"",""p"":0.005}",
     82030,         0,         0,   0.475,pymatching,1938eb02fa174e4398af57ea22b7b299d6e80e0682a4886085d64e26cc5d8b28,"{""d"":9,""model"":""phenomenological"",""p"":0.005}",
     82030,         0,         0,   0.477,pymatching,1938eb02fa174e4398af57ea22b7b299d6e80e0682a4886085d64e26cc5d8b28,"{""d"":9,""model"":""phenomenological"",""p"":0.005}",
     76800,         0,         0,   0.538,pymatching,1938eb02fa174e4398af57ea22b7b299d6e80e0682a4886085d64e26cc5d8b28,"{""d"":9,""model"":""phenomenological"",""p"":0.005}",
     81920,         0,         0,   0.479,pymatching,1938eb02fa174e4398af57ea22b7b299d6e80e0682a4886085d64e26cc5d8b28,"{""d"":9,""model"":""phenomenological"",""p"":0.005}",
     64512,         0,         0,   0.450,pymatching,1938eb02fa174e4398af57ea22b7b299d6e80e0682a4886085d64e26cc5d8b28,"{""d"":9,""model"":""phenomenological"",""p"":0.005}",
     78848,         0,         0,   0.459,pymatching,1938eb02fa174e4398af57ea22b7b299d6e80e0682a4886085d64e26cc5d8b28,"{""d"":9,""model"":""phenomenological"",""p"":0.005}",
     59457,         1,         0,   0.348,pymatching,1938eb02fa174e4398af57ea22b7b299d6e80e0682a4886085d64e26cc5d8b28,"{""d"":9,""model"":""phenomenological"",""p"":0.005}",
     51200,         0,         0,   0.352,pymatching,1938eb02fa174e4398af57ea22b7b299d6e80e0682a4886085d64e26cc5d8b28,"{""d"":9,""model"":""phenomenological"",""p"":0.005}",
     30564,         0,         0,   0.179,pymatching,1938eb02fa174e4398af57ea22b7b299d6e80e0682a4886085d64e26cc5d8b28,"{""d"":9,""model"":""phenomenological"",""p"":0.005}",
     50216,         0,         0,   0.353,pymatching,1938eb02fa174e4398af57ea22b7b299d6e80e0682a4886085d64e26cc5d8b28,"{""d"":9,""model"":""phenomenological"",""p"":0.005}",
     47467,         0,         0,   0.277,pymatching,1938eb02fa174e4398af57ea22b7b299d6e80e0682a4886085d64e26cc5d8b28,"{""d"":9,""model"":""phenomenological"",""p"":0.005}",
     47467,         0,         0,   0.278,pymatching,1938eb02fa174e4398af57ea22b7b299d6e80e0682a4886085d64e26cc5d8b28,"{""d"":9,""model"":""phenomenological"",""p"":0.005}",
     47104,         0,         0,   0.278,pymatching,1938eb02fa174e4398af57ea22b7b299d6e80e0682a4886085d64e26cc5d8b28,"{""d"":9,""model"":""phenomenological"",""p"":0.005}",
     46478,         0,         0,   0.265,pymatching,1938eb02fa174e4398af57ea22b7b299d6e80e0682a4886085d64e26cc5d8b28,"{""d"":9,""model"":""phenomenological"",""p"":0.005}",
     45489,         0,         0,   0.261,pymatching,1938eb02fa174e4398af57ea22b7b299d6e80e0682a4886085d64e26cc5d8b28,"{""d"":9,""model"":""phenomenological"",""p"":0.005}",
     45056,         0,         0,   0.265,pymatching,1938eb02fa174e4398af57ea22b7b299d6e80e0682a4886085d64e26cc5d8b28,"{""d"":9,""model"":""phenomenological"",""p"":0.005}",
     46080,         0,         0,   0.266,pymatching,1938eb02fa174e4398af57ea22b7b299d6e80e0682a4886085d64e26cc5d8b28,"{""d"":9,""model"":""phenomenological"",""p"":0.005}",
     46080,         0,         0,   0.271,pymatching,1938eb02fa174e4398af57ea22b7b299d6e80e0682a4886085d64e26cc5d8b28,"{""d"":9,""model"":""phenomenological"",""p"":0.005}",
     45056,         0,         0,   0.264,pymatching,1938eb02fa174e4398af57ea22b7b299d6e80e0682a4886085d64e26cc5d8b28,"{""d"":9,""model"":""phenomenological"",""p"":0.005}",
     45056,         0,         0,   0.265,pymatching,1938eb02fa174e4398af57ea22b7b299d6e80e0682a4886085d64e26cc5d8b28,"{""d"":9,""model"":""phenomenological"",""p"":0.005}",
     46080,         0,         0,   0.269,pymatching,1938eb02fa174e4398af57ea22b7b299d6e80e0682a4886085d64e26cc5d8b28,"{""d"":9,""model"":""phenomenological"",""p"":0.005}",
     46080,         0,         0,   0.264,pymatching,1938eb02fa174e4398af57ea22b7b299d6e80e0682a4886085d64e26cc5d8b28,"{""d"":9,""model"":""phenomenological"",""p"":0.005}",
     42591,         0,         0,   0.293,pymatching,1938eb02fa174e4398af57ea22b7b299d6e80e0682a4886085d64e26cc5d8b28,"{""d"":9,""model"":""phenomenological"",""p"":0.005}",
     40960,         0,         0,   0.290,pymatching,1938eb02fa174e4398af57ea22b7b299d6e80e0682a4886085d64e26cc5d8b28,"{""d"":9,""model"":""phenomenological"",""p"":0.005}",
     38912,         0,         0,   0.276,pymatching,1938eb02fa174e4398af57ea22b7b299d6e80e0682a4886085d64e26cc5d8b28,"{""d"":9,""model"":""phenomenological"",""p"":0.005}",
     39936,         0,         0,   0.282,pymatching,1938eb02fa174e4398af57ea22b7b299d6e80e0682a4886085d64e26cc5d8b28,"{""d"":9,""model"":""phenomenological"",""p"":0.005}",
     41984,         0,         0,   0.295,pymatching,1938eb02fa174e4398af57ea22b7b299d6e80e0682a4886085d64e26cc5d8b28,"{""d"":9,""model"":""phenomenological"",""p"":0.005}",
     40960,         0,         0,   0.290,pymatching,1938eb02fa174e4398af57ea22b7b299d6e80e0682a4886085d64e26cc5d8b28,"{""d"":9,""model"":""phenomenological"",""p"":0.005}",
     41984,         0,         0,   0.288,pymatching,1938eb02fa174e4398af57ea22b7b299d6e80e0682a4886085d64e26cc5d8b28,"{""d"":9,""model"":""phenomenological"",""p"":0.005}",
     39936,         0,         0,   0.282,pymatching,1938eb02fa174e4398af57ea22b7b299d6e80e0682a4886085d64e26cc5d8b28,"{""d"":9,""model"":""phenomenological"",""p"":0.005}",
     43008,         0,         0,   0.301,pymatching,1938eb02fa174e4398af57ea22b7b299d6e80e0682a4886085d64e26cc5d8b28,"{""d"":9,""model"":""phenomenological"",""p"":0.005}",
     43008,         0,         0,   0.297,pymatching,1938eb02fa174e4398af57ea22b7b299d6e80e0682a4886085d64e26cc5d8b28,"{""d"":9,""model"":""phenomenological"",""p"":0.005}",
     41984,         0,         0,   0.296,pymatching,1938eb02fa174e4398af57ea22b7b299d6e80e0682a4886085d64e26cc5d8b28,"{""d"":9,""model"":""phenomenological"",""p"":0.005}",
     38912,         0,         0,   0.277,pymatching,1938eb02fa174e4398af57ea22b7b299d6e80e0682a4886085d64e26cc5d8b28,"{""d"":9,""model"":""phenomenological"",""p"":0.005}",
     43008,         0,         0,   0.294,pymatching,1938eb02fa174e4398af57ea22b7b299d6e80e0682a4886085d64e26cc5d8b28,"{""d"":9,""model"":""phenomenological"",""p"":0.005}",
     40960,         0,         0,   0.291,pymatching,1938eb02fa174e4398af57ea22b7b299d6e80e0682a4886085d64e26cc5d8b28,"{""d"":9,""model"":""phenomenological"",""p"":0.005}",
     35048,         0,         0,   0.198,pymatching,1938eb02fa174e4398af57ea22b7b299d6e80e0682a4886085d64e26cc5d8b28,"{""d"":9,""model"":""phenomenological"",""p"":0.005}",
     28672,         0,         0,   0.200,pymatching,1938eb02fa174e4398af57ea22b7b299d6e80e0682a4886085d64e26cc5d8b28,"{""d"":9,""model"":""phenomenological"",""p"":0.005}",
     33792,         0,         0,   0.198,pymatching,1938eb02fa174e4398af57ea22b7b299d6e80e0682a4886085d64e26cc5d8b28,"{""d"":9,""model"":""phenomenological"",""p"":0.005}",
     32768,         0,         0,   0.191,pymatching,1938eb02fa174e4398af57ea22b7b299d6e80e0682a4886085d64e26cc5d8b28,"{""d"":9,""model"":""phenomenological"",""p"":0.005}",
     35048,         0,         0,   0.206,pymatching,1938eb02fa174e4398af57ea22b7b299d6e80e0682a4886085d64e26cc5d8b28,"{""d"":9,""model"":""phenomenological"",""p"":0.005}",
     31744,         0,         0,   0.187,pymatching,1938eb02fa174e4398af57ea22b7b299d6e80e0682a4886085d64e26cc5d8b28,"{""d"":9,""model"":""phenomenological"",""p"":0.005}",
     32768,         0,         0,   0.193,pymatching,1938eb02fa174e4398af57ea22b7b299d6e80e0682a4886085d64e26cc5d8b28,"{""d"":9,""model"":""phenomenological"",""p"":0.005}",
     33792,         0,         0,   0.200,pymatching,1938eb02fa174e4398af57ea22b7b299d6e80e0682a4886085d64e26cc5d8b28,"{""d"":9,""model"":""phenomenological"",""p"":0.005}",
     28672,         0,         0,   0.201,pymatching,1938eb02fa174e4398af57ea22b7b299d6e80e0682a4886085d64e26cc5d8b28,"{""d"":9,""model"":""phenomenological"",""p"":0.005}",
     26624,         0,         0,   0.183,pymatching,1938eb02fa174e4398af57ea22b7b299d6e80e0682a4886085d64e26cc5d8b28,"{""d"":9,""model"":""phenomenological"",""p"":0.005}",
     34816,         0,         0,   0.201,pymatching,1938eb02fa174e4398af57ea22b7b299d6e80e0682a4886085d64e26cc5d8b28,"{""d"":9,""model"":""phenomenological"",""p"":0.005}",
     24576,         1,         0,   0.137,pymatching,1938eb02fa174e4398af57ea22b7b299d6e80e0682a4886085d64e26cc5d8b28,"{""d"":9,""model"":""phenomenological"",""p"":0.005}",
     33792,         0,         0,   0.197,pymatching,1938eb02fa174e4398af57ea22b7b299d6e80e0682a4886085d64e26cc5d8b28,"{""d"":9,""model"":""phenomenological"",""p"":0.005}",
     28672,         0,         0,   0.202,pymatching,1938eb02fa174e4398af57ea22b7b299d6e80e0682a4886085d64e26cc5d8b28,"{""d"":9,""model"":""phenomenological"",""p"":0.005}",
     31744,         1,         0,   0.187,pymatching,1938eb02fa174e4398af57ea22b7b299d6e80e0682a4886085d64e26cc5d8b28,"{""d"":9,""model"":""phenomenological"",""p"":0.005}",
     25600,         0,         0,   0.144,pymatching,1938eb02fa174e4398af57ea22b7b299d6e80e0682a4886085d64e26cc5d8b28,"{""d"":9,""model"":""phenomenological"",""p"":0.005}",
     28672,         0,         0,   0.203,pymatching,1938eb02fa174e4398af57ea22b7b299d6e80e0682a4886085d64e26cc5d8b28,"{""d"":9,""model"":""phenomenological"",""p"":0.005}",
     28672,         0,         0,   0.203,pymatching,1938eb02fa174e4398af57ea22b7b299d6e80e0682a4886085d64e26cc5d8b28,"{""d"":9,""model"":""phenomenological"",""p"":0.005}",
     29696,         0,         0,   0.209,pymatching,1938eb02fa174e4398af57ea22b7b299d6e80e0682a4886085d64e26cc5d8b28,"{""d"":9,""model"":""phenomenological"",""p"":0.005}",
     27648,         0,         0,   0.189,pymatching,1938eb02fa174e4398af57ea22b7b299d6e80e0682a4886085d64e26cc5d8b28,"{""d"":9,""model"":""phenomenological"",""p"":0.005}",
     23161,         0,         0,   0.157,pymatching,1938eb02fa174e4398af57ea22b7b299d6e80e0682a4886085d64e26cc5d8b28,"{""d"":9,""model"":""phenomenological"",""p"":0.005}",
      4134,         0,         0,   0.023,pymatching,1938eb02fa174e4398af57ea22b7b299d6e80e0682a4886085d64e26cc5d8b28,"{""d"":9,""model"":""phenomenological"",""p"":0.005}",
     18432,         0,         0,   0.122,pymatching,1938eb02fa174e4398af57ea22b7b299d6e80e0682a4886085d64e26cc5d8b28,"{""d"":9,""model"":""phenomenological"",""p"":0.005}",
      2579,         0,         0,   0.018,pymatching,1938eb02fa174e4398af57ea22b7b299d6e80e0682a4886085d64e26cc5d8b28,"{""d"":9,""model"":""phenomenological"",""p"":0.005}",
      1981,         0,         0,   0.012,pymatching,1938eb02fa174e4398af57ea22b7b299d6e80e0682a4886085d64e26cc5d8b28,"{""d"":9,""model"":""phenomenological"",""p"":0.005}",
      2280,         0,         0,   0.013,pymatching,1938eb02fa174e4398af57ea22b7b299d6e80e0682a4886085d64e26cc5d8b28,"{""d"":9,""model"":""phenomenological"",""p"":0.005}",
      2475,         0,         0,   0.015,pymatching,1938eb02fa174e4398af57ea22b7b299d6e80e0682a4886085d64e26cc5d8b28,"{""d"":9,""model"":""phenomenological"",""p"":0.005}",
     10641,         0,         0,   0.056,pymatching,1938eb02fa174e4398af57ea22b7b299d6e80e0682a4886085d64e26cc5d8b28,"{""d"":9,""model"":""phenomenological"",""p"":0.005}",
     10641,         0,         0,   0.055,pymatching,1938eb02fa174e4398af57ea22b7b299d6e80e0682a4886085d64e26cc5d8b28,"{""d"":9,""model"":""phenomenological"",""p"":0.005}",
     10641,         0,         0,   0.056,pymatching,1938eb02fa174e4398af57ea22b7b299d6e80e0682a4886085d64e26cc5d8b28,"{""d"":9,""model"":""phenomenological"",""p"":0.005}",
     10641,         0,         0,   0.063,pymatching,1938eb02fa174e4398af57ea22b7b299d6e80e0682a4886085d64e26cc5d8b28,"{""d"":9,""model"":""phenomenological"",""p"":0.005}",
     10641,         0,         0,   0.059,pymatching,1938eb02fa174e4398af57ea22b7b299d6e80e0682a4886085d64e26cc5d8b28,"{""d"":9,""model"":""phenomenological"",""p"":0.005}",
     10641,         0,         0,   0.061,pymatching,1938eb02fa174e4398af57ea22b7b299d6e80e0682a4886085d64e26cc5d8b28,"{""d"":9,""model"":""phenomenological"",""p"":0.005}",
     10641,         1,         0,   0.056,pymatching,1938eb02fa174e4398af57ea22b7b299d6e80e0682a4886085d64e26cc5d8b28,"{""d"":9,""model"":""phenomenological"",""p"":0.005}",
     10641,         0,         0,   0.059,pymatching,1938eb02fa174e4398af57ea22b7b299d6e80e0682a4886085d64e26cc5d8b28,"{""d"":9,""model"":""phenomenological"",""p"":0.005}",
     10641,         0,         0,   0.057,pymatching,1938eb02fa174e4398af57ea22b7b299d6e80e0682a4886085d64e26cc5d8b28,"{""d"":9,""model"":""phenomenological"",""p"":0.005}",
     10641,         0,         0,   0.055,pymatching,1938eb02fa174e4398af57ea22b7b299d6e80e0682a4886085d64e26cc5d8b28,"{""d"":9,""model"":""phenomenological"",""p"":0.005}",
     10641,         0,         0,   0.058,pymatching,1938eb02fa174e4398af57ea22b7b299d6e80e0682a4886085d64e26cc5d8b28,"{""d"":9,""model"":""phenomenological"",""p"":0.005}",
      8491,         0,         0,   0.048,pymatching,1938eb02fa174e4398af57ea22b7b299d6e80e0682a4886085d64e26cc5d8b28,"{""d"":9,""model"":""phenomenological"",""p"":0.005}",
     10641,         0,         0,   0.061,pymatching,1938eb02fa174e4398af57ea22b7b299d6e80e0682a4886085d64e26cc5d8b28,"{""d"":9,""model"":""phenomenological"",""p"":0.005}",
      7362,         0,         0,   0.035,pymatching,1938eb02fa174e4398af57ea22b7b299d6e80e0682a4886085d64e26cc5d8b28,"{""d"":9,""model"":""phenomenological"",""p"":0.005}",
      8192,         0,         0,   0.037,pymatching,1938eb02fa174e4398af57ea22b7b299d6e80e0682a4886085d64e26cc5d8b28,"{""d"":9,""model"":""phenomenological"",""p"":0.005}",
      7168,         0,         0,   0.039,pymatching,1938eb02fa174e4398af57ea22b7b299d6e80e0682a4886085d64e26cc5d8b28,"{""d"":9,""model"":""phenomenological"",""p"":0.005}",
      7168,         0,         0,   0.037,pymatching,1938eb02fa174e4398af57ea22b7b299d6e80e0682a4886085d64e26cc5d8b28,"{""d"":9,""model"":""phenomenological"",""p"":0.005}",
      7168,         0,         0,   0.046,pymatching,1938eb02fa174e4398af57ea22b7b299d6e80e0682a4886085d64e26cc5d8b28,"{""d"":9,""model"":""phenomenological"",""p"":0.005}",
      7168,         0,         0,   0.050,pymatching,1938eb02fa174e4398af57ea22b7b299d6e80e0682a4886085d64e26cc5d8b28,"{""d"":9,""model"":""phenomenological"",""p"":0.005}",
      7168,         0,         0,   0.050,pymatching,1938eb02fa174e4398af57ea22b7b299d6e80e0682a4886085d64e26cc5d8b28,"{""d"":9,""model"":""phenomenological"",""p"":0.005}",
      9755,         0,         0,   0.061,pymatching,1938eb02fa174e4398af57ea22b7b299d6e80e0682a4886085d64e26cc5d8b28,"{""d"":9,""model"":""phenomenological"",""p"":0.005}",
      9216,         0,         0,   0.059,pymatching,1938eb02fa174e4398af57ea22b7b299d6e80e0682a4886085d64e26cc5d8b28,"{""d"":9,""model"":""phenomenological"",""p"":0.005}",
      7362,         0,         0,   0.051,pymatching,1938eb02fa174e4398af57ea22b7b299d6e80e0682a4886085d64e26cc5d8b28,"{""d"":9,""model"":""phenomenological"",""p"":0.005}",
       975,         0,         0,   0.004,pymatching,1938eb02fa174e4398af57ea22b7b299d6e80e0682a4886085d64e26cc5d8b28,"{""d"":9,""model"":""phenomenological"",""p"":0.005}",
      8192,         0,         0,   0.042,pymatching,1938eb02fa174e4398af57ea22b7b299d6e80e0682a4886085d64e26cc5d8b28,"{""d"":9,""model"":""phenomenological"",""p"":0.005}",
      8192,         0,         0,   0.051,pymatching,1938eb02fa174e4398af57ea22b7b299d6e80e0682a4886085d64e26cc5d8b28,"{""d"":9,""model"":""phenomenological"",""p"":0.005}",
      7168,         0,         0,   0.042,pymatching,1938eb02fa174e4398af57ea22b7b299d6e80e0682a4886085d64e26cc5d8b28,"{""d"":9,""model"":""phenomenological"",""p"":0.005}",
       269,         0,         0,   0.001,pymatching,1938eb02fa174e4398af57ea22b7b299d6e80e0682a4886085d64e26cc5d8b28,"{""d"":9,""model"":""phenomenological"",""p"":0.005}",
      7140,         0,         0,   0.038,pymatching,1938eb02fa174e4398af57ea22b7b299d6e80e0682a4886085d64e26cc5d8b28,"{""d"":9,""model"":""phenomenological"",""p"":0.005}",
        66,         0,         0,   0.000,pymatching,1938eb02fa174e4398af57ea22b7b299d6e80e0682a4886085d64e26cc5d8b28,"{""d"":9,""model"":""phenomenological"",""p"":0.005}",
      7168,         0,         0,   0.049,pymatching,1938eb02fa174e4398af57ea22b7b299d6e80e0682a4886085d64e26cc5d8b28,"{""d"":9,""model"":""phenomenological"",""p"":0.005}",
      6987,         0,         0,   0.029,pymatching,1938eb02fa174e4398af57ea22b7b299d6e80e0682a4886085d64e26cc5d8b28,"{""d"":9,""model"":""phenomenological"",""p"":0.005}",
       968,         0,         0,   0.004,pymatching,1938eb02fa174e4398af57ea22b7b299d6e80e0682a4886085d64e26cc5d8b28,"{""d"":9,""model"":""phenomenological"",""p"":0.005}",
      7168,         0,         0,   0.041,pymatching,1938eb02fa174e4398af57ea22b7b299d6e80e0682a4886085d64e26cc5d8b28,"{""d"":9,""model"":""phenomenological"",""p"":0.005}",
       886,         0,         0,   0.005,pymatching,1938eb02fa174e4398af57ea22b7b299d6e80e0682a4886085d64e26cc5d8b28,"{""d"":9,""model"":""phenomenological"",""p"":0.005}",
      6144,         0,         0,   0.043,pymatching,1938eb02fa174e4398af57ea22b7b299d6e80e0682a4886085d64e26cc5d8b28,"{""d"":9,""model"":""phenomenological"",""p"":0.005}",
      7168,         0,         0,   0.041,pymatching,1938eb02fa174e4398af57ea22b7b299d6e80e0682a4886085d64e26cc5d8b28,"{""d"":9,""model"":""phenomenological"",""p"":0.005}",
      9216,         0,         0,   0.057,pymatching,1938eb02fa174e4398af57ea22b7b299d6e80e0682a4886085d64e26cc5d8b28,"{""d"":9,""model"":""phenomenological"",""p"":0.005}",
      1453,         0,         0,   0.008,pymatching,1938eb02fa174e4398af57ea22b7b299d6e80e0682a4886085d64e26cc5d8b28,"{""d"":9,""model"":""phenomenological"",""p"":0.005}",
      8192,         0,         0,   0.052,pymatching,1938eb02fa174e4398af57ea22b7b299d6e80e0682a4886085d64e26cc5d8b28,"{""d"":9,""model"":""phenomenological"",""p"":0.005}",
      6144,         0,         0,   0.043,pymatching,1938eb02fa174e4398af57ea22b7b299d6e80e0682a4886085d64e26cc5d8b28,"{""d"":9,""model"":""phenomenological"",""p"":0.005}",
      5866,         0,         0,   0.031,pymatching,1938eb02fa174e4398af57ea22b7b299d6e80e0682a4886085d64e26cc5d8b28,"{""d"":9,""model"":""phenomenological"",""p"":0.005}",
      1537,         0,         0,   0.007,pymatching,1938eb02fa174e4398af57ea22b7b299d6e80e0682a4886085d64e26cc5d8b28,"{""d"":9,""model"":""phenomenological"",""p"":0.005}",
      6144,         0,         0,   0.043,pymatching,1938eb02fa174e4398af57ea22b7b299d6e80e0682a4886085d64e26cc5d8b28,"{""d"":9,""model"":""phenomenological"",""p"":0.005}",
      8192,         0,         0,   0.054,pymatching,1938eb02fa174e4398af57ea22b7b299d6e80e0682a4886085d64e26cc5d8b28,"{""d"":9,""model"":""phenomenological"",""p"":0.005}",
      6144,         0,         0,   0.041,pymatching,1938eb02fa174e4398af57ea22b7b299d6e80e0682a4886085d64e26cc5d8b28,"{""d"":9,""model"":""phenomenological"",""p"":0.005}",
      6987,         0,         0,   0.049,pymatching,1938eb02fa174e4398af57ea22b7b299d6e80e0682a4886085d64e26cc5d8b28,"{""d"":9,""model"":""phenomenological"",""p"":0.005}",
      6987,         0,         0,   0.047,pymatching,1938eb02fa174e4398af57ea22b7b299d6e80e0682a4886085d64e26cc5d8b28,"{""d"":9,""model"":""phenomenological"",""p"":0.005}",
      6144,         0,         0,   0.044,pymatching,1938eb02fa174e4398af57ea22b7b299d6e80e0682a4886085d64e26cc5d8b28,"{""d"":9,""model"":""phenomenological"",""p"":0.005}",
      5120,         0,         0,   0.031,pymatching,1938eb02fa174e4398af57ea22b7b299d6e80e0682a4886085d64e26cc5d8b28,"{""d"":9,""model"":""phenomenological"",""p"":0.005}",
      5120,         0,         0,   0.026,pymatching,1938eb02fa174e4398af57ea22b7b299d6e80e0682a4886085d64e26cc5d8b28,"{""d"":9,""model"":""phenomenological"",""p"":0.005}",
      6987,         0,         0,   0.043,pymatching,1938eb02fa174e4398af57ea22b7b299d6e80e0682a4886085d64e26cc5d8b28,"{""d"":9,""model"":""phenomenological"",""p"":0.005}",
      5120,         0,         0,   0.031,pymatching,1938eb02fa174e4398af57ea22b7b299d6e80e0682a4886085d64e26cc5d8b28,"{""d"":9,""model"":""phenomenological"",""p"":0.005}",
      1718,         0,         0,   0.007,pymatching,1938eb02fa174e4398af57ea22b7b299d6e80e0682a4886085d64e26cc5d8b28,"{""d"":9,""model"":""phenomenological"",""p"":0.005}",
      5120,         0,         0,   0.035,pymatching,1938eb02fa174e4398af57ea22b7b299d6e80e0682a4886085d64e26cc5d8b28,"{""d"":9,""model"":""phenomenological"",""p"":0.005}",
      1524,         0,         0,   0.007,pymatching,1938eb02fa174e4398af57ea22b7b299d6e80e0682a4886085d64e26cc5d8b28,"{""d"":9,""model"":""phenomenological"",""p"":0.005}",
      3120,         0,         0,   0.013,pymatching,1938eb02fa174e4398af57ea22b7b299d6e80e0682a4886085d64e26cc5d8b28,"{""d"":9,""model"":""phenomenological"",""p"":0.005}",
      3072,         0,         0,   0.012,pymatching,1938eb02fa174e4398af57ea22b7b299d6e80e0682a4886085d64e26cc5d8b28,"{""d"":9,""model"":""phenomenological"",""p"":0.005}",
      5120,         0,         0,   0.031,pymatching,1938eb02fa174e4398af57ea22b7b299d6e80e0682a4886085d64e26cc5d8b28,"{""d"":9,""model"":""phenomenological"",""p"":0.005}",
      2214,         0,         0,   0.008,pymatching,1938eb02fa174e4398af57ea22b7b299d6e80e0682a4886085d64e26cc5d8b28,"{""d"":9,""model"":""phenomenological"",""p"":0.005}",
      2992,         0,         0,   0.012,pymatching,1938eb02fa174e4398af57ea22b7b299d6e80e0682a4886085d64e26cc5d8b28,"{""d"":9,""model"":""phenomenological"",""p"":0.005}",
      2573,         0,         0,   0.012,pymatching,1938eb02fa174e4398af57ea22b7b299d6e80e0682a4886085d64e26cc5d8b28,"{""d"":9,""model"":""phenomenological"",""p"":0.005}",
      2214,         0,         0,   0.013,pymatching,1938eb02fa174e4398af57ea22b7b299d6e80e0682a4886085d64e26cc5d8b28,"{""d"":9,""model"":""phenomenological"",""p"":0.005}",
      2048,         0,         0,   0.008,pymatching,1938eb02fa174e4398af57ea22b7b299d6e80e0682a4886085d64e26cc5d8b28,"{""d"":9,""model"":""phenomenological"",""p"":0.005}",
      2107,         0,         0,   0.012,pymatching,1938eb02fa174e4398af57ea22b7b299d6e80e0682a4886085d64e26cc5d8b28,"{""d"":9,""model"":""phenomenological"",""p"":0.005}",
      2048,         0,         0,   0.009,pymatching,1938eb02fa174e4398af57ea22b7b299d6e80e0682a4886085d64e26cc5d8b28,"{""d"":9,""model"":""phenomenological"",""p"":0.005}",
      3072,         0,         0,   0.016,pymatching,1938eb02fa174e4398af57ea22b7b299d6e80e0682a4886085d64e26cc5d8b28,"{""d"":9,""model"":""phenomenological"",""p"":0.005}",
      2048,         0,         0,   0.010,pymatching,1938eb02fa174e4398af57ea22b7b299d6e80e0682a4886085d64e26cc5d8b28,"{""d"":9,""model"":""phenomenological"",""p"":0.005}",
       153,         0,         0,   0.001,pymatching,1938eb02fa174e4398af57ea22b7b299d6e80e0682a4886085d64e26cc5d8b28,"{""d"":9,""model"":""phenomenological"",""p"":0.005}",
      1563,         0,         0,   0.006,pymatching,1938eb02fa174e4398af57ea22b7b299d6e80e0682a4886085d64e26cc5d8b28,"{""d"":9,""model"":""phenomenological"",""p"":0.005}",
      1651,         0,         0,   0.006,pymatching,1938eb02fa174e4398af57ea22b7b299d6e80e0682a4886085d64e26cc5d8b28,"{""d"":9,""model"":""phenomenological"",""p"":0.005}",
      2048,         0,         0,   0.009,pymatching,1938eb02fa174e4398af57ea22b7b299d6e80e0682a4886085d64e26cc5d8b28,"{""d"":9,""model"":""phenomenological"",""p"":0.005}",
      2573,         0,         0,   0.010,pymatching,1938eb02fa174e4398af57ea22b7b299d6e80e0682a4886085d64e26cc5d8b28,"{""d"":9,""model"":""phenomenological"",""p"":0.005}",
       233,         0,         0,   0.002,pymatching,1938eb02fa174e4398af57ea22b7b299d6e80e0682a4886085d64e26cc5d8b28,"{""d"":9,""model"":""phenomenological"",""p"":0.005}",
       203,         0,         0,   0.001,pymatching,1938eb02fa174e4398af57ea22b7b299d6e80e0682a4886085d64e26cc5d8b28,"{""d"":9,""model"":""phenomenological"",""p"":0.005}",
      1651,         0,         0,   0.007,pymatching,1938eb02fa174e4398af57ea22b7b299d6e80e0682a4886085d64e26cc5d8b28,"{""d"":9,""model"":""phenomenological"",""p"":0.005}",
      1589,         0,         0,   0.007,pymatching,1938eb02fa174e4398af57ea22b7b299d6e80e0682a4886085d64e26cc5d8b28,"{""d"":9,""model"":""phenomenological"",""p"":0.005}",
       215,         0,         0,   0.001,pymatching,1938eb02fa174e4398af57ea22b7b299d6e80e0682a4886085d64e26cc5d8b28,"{""d"":9,""model"":""phenomenological"",""p"":0.005}",
       380,         0,         0,   0.001,pymatching,1938eb02fa174e4398af57ea22b7b299d6e80e0682a4886085d64e26cc5d8b28,"{""d"":9,""model"":""phenomenological"",""p"":0.005}",
       486,         0,         0,   0.002,pymatching,1938eb02fa174e4398af57ea22b7b299d6e80e0682a4886085d64e26cc5d8b28,"{""d"":9,""model"":""phenomenological"",""p"":0.005}",
      2048,         0,         0,   0.009,pymatching,1938eb02fa174e4398af57ea22b7b299d6e80e0682a4886085d64e26cc5d8b28,"{""d"":9,""model"":""phenomenological"",""p"":0.005}",
      1446,         0,         0,   0.005,pymatching,1938eb02fa174e4398af57ea22b7b299d6e80e0682a4886085d64e26cc5d8b28,"{""d"":9,""model"":""phenomenological"",""p"":0.005}",
      1535,         0,         0,   0.009,pymatching,1938eb02fa174e4398af57ea22b7b299d6e80e0682a4886085d64e26cc5d8b28,"{""d"":9,""model"":""phenomenological"",""p"":0.005}",
      1589,         0,         0,   0.008,pymatching,1938eb02fa174e4398af57ea22b7b299d6e80e0682a4886085d64e26cc5d8b28,"{""d"":9,""model"":""phenomenological"",""p"":0.005}",
       996,         0,         0,   0.005,pymatching,1938eb02fa174e4398af57ea22b7b299d6e80e0682a4886085d64e26cc5d8b28,"{""d"":9,""model"":""phenomenological"",""p"":0.005}",
       424,         0,         0,   0.002,pymatching,1938eb02fa174e4398af57ea22b7b299d6e80e0682a4886085d64e26cc5d8b28,"{""d"":9,""model"":""phenomenological"",""p"":0.005}",
       876,         0,         0,   0.004,pymatching,1938eb02fa174e4398af57ea22b7b299d6e80e0682a4886085d64e26cc5d8b28,"{""d"":9,""model"":""phenomenological"",""p"":0.005}",
       843,         0,         0,   0.004,pymatching,1938eb02fa174e4398af57ea22b7b299d6e80e0682a4886085d64e26cc5d8b28,"{""d"":9,""model"":""phenomenological"",""p"":0.005}",
       323,         0,         0,   0.001,pymatching,1938eb02fa174e4398af57ea22b7b299d6e80e0682a4886085d64e26cc5d8b28,"{""d"":9,""model"":""phenomenological"",""p"":0.005}",
      1933,         0,         0,   0.011,pymatching,1938eb02fa174e4398af57ea22b7b299d6e80e0682a4886085d64e26cc5d8b28,"{""d"":9,""model"":""phenomenological"",""p"":0.005}",
      1589,         0,         0,   0.008,pymatching,1938eb02fa174e4398af57ea22b7b299d6e80e0682a4886085d64e26cc5d8b28,"{""d"":9,""model"":""phenomenological"",""p"":0.005}",
       843,         0,         0,   0.006,pymatching,1938eb02fa174e4398af57ea22b7b299d6e80e0682a4886085d64e26cc5d8b28,"{""d"":9,""model"":""phenomenological"",""p"":0.005}",
       746,         0,         0,   0.005,pymatching,1938eb02fa174e4398af57ea22b7b299d6e80e0682a4886085d64e26cc5d8b28,"{""d"":9,""model"":""phenomenological"",""p"":0.005}",
       746,         0,         0,   0.004,pymatching,1938eb02fa174e4398af57ea22b7b299d6e80e0682a4886085d64e26cc5d8b28,"{""d"":9,""model"":""phenomenological"",""p"":0.005}",
      1651,         0,         0,   0.010,pymatching,1938eb02fa174e4398af57ea22b7b299d6e80e0682a4886085d64e26cc5d8b28,"{""d"":9,""model"":""phenomenological"",""p"":0.005}",
      1868,         0,         0,   0.013,pymatching,1938eb02fa174e4398af57ea22b7b299d6e80e0682a4886085d64e26cc5d8b28,"{""d"":9,""model"":""phenomenological"",""p"":0.005}",
      1589,         0,         0,   0.009,pymatching,1938eb02fa174e4398af57ea22b7b299d6e80e0682a4886085d64e26cc5d8b28,"{""d"":9,""model"":""phenomenological"",""p"":0.005}",
      1360,         0,         0,   0.008,pymatching,1938eb02fa174e4398af57ea22b7b299d6e80e0682a4886085d64e26cc5d8b28,"{""d"":9,""model"":""phenomenological"",""p"":0.005}",
      2048,         0,         0,   0.013,pymatching,1938eb02fa174e4398af57ea22b7b299d6e80e0682a4886085d64e26cc5d8b28,"{""d"":9,""model"":""phenomenological"",""p"":0.005}",
       379,         0,         0,   0.002,pymatching,1938eb02fa174e4398af57ea22b7b299d6e80e0682a4886085d64e26cc5d8b28,"{""d"":9,""model"":""phenomenological"",""p"":0.005}",
       215,         0,         0,   0.001,pymatching,1938eb02fa174e4398af57ea22b7b299d6e80e0682a4886085d64e26cc5d8b28,"{""d"":9,""model"":""phenomenological"",""p"":0.005}",
      1933,         0,         0,   0.013,pymatching,1938eb02fa174e4398af57ea22b7b299d6e80e0682a4886085d64e26cc5d8b28,"{""d"":9,""model"":""phenomenological"",""p"":0.005}",
      2048,         0,         0,   0.014,pymatching,1938eb02fa174e4398af57ea22b7b299d6e80e0682a4886085d64e26cc5d8b28,"{""d"":9,""model"":""phenomenological"",""p"":0.005}",
       746,         0,         0,   0.003,pymatching,1938eb02fa174e4398af57ea22b7b299d6e80e0682a4886085d64e26cc5d8b28,"{""d"":9,""model"":""phenomenological"",""p"":0.005}",
      1589,         0,         0,   0.010,pymatching,1938eb02fa174e4398af57ea22b7b299d6e80e0682a4886085d64e26cc5d8b28,"{""d"":9,""model"":""phenomenological"",""p"":0.005}",
      1446,         0,         0,   0.009,pymatching,1938eb02fa174e4398af57ea22b7b299d6e80e0682a4886085d64e26cc5d8b28,"{""d"":9,""model"":""phenomenological"",""p"":0.005}",
      1024,         0,         0,   0.004,pymatching,1938eb02fa174e4398af57ea22b7b299d6e80e0682a4886085d64e26cc5d8b28,"{""d"":9,""model"":""phenomenological"",""p"":0.005}",
       746,         0,         0,   0.004,pymatching,1938eb02fa174e4398af57ea22b7b299d6e80e0682a4886085d64e26cc5d8b28,"{""d"":9,""model"":""phenomenological"",""p"":0.005}",
       546,         0,         0,   0.002,pymatching,1938eb02fa174e4398af57ea22b7b299d6e80e0682a4886085d64e26cc5d8b28,"{""d"":9,""model"":""phenomenological"",""p"":0.005}",
       502,         0,         0,   0.002,pymatching,1938eb02fa174e4398af57ea22b7b299d6e80e0682a4886085d64e26cc5d8b28,"{""d"":9,""model"":""phenomenological"",""p"":0.005}",
       525,         0,         0,   0.002,pymatching,1938eb02fa174e4398af57ea22b7b299d6e80e0682a4886085d64e26cc5d8b28,"{""d"":9,""model"":""phenomenological"",""p"":0.005}",
       621,         0,         0,   0.002,pymatching,1938eb02fa174e4398af57ea22b7b299d6e80e0682a4886085d64e26cc5d8b28,"{""d"":9,""model"":""phenomenological"",""p"":0.005}",
      1024,         0,         0,   0.004,pymatching,1938eb02fa174e4398af57ea22b7b299d6e80e0682a4886085d64e26cc5d8b28,"{""d"":9,""model"":""phenomenological"",""p"":0.005}",
        41,         0,         0,   0.001,pymatching,1938eb02fa174e4398af57ea22b7b299d6e80e0682a4886085d64e26cc5d8b28,"{""d"":9,""model"":""phenomenological"",""p"":0.005}",
       367,         0,         0,   0.002,pymatching,1938eb02fa174e4398af57ea22b7b299d6e80e0682a4886085d64e26cc5d8b28,"{""d"":9,""model"":""phenomenological"",""p"":0.005}",
       478,         0,         0,   0.002,pymatching,1938eb02fa174e4398af57ea22b7b299d6e80e0682a4886085d64e26cc5d8b28,"{""d"":9,""model"":""phenomenological"",""p"":0.005}",
        28,         0,         0,   0.000,pymatching,1938eb02fa174e4398af57ea22b7b299d6e80e0682a4886085d64e26cc5d8b28,"{""d"":9,""model"":""phenomenological"",""p"":0.005}",
       525,         0,         0,   0.002,pymatching,1938eb02fa174e4398af57ea22b7b299d6e80e0682a4886085d64e26cc5d8b28,"{""d"":9,""model"":""phenomenological"",""p"":0.005}",
       334,         0,         0,   0.002,pymatching,1938eb02fa174e4398af57ea22b7b299d6e80e0682a4886085d64e26cc5d8b28,"{""d"":9,""model"":""phenomenological"",""p"":0.005}",
       247,         0,         0,   0.001,pymatching,1938eb02fa174e4398af57ea22b7b299d6e80e0682a4886085d64e26cc5d8b28,"{""d"":9,""model"":""phenomenological"",""p"":0.005}",
       936,         0,         0,   0.005,pymatching,1938eb02fa174e4398af57ea22b7b299d6e80e0682a4886085d64e26cc5d8b28,"{""d"":9,""model"":""phenomenological"",""p"":0.005}",
        35,         0,         0,   0.000,pymatching,1938eb02fa174e4398af57ea22b7b299d6e80e0682a4886085d64e26cc5d8b28,"{""d"":9,""model"":""phenomenological"",""p"":0.005}",
      1024,         0,         0,   0.004,pymatching,1938eb02fa174e4398af57ea22b7b299d6e80e0682a4886085d64e26cc5d8b28,"{""d"":9,""model"":""phenomenological"",""p"":0.005}",
       334,         0,         0,   0.001,pymatching,1938eb02fa174e4398af57ea22b7b299d6e80e0682a4886085d64e26cc5d8b28,"{""d"":9,""model"":""phenomenological"",""p"":0.005}",
        59,         0,         0,   0.001,pymatching,1938eb02fa174e4398af57ea22b7b299d6e80e0682a4886085d64e26cc5d8b28,"{""d"":9,""model"":""phenomenological"",""p"":0.005}",
        35,         0,         0,   0.000,pymatching,1938eb02fa174e4398af57ea22b7b299d6e80e0682a4886085d64e26cc5d8b28,"{""d"":9,""model"":""phenomenological"",""p"":0.005}",
        33,         0,         0,   0.000,pymatching,1938eb02fa174e4398af57ea22b7b299d6e80e0682a4886085d64e26cc5d8b28,"{""d"":9,""model"":""phenomenological"",""p"":0.005}",
       829,         0,         0,   0.003,pymatching,1938eb02fa174e4398af57ea22b7b299d6e80e0682a4886085d64e26cc5d8b28,"{""d"":9,""model"":""phenomenological"",""p"":0.005}",
        23,         0,         0,   0.000,pymatching,1938eb02fa174e4398af57ea22b7b299d6e80e0682a4886085d64e26cc5d8b28,"{""d"":9,""model"":""phenomenological"",""p"":0.005}",
        25,         0,         0,   0.000,pymatching,1938eb02fa174e4398af57ea22b7b299d6e80e0682a4886085d64e26cc5d8b28,"{""d"":9,""model"":""phenomenological"",""p"":0.005}",
        12,         0,         0,   0.000,pymatching,1938eb02fa174e4398af57ea22b7b299d6e80e0682a4886085d64e26cc5d8b28,"{""d"":9,""model"":""phenomenological"",""p"":0.005}",
      1024,         0,         0,   0.006,pymatching,1938eb02fa174e4398af57ea22b7b299d6e80e0682a4886085d64e26cc5d8b28,"{""d"":9,""model"":""phenomenological"",""p"":0.005}",
        23,         0,         0,   0.000,pymatching,1938eb02fa174e4398af57ea22b7b299d6e80e0682a4886085d64e26cc5d8b28,"{""d"":9,""model"":""phenomenological"",""p"":0.005}",
       205,         0,         0,   0.001,pymatching,1938eb02fa174e4398af57ea22b7b299d6e80e0682a4886085d64e26cc5d8b28,"{""d"":9,""model"":""phenomenological"",""p"":0.005}",
      1024,         0,         0,   0.005,pymatching,1938eb02fa174e4398af57ea22b7b299d6e80e0682a4886085d64e26cc5d8b28,"{""d"":9,""model"":""phenomenological"",""p"":0.005}",
        32,         0,         0,   0.000,pymatching,1938eb02fa174e4398af57ea22b7b299d6e80e0682a4886085d64e26cc5d8b28,"{""d"":9,""model"":""phenomenological"",""p"":0.005}",
       139,         0,         0,   0.001,pymatching,1938eb02fa174e4398af57ea22b7b299d6e80e0682a4886085d64e26cc5d8b28,"{""d"":9,""model"":""phenomenological"",""p"":0.005}",
         7,         0,         0,   0.000,pymatching,1938eb02fa174e4398af57ea22b7b299d6e80e0682a4886085d64e26cc5d8b28,"{""d"":9,""model"":""phenomenological"",""p"":0.005}",
        14,         0,         0,   0.000,pymatching,1938eb02fa174e4398af57ea22b7b299d6e80e0682a4886085d64e26cc5d8b28,"{""d"":9,""model"":""phenomenological"",""p"":0.005}",
      1010,         0,         0,   0.005,pymatching,1938eb02fa174e4398af57ea22b7b299d6e80e0682a4886085d64e26cc5d8b28,"{""d"":9,""model"":""phenomenological"",""p"":0.005}",
       267,         0,         0,   0.001,pymatching,1938eb02fa174e4398af57ea22b7b299d6e80e0682a4886085d64e26cc5d8b28,"{""d"":9,""model"":""phenomenological"",""p"":0.005}",
         4,         0,         0,   0.000,pymatching,1938eb02fa174e4398af57ea22b7b299d6e80e0682a4886085d64e26cc5d8b28,"{""d"":9,""model"":""phenomenological"",""p"":0.005}",
        10,         0,         0,   0.000,pymatching,1938eb02fa174e4398af57ea22b7b299d6e80e0682a4886085d64e26cc5d8b28,"{""d"":9,""model"":""phenomenological"",""p"":0.005}",
         6,         0,         0,   0.000,pymatching,1938eb02fa174e4398af57ea22b7b299d6e80e0682a4886085d64e26cc5d8b28,"{""d"":9,""model"":""phenomenological"",""p"":0.005}",
       158,         0,         0,   0.001,pymatching,1938eb02fa174e4398af57ea22b7b299d6e80e0682a4886085d64e26cc5d8b28,"{""d"":9,""model"":""phenomenological"",""p"":0.005}",
        10,         0,         0,   0.000,pymatching,1938eb02fa174e4398af57ea22b7b299d6e80e0682a4886085d64e26cc5d8b28,"{""d"":9,""model"":""phenomenological"",""p"":0.005}",
       110,         0,         0,   0.000,pymatching,1938eb02fa174e4398af57ea22b7b299d6e80e0682a4886085d64e26cc5d8b28,"{""d"":9,""model"":""phenomenological"",""p"":0.005}",
        67,         0,         0,   0.000,pymatching,1938eb02fa174e4398af57ea22b7b299d6e80e0682a4886085d64e26cc5d8b28,"{""d"":9,""model"":""phenomenological"",""p"":0.005}",
        16,         0,         0,   0.000,pymatching,1938eb02fa174e4398af57ea22b7b299d6e80e0682a4886085d64e26cc5d8b28,"{""d"":9,""model"":""phenomenological"",""p"":0.005}",
        62,         0,         0,   0.001,pymatching,1938eb02fa174e4398af57ea22b7b299d6e80e0682a4886085d64e26cc5d8b28,"{""d"":9,""model"":""phenomenological"",""p"":0.005}",
        11,         0,         0,   0.000,pymatching,1938eb02fa174e4398af57ea22b7b299d6e80e0682a4886085d64e26cc5d8b28,"{""d"":9,""model"":""phenomenological"",""p"":0.005}",
         3,         0,         0,   0.000,pymatching,1938eb02fa174e4398af57ea22b7b299d6e80e0682a4886085d64e26cc5d8b28,"{""d"":9,""model"":""phenomenological"",""p"":0.005}",
         1,         0,         0,   0.000,pymatching,1938eb02fa174e4398af57ea22b7b299d6e80e0682a4886085d64e26cc5d8b28,"{""d"":9,""model"":""phenomenological"",""p"":0.005}",
         1,         0,         0,   0.000,pymatching,1938eb02fa174e4398af57ea22b7b299d6e80e0682a4886085d64e26cc5d8b28,"{""d"":9,""model"":""phenomenological"",""p"":0.005}",
         1,         0,         0,   0.000,pymatching,1938eb02fa174e4398af57ea22b7b299d6e80e0682a4886085d64e26cc5d8b28,"{""d"":9,""model"":""phenomenological"",""p"":0.005}",
         1,         0,         0,   0.000,pymatching,1938eb02fa174e4398af57ea22b7b299d6e80e0682a4886085d64e26cc5d8b28,"{""d"":9,""model"":""phenomenological"",""p"":0.005}",
         4,         0,         0,   0.000,pymatching,1938eb02fa174e4398af57ea22b7b299d6e80e0682a4886085d64e26cc5d8b28,"{""d"":9,""model"":""phenomenological"",""p"":0.005}",
         3,         0,         0,   0.000,pymatching,1938eb02fa174e4398af57ea22b7b299d6e80e0682a4886085d64e26cc5d8b28,"{""d"":9,""model"":""phenomenological"",""p"":0.005}",
         1,         0,         0,   0.000,pymatching,1938eb02fa174e4398af57ea22b7b299d6e80e0682a4886085d64e26cc5d8b28,"{""d"":9,""model"":""phenomenological"",""p"":0.005}",
         1,         0,         0,   0.000,pymatching,1938eb02fa174e4398af57ea22b7b299d6e80e0682a4886085d64e26cc5d8b28,"{""d"":9,""model"":""phenomenological"",""p"":0.005}",
         1,         0,         0,   0.000,pymatching,1938eb02fa174e4398af57ea22b7b299d6e80e0682a4886085d64e26cc5d8b28,"{""d"":9,""model"":""phenomenological"",""p"":0.005}",
         1,         0,         0,   0.000,pymatching,1938eb02fa174e4398af57ea22b7b299d6e80e0682a4886085d64e26cc5d8b28,"{""d"":9,""model"":""phenomenological"",""p"":0.005}",
         1,         0,         0,   0.000,pymatching,1938eb02fa174e4398af57ea22b7b299d6e80e0682a4886085d64e26cc5d8b28,"{""d"":9,""model"":""phenomenological"",""p"":0.005}",
         1,         0,         0,   0.000,pymatching,1938eb02fa174e4398af57ea22b7b299d6e80e0682a4886085d64e26cc5d8b28,"{""d"":9,""model"":""phenomenological"",""p"":0.005}",
         1,         0,         0,   0.000,pymatching,1938eb02fa174e4398af57ea22b7b299d6e80e0682a4886085d64e26cc5d8b28,"{""d"":9,""model"":""phenomenological"",""p"":0.005}",
         1,         0,         0,   0.000,pymatching,1938eb02fa174e4398af57ea22b7b299d6e80e0682a4886085d64e26cc5d8b28,"{""d"":9,""model"":""phenomenological"",""p"":0.005}",
         1,         0,         0,   0.000,pymatching,1938eb02fa174e4398af57ea22b7b299d6e80e0682a4886085d64e26cc5d8b28,"{""d"":9,""model"":""phenomenological"",""p"":0.005}",
         1,         0,         0,   0.000,pymatching,1938eb02fa174e4398af57ea22b7b299d6e80e0682a4886085d64e26cc5d8b28,"{""d"":9,""model"":""phenomenological"",""p"":0.005}",
         1,         0,         0,   0.000,pymatching,1938eb02fa174e4398af57ea22b7b299d6e80e0682a4886085d64e26cc5d8b28,"{""d"":9,""model"":""phenomenological"",""p"":0.005}",
         1,         0,         0,   0.000,pymatching,1938eb02fa174e4398af57ea22b7b299d6e80e0682a4886085d64e26cc5d8b28,"{""d"":9,""model"":""phenomenological"",""p"":0.005}",
         1,         0,         0,   0.000,pymatching,1938eb02fa174e4398af57ea22b7b299d6e80e0682a4886085d64e26cc5d8b28,"{""d"":9,""model"":""phenomenological"",""p"":0.005}",
